Downloading https://services.gradle.org/distributions/gradle-8.4-bin.zip
............10%............20%.............30%............40%.............50%............60%.............70%............80%.............90%............100%
Initialized native services in: /home/runner/.gradle/native
Initialized jansi services in: /home/runner/.gradle/native

Welcome to Gradle 8.4!

Here are the highlights of this release:
 - Compiling and testing with Java 21
 - Faster Java compilation on Windows
 - Role focused dependency configurations creation

For more details see https://docs.gradle.org/8.4/release-notes.html

Received JVM installation metadata from '/usr/lib/jvm/temurin-17-jdk-amd64': {JAVA_HOME=/usr/lib/jvm/temurin-17-jdk-amd64, JAVA_VERSION=17.0.19, JAVA_VENDOR=Eclipse Adoptium, RUNTIME_NAME=OpenJDK Runtime Environment, RUNTIME_VERSION=17.0.19+10, VM_NAME=OpenJDK 64-Bit Server VM, VM_VERSION=17.0.19+10, VM_VENDOR=Eclipse Adoptium, OS_ARCH=amd64}
Checking if the launcher JVM can be re-used for build. To be re-used, the launcher JVM needs to match the parameters required for the build process: --add-opens=java.base/java.util=ALL-UNNAMED --add-opens=java.base/java.lang=ALL-UNNAMED --add-opens=java.base/java.lang.invoke=ALL-UNNAMED --add-opens=java.prefs/java.util.prefs=ALL-UNNAMED --add-opens=java.base/java.nio.charset=ALL-UNNAMED --add-opens=java.base/java.net=ALL-UNNAMED --add-opens=java.base/java.util.concurrent.atomic=ALL-UNNAMED -Xmx2048m -Dfile.encoding=UTF-8 -Duser.country -Duser.language=en -Duser.variant
To honour the JVM settings for this build a single-use Daemon process will be forked. For more on this, please refer to https://docs.gradle.org/8.4/userguide/gradle_daemon.html#sec:disabling_the_daemon in the Gradle documentation.
Starting process 'Gradle build daemon'. Working directory: /home/runner/.gradle/daemon/8.4 Command: /usr/lib/jvm/temurin-17-jdk-amd64/bin/java --add-opens=java.base/java.util=ALL-UNNAMED --add-opens=java.base/java.lang=ALL-UNNAMED --add-opens=java.base/java.lang.invoke=ALL-UNNAMED --add-opens=java.prefs/java.util.prefs=ALL-UNNAMED --add-opens=java.base/java.nio.charset=ALL-UNNAMED --add-opens=java.base/java.net=ALL-UNNAMED --add-opens=java.base/java.util.concurrent.atomic=ALL-UNNAMED -Xmx2048m -Dfile.encoding=UTF-8 -Duser.country -Duser.language=en -Duser.variant -cp /home/runner/.gradle/wrapper/dists/gradle-8.4-bin/1w5dpkrfk8irigvoxmyhowfim/gradle-8.4/lib/gradle-launcher-8.4.jar -javaagent:/home/runner/.gradle/wrapper/dists/gradle-8.4-bin/1w5dpkrfk8irigvoxmyhowfim/gradle-8.4/lib/agents/gradle-instrumentation-agent-8.4.jar org.gradle.launcher.daemon.bootstrap.GradleDaemon 8.4
Successfully started process 'Gradle build daemon'
An attempt to start the daemon took 0.975 secs.
The client will now receive all logging from the daemon (pid: 2763). The daemon log file: /home/runner/.gradle/daemon/8.4/daemon-2763.out.log
Closing daemon's stdin at end of input.
The daemon will no longer process any standard input.
Daemon will be stopped at the end of the build 
Using 4 worker leases.
Received JVM installation metadata from '/usr/lib/jvm/temurin-17-jdk-amd64': {JAVA_HOME=/usr/lib/jvm/temurin-17-jdk-amd64, JAVA_VERSION=17.0.19, JAVA_VENDOR=Eclipse Adoptium, RUNTIME_NAME=OpenJDK Runtime Environment, RUNTIME_VERSION=17.0.19+10, VM_NAME=OpenJDK 64-Bit Server VM, VM_VERSION=17.0.19+10, VM_VENDOR=Eclipse Adoptium, OS_ARCH=amd64}
Watching the file system is configured to be enabled if available
Now considering [/home/runner/work/vcg-lang/vcg-lang/editor/android] as hierarchies to watch
File system watching is active
Starting Build
Settings evaluated using settings file '/home/runner/work/vcg-lang/vcg-lang/editor/android/settings.gradle'.
Projects loaded. Root project using build file '/home/runner/work/vcg-lang/vcg-lang/editor/android/build.gradle'.
Included projects: [root project 'VCG Editor', project ':app']

> Configure project :
Evaluating root project 'VCG Editor' using build file '/home/runner/work/vcg-lang/vcg-lang/editor/android/build.gradle'.
Downloading https://dl.google.com/dl/android/maven2/com/android/tools/build/gradle-settings-api/8.2.2/gradle-settings-api-8.2.2.jar to /home/runner/.gradle/.tmp/gradle_download8839753546222186259bin
Downloading https://dl.google.com/dl/android/maven2/com/android/tools/build/builder/8.2.2/builder-8.2.2.jar to /home/runner/.gradle/.tmp/gradle_download6883560980842300061bin
Downloading https://dl.google.com/dl/android/maven2/com/android/tools/build/gradle/8.2.2/gradle-8.2.2.jar to /home/runner/.gradle/.tmp/gradle_download9455199118510077515bin
Downloading https://dl.google.com/dl/android/maven2/com/android/tools/lint/lint-model/31.2.2/lint-model-31.2.2.jar to /home/runner/.gradle/.tmp/gradle_download773320585082244214bin
Downloading https://dl.google.com/dl/android/maven2/com/android/tools/build/manifest-merger/31.2.2/manifest-merger-31.2.2.jar to /home/runner/.gradle/.tmp/gradle_download1224871803593249041bin
Downloading https://dl.google.com/dl/android/maven2/com/android/tools/sdk-common/31.2.2/sdk-common-31.2.2.jar to /home/runner/.gradle/.tmp/gradle_download3480923407137835079bin
Downloading https://dl.google.com/dl/android/maven2/com/android/tools/sdklib/31.2.2/sdklib-31.2.2.jar to /home/runner/.gradle/.tmp/gradle_download17160808851880025469bin
Downloading https://dl.google.com/dl/android/maven2/com/android/tools/build/gradle-api/8.2.2/gradle-api-8.2.2.jar to /home/runner/.gradle/.tmp/gradle_download7317887339521016218bin
Downloading https://dl.google.com/dl/android/maven2/com/android/tools/repository/31.2.2/repository-31.2.2.jar to /home/runner/.gradle/.tmp/gradle_download14641940766794296746bin
Downloading https://dl.google.com/dl/android/maven2/com/android/tools/build/builder-test-api/8.2.2/builder-test-api-8.2.2.jar to /home/runner/.gradle/.tmp/gradle_download6267039930361275939bin
Downloading https://dl.google.com/dl/android/maven2/com/android/tools/build/aaptcompiler/8.2.2/aaptcompiler-8.2.2.jar to /home/runner/.gradle/.tmp/gradle_download14331148725547486208bin
Downloading https://dl.google.com/dl/android/maven2/com/android/tools/ddms/ddmlib/31.2.2/ddmlib-31.2.2.jar to /home/runner/.gradle/.tmp/gradle_download6791335224820502208bin
Downloading https://dl.google.com/dl/android/maven2/com/android/tools/build/bundletool/1.15.2/bundletool-1.15.2.jar to /home/runner/.gradle/.tmp/gradle_download11540829399895552181bin
Downloading https://dl.google.com/dl/android/maven2/com/android/tools/analytics-library/crash/31.2.2/crash-31.2.2.jar to /home/runner/.gradle/.tmp/gradle_download8933487804587844031bin
Downloading https://dl.google.com/dl/android/maven2/com/android/tools/build/aapt2-proto/8.2.2-10154469/aapt2-proto-8.2.2-10154469.jar to /home/runner/.gradle/.tmp/gradle_download5671884994948917723bin
Downloading https://dl.google.com/dl/android/maven2/com/android/tools/analytics-library/shared/31.2.2/shared-31.2.2.jar to /home/runner/.gradle/.tmp/gradle_download8694829124608281650bin
Downloading https://dl.google.com/dl/android/maven2/com/android/tools/lint/lint-typedef-remover/31.2.2/lint-typedef-remover-31.2.2.jar to /home/runner/.gradle/.tmp/gradle_download1525024249374214278bin
Downloading https://dl.google.com/dl/android/maven2/com/android/tools/analytics-library/tracker/31.2.2/tracker-31.2.2.jar to /home/runner/.gradle/.tmp/gradle_download14773343468489776698bin
Downloading https://dl.google.com/dl/android/maven2/androidx/databinding/databinding-common/8.2.2/databinding-common-8.2.2.jar to /home/runner/.gradle/.tmp/gradle_download15060383235198544498bin
Downloading https://dl.google.com/dl/android/maven2/androidx/databinding/databinding-compiler-common/8.2.2/databinding-compiler-common-8.2.2.jar to /home/runner/.gradle/.tmp/gradle_download3051304355222559333bin
Downloading https://dl.google.com/dl/android/maven2/com/android/databinding/baseLibrary/8.2.2/baseLibrary-8.2.2.jar to /home/runner/.gradle/.tmp/gradle_download15068676501875962786bin
Downloading https://dl.google.com/dl/android/maven2/com/android/tools/layoutlib/layoutlib-api/31.2.2/layoutlib-api-31.2.2.jar to /home/runner/.gradle/.tmp/gradle_download11619098580200207031bin
Downloading https://dl.google.com/dl/android/maven2/com/android/tools/utp/android-device-provider-ddmlib-proto/31.2.2/android-device-provider-ddmlib-proto-31.2.2.jar to /home/runner/.gradle/.tmp/gradle_download873531455612136279bin
Downloading https://dl.google.com/dl/android/maven2/com/android/tools/utp/android-test-plugin-host-additional-test-output-proto/31.2.2/android-test-plugin-host-additional-test-output-proto-31.2.2.jar to /home/runner/.gradle/.tmp/gradle_download1497035054554463779bin
Downloading https://dl.google.com/dl/android/maven2/com/android/tools/utp/android-device-provider-gradle-proto/31.2.2/android-device-provider-gradle-proto-31.2.2.jar to /home/runner/.gradle/.tmp/gradle_download17333834915789574609bin
Downloading https://dl.google.com/dl/android/maven2/com/android/tools/utp/android-test-plugin-host-coverage-proto/31.2.2/android-test-plugin-host-coverage-proto-31.2.2.jar to /home/runner/.gradle/.tmp/gradle_download6397248683708583368bin
Downloading https://dl.google.com/dl/android/maven2/com/android/tools/utp/android-test-plugin-host-emulator-control-proto/31.2.2/android-test-plugin-host-emulator-control-proto-31.2.2.jar to /home/runner/.gradle/.tmp/gradle_download3340569581058081779bin
Downloading https://dl.google.com/dl/android/maven2/com/android/tools/utp/android-test-plugin-host-retention-proto/31.2.2/android-test-plugin-host-retention-proto-31.2.2.jar to /home/runner/.gradle/.tmp/gradle_download17823133591112668420bin
Downloading https://dl.google.com/dl/android/maven2/com/android/tools/utp/android-test-plugin-host-apk-installer-proto/31.2.2/android-test-plugin-host-apk-installer-proto-31.2.2.jar to /home/runner/.gradle/.tmp/gradle_download9686253967160875779bin
Downloading https://dl.google.com/dl/android/maven2/com/android/tools/dvlib/31.2.2/dvlib-31.2.2.jar to /home/runner/.gradle/.tmp/gradle_download12922902399078635719bin
Downloading https://dl.google.com/dl/android/maven2/com/android/tools/utp/android-test-plugin-result-listener-gradle-proto/31.2.2/android-test-plugin-result-listener-gradle-proto-31.2.2.jar to /home/runner/.gradle/.tmp/gradle_download12911888718332578843bin
Downloading https://dl.google.com/dl/android/maven2/com/android/tools/utp/android-test-plugin-host-logcat-proto/31.2.2/android-test-plugin-host-logcat-proto-31.2.2.jar to /home/runner/.gradle/.tmp/gradle_download5155613969898049964bin
Downloading https://dl.google.com/dl/android/maven2/com/android/tools/common/31.2.2/common-31.2.2.jar to /home/runner/.gradle/.tmp/gradle_download3990289070655620363bin
Downloading https://dl.google.com/dl/android/maven2/com/android/tools/build/transform-api/2.0.0-deprecated-use-gradle-api/transform-api-2.0.0-deprecated-use-gradle-api.jar to /home/runner/.gradle/.tmp/gradle_download1240034589384029517bin
Downloading https://dl.google.com/dl/android/maven2/com/android/tools/build/builder-model/8.2.2/builder-model-8.2.2.jar to /home/runner/.gradle/.tmp/gradle_download9699152076895183485bin
Downloading https://dl.google.com/dl/android/maven2/com/android/tools/build/jetifier/jetifier-processor/1.0.0-beta10/jetifier-processor-1.0.0-beta10.jar to /home/runner/.gradle/.tmp/gradle_download12678072255742091758bin
Downloading https://repo.maven.apache.org/maven2/org/jetbrains/kotlin/kotlin-stdlib-jdk8/1.9.0/kotlin-stdlib-jdk8-1.9.0.jar to /home/runner/.gradle/.tmp/gradle_download11706527306845611552bin
Downloading https://repo.maven.apache.org/maven2/org/apache/httpcomponents/httpmime/4.5.6/httpmime-4.5.6.jar to /home/runner/.gradle/.tmp/gradle_download5234716762186785807bin
Downloading https://repo.maven.apache.org/maven2/commons-io/commons-io/2.4/commons-io-2.4.jar to /home/runner/.gradle/.tmp/gradle_download1770445034319008161bin
Downloading https://repo.maven.apache.org/maven2/org/ow2/asm/asm-commons/9.2/asm-commons-9.2.jar to /home/runner/.gradle/.tmp/gradle_download15903487543612040820bin
Downloading https://repo.maven.apache.org/maven2/org/ow2/asm/asm-util/9.2/asm-util-9.2.jar to /home/runner/.gradle/.tmp/gradle_download5783651515376414601bin
Downloading https://repo.maven.apache.org/maven2/org/ow2/asm/asm-analysis/9.2/asm-analysis-9.2.jar to /home/runner/.gradle/.tmp/gradle_download1102938547506177443bin
Downloading https://repo.maven.apache.org/maven2/org/ow2/asm/asm-tree/9.2/asm-tree-9.2.jar to /home/runner/.gradle/.tmp/gradle_download2316926977084076584bin
Downloading https://repo.maven.apache.org/maven2/org/ow2/asm/asm/9.2/asm-9.2.jar to /home/runner/.gradle/.tmp/gradle_download5886038935195925727bin
Downloading https://dl.google.com/dl/android/maven2/com/android/tools/build/apkzlib/8.2.2/apkzlib-8.2.2.jar to /home/runner/.gradle/.tmp/gradle_download12516069393320971768bin
Downloading https://repo.maven.apache.org/maven2/org/bouncycastle/bcpkix-jdk15on/1.67/bcpkix-jdk15on-1.67.jar to /home/runner/.gradle/.tmp/gradle_download1395210869947117215bin
Downloading https://repo.maven.apache.org/maven2/org/glassfish/jaxb/jaxb-runtime/2.3.2/jaxb-runtime-2.3.2.jar to /home/runner/.gradle/.tmp/gradle_download13763810888911879140bin
Downloading https://repo.maven.apache.org/maven2/net/sf/jopt-simple/jopt-simple/4.9/jopt-simple-4.9.jar to /home/runner/.gradle/.tmp/gradle_download11050661089011394226bin
Downloading https://dl.google.com/dl/android/maven2/com/android/tools/build/jetifier/jetifier-core/1.0.0-beta10/jetifier-core-1.0.0-beta10.jar to /home/runner/.gradle/.tmp/gradle_download2897061784637301705bin
Downloading https://repo.maven.apache.org/maven2/com/squareup/javapoet/1.10.0/javapoet-1.10.0.jar to /home/runner/.gradle/.tmp/gradle_download14920208132962459808bin
Downloading https://repo.maven.apache.org/maven2/com/google/protobuf/protobuf-java-util/3.19.3/protobuf-java-util-3.19.3.jar to /home/runner/.gradle/.tmp/gradle_download16484316643763060126bin
Downloading https://repo.maven.apache.org/maven2/io/grpc/grpc-protobuf/1.45.1/grpc-protobuf-1.45.1.jar to /home/runner/.gradle/.tmp/gradle_download6396752521361365029bin
Downloading https://repo.maven.apache.org/maven2/com/google/api/grpc/proto-google-common-protos/2.0.1/proto-google-common-protos-2.0.1.jar to /home/runner/.gradle/.tmp/gradle_download7457395491575091707bin
Downloading https://repo.maven.apache.org/maven2/com/google/crypto/tink/tink/1.7.0/tink-1.7.0.jar to /home/runner/.gradle/.tmp/gradle_download17827800955996223735bin
Downloading https://dl.google.com/dl/android/maven2/com/android/tools/analytics-library/protos/31.2.2/protos-31.2.2.jar to /home/runner/.gradle/.tmp/gradle_download16123830041000143970bin
Downloading https://repo.maven.apache.org/maven2/com/google/protobuf/protobuf-java/3.19.3/protobuf-java-3.19.3.jar to /home/runner/.gradle/.tmp/gradle_download12286873955828362887bin
Downloading https://repo.maven.apache.org/maven2/io/grpc/grpc-netty/1.45.1/grpc-netty-1.45.1.jar to /home/runner/.gradle/.tmp/gradle_download1127690047016957851bin
Downloading https://repo.maven.apache.org/maven2/io/grpc/grpc-core/1.45.1/grpc-core-1.45.1.jar to /home/runner/.gradle/.tmp/gradle_download8704115774990894575bin
Downloading https://repo.maven.apache.org/maven2/io/grpc/grpc-stub/1.45.1/grpc-stub-1.45.1.jar to /home/runner/.gradle/.tmp/gradle_download16408667190622083736bin
Downloading https://repo.maven.apache.org/maven2/com/google/code/gson/gson/2.10/gson-2.10.jar to /home/runner/.gradle/.tmp/gradle_download7520125797988105846bin
Downloading https://dl.google.com/dl/android/maven2/com/google/testing/platform/core-proto/0.0.8-alpha08/core-proto-0.0.8-alpha08.jar to /home/runner/.gradle/.tmp/gradle_download6347203374522365774bin
Downloading https://repo.maven.apache.org/maven2/com/google/flatbuffers/flatbuffers-java/1.12.0/flatbuffers-java-1.12.0.jar to /home/runner/.gradle/.tmp/gradle_download9857113812950589140bin
Downloading https://repo.maven.apache.org/maven2/org/tensorflow/tensorflow-lite-metadata/0.1.0-rc2/tensorflow-lite-metadata-0.1.0-rc2.jar to /home/runner/.gradle/.tmp/gradle_download8733459577373559691bin
Downloading https://repo.maven.apache.org/maven2/com/google/jimfs/jimfs/1.1/jimfs-1.1.jar to /home/runner/.gradle/.tmp/gradle_download11255500440609334828bin
Downloading https://repo.maven.apache.org/maven2/io/grpc/grpc-protobuf-lite/1.45.1/grpc-protobuf-lite-1.45.1.jar to /home/runner/.gradle/.tmp/gradle_download13889331777019758136bin
Downloading https://repo.maven.apache.org/maven2/io/grpc/grpc-api/1.45.1/grpc-api-1.45.1.jar to /home/runner/.gradle/.tmp/gradle_download291929045866110282bin
Downloading https://repo.maven.apache.org/maven2/com/google/guava/guava/31.1-jre/guava-31.1-jre.jar to /home/runner/.gradle/.tmp/gradle_download15880511889030273529bin
Downloading https://repo.maven.apache.org/maven2/com/google/dagger/dagger/2.28.3/dagger-2.28.3.jar to /home/runner/.gradle/.tmp/gradle_download3228723190887100816bin
Downloading https://repo.maven.apache.org/maven2/javax/inject/javax.inject/1/javax.inject-1.jar to /home/runner/.gradle/.tmp/gradle_download6058666608295811844bin
Downloading https://repo.maven.apache.org/maven2/net/sf/kxml/kxml2/2.3.0/kxml2-2.3.0.jar to /home/runner/.gradle/.tmp/gradle_download5373689226915128427bin
Downloading https://repo.maven.apache.org/maven2/org/bouncycastle/bcprov-jdk15on/1.67/bcprov-jdk15on-1.67.jar to /home/runner/.gradle/.tmp/gradle_download12928632028691661751bin
Downloading https://repo.maven.apache.org/maven2/org/jetbrains/intellij/deps/trove4j/1.0.20200330/trove4j-1.0.20200330.jar to /home/runner/.gradle/.tmp/gradle_download12327830005024874434bin
Downloading https://repo.maven.apache.org/maven2/org/jetbrains/kotlin/kotlin-reflect/1.9.0/kotlin-reflect-1.9.0.jar to /home/runner/.gradle/.tmp/gradle_download8462608544819706688bin
Downloading https://repo.maven.apache.org/maven2/xerces/xercesImpl/2.12.0/xercesImpl-2.12.0.jar to /home/runner/.gradle/.tmp/gradle_download15355867806679869814bin
Downloading https://repo.maven.apache.org/maven2/org/apache/commons/commons-compress/1.21/commons-compress-1.21.jar to /home/runner/.gradle/.tmp/gradle_download6418505154230335340bin
Downloading https://repo.maven.apache.org/maven2/org/apache/httpcomponents/httpclient/4.5.14/httpclient-4.5.14.jar to /home/runner/.gradle/.tmp/gradle_download17712701683107990623bin
Downloading https://repo.maven.apache.org/maven2/org/apache/httpcomponents/httpcore/4.4.16/httpcore-4.4.16.jar to /home/runner/.gradle/.tmp/gradle_download7748935272014822667bin
Downloading https://repo.maven.apache.org/maven2/com/sun/activation/javax.activation/1.2.0/javax.activation-1.2.0.jar to /home/runner/.gradle/.tmp/gradle_download13172081404456403058bin
Downloading https://repo.maven.apache.org/maven2/org/jetbrains/kotlin/kotlin-stdlib-jdk7/1.9.0/kotlin-stdlib-jdk7-1.9.0.jar to /home/runner/.gradle/.tmp/gradle_download717108832505149136bin
Downloading https://repo.maven.apache.org/maven2/org/jetbrains/kotlin/kotlin-stdlib/1.9.0/kotlin-stdlib-1.9.0.jar to /home/runner/.gradle/.tmp/gradle_download1565608937155886237bin
Downloading https://repo.maven.apache.org/maven2/org/jetbrains/annotations/13.0/annotations-13.0.jar to /home/runner/.gradle/.tmp/gradle_download15959530110264721862bin
Downloading https://dl.google.com/dl/android/maven2/com/android/zipflinger/8.2.2/zipflinger-8.2.2.jar to /home/runner/.gradle/.tmp/gradle_download18300890911004615211bin
Downloading https://dl.google.com/dl/android/maven2/com/android/tools/annotations/31.2.2/annotations-31.2.2.jar to /home/runner/.gradle/.tmp/gradle_download9272498013140697990bin
Downloading https://repo.maven.apache.org/maven2/net/java/dev/jna/jna-platform/5.6.0/jna-platform-5.6.0.jar to /home/runner/.gradle/.tmp/gradle_download16889945580731307642bin
Downloading https://repo.maven.apache.org/maven2/javax/annotation/javax.annotation-api/1.3.2/javax.annotation-api-1.3.2.jar to /home/runner/.gradle/.tmp/gradle_download13273212889209927049bin
Downloading https://dl.google.com/dl/android/maven2/com/android/signflinger/8.2.2/signflinger-8.2.2.jar to /home/runner/.gradle/.tmp/gradle_download8525236722425124584bin
Downloading https://repo.maven.apache.org/maven2/com/googlecode/juniversalchardet/juniversalchardet/1.0.3/juniversalchardet-1.0.3.jar to /home/runner/.gradle/.tmp/gradle_download3749050720690563460bin
Downloading https://repo.maven.apache.org/maven2/org/jvnet/staxex/stax-ex/1.8.1/stax-ex-1.8.1.jar to /home/runner/.gradle/.tmp/gradle_download2009162416028225629bin
Downloading https://repo.maven.apache.org/maven2/jakarta/xml/bind/jakarta.xml.bind-api/2.3.2/jakarta.xml.bind-api-2.3.2.jar to /home/runner/.gradle/.tmp/gradle_download16365958253364394852bin
Downloading https://repo.maven.apache.org/maven2/com/sun/istack/istack-commons-runtime/3.0.8/istack-commons-runtime-3.0.8.jar to /home/runner/.gradle/.tmp/gradle_download12979564951286718477bin
Downloading https://repo.maven.apache.org/maven2/org/glassfish/jaxb/txw2/2.3.2/txw2-2.3.2.jar to /home/runner/.gradle/.tmp/gradle_download16922576654409951755bin
Downloading https://repo.maven.apache.org/maven2/com/sun/xml/fastinfoset/FastInfoset/1.2.16/FastInfoset-1.2.16.jar to /home/runner/.gradle/.tmp/gradle_download8698808198082608419bin
Downloading https://repo.maven.apache.org/maven2/com/google/auto/value/auto-value-annotations/1.6.2/auto-value-annotations-1.6.2.jar to /home/runner/.gradle/.tmp/gradle_download913481395226046311bin
Downloading https://repo.maven.apache.org/maven2/com/google/errorprone/error_prone_annotations/2.11.0/error_prone_annotations-2.11.0.jar to /home/runner/.gradle/.tmp/gradle_download7878712279110310414bin
Downloading https://repo.maven.apache.org/maven2/jakarta/activation/jakarta.activation-api/1.2.1/jakarta.activation-api-1.2.1.jar to /home/runner/.gradle/.tmp/gradle_download659389759976561607bin
Downloading https://repo.maven.apache.org/maven2/org/bitbucket/b_c/jose4j/0.7.0/jose4j-0.7.0.jar to /home/runner/.gradle/.tmp/gradle_download17056832412430710488bin
Downloading https://repo.maven.apache.org/maven2/org/slf4j/slf4j-api/1.7.30/slf4j-api-1.7.30.jar to /home/runner/.gradle/.tmp/gradle_download16001778402035098261bin
Downloading https://repo.maven.apache.org/maven2/com/google/j2objc/j2objc-annotations/1.3/j2objc-annotations-1.3.jar to /home/runner/.gradle/.tmp/gradle_download4560057951633744508bin
Downloading https://repo.maven.apache.org/maven2/org/jdom/jdom2/2.0.6/jdom2-2.0.6.jar to /home/runner/.gradle/.tmp/gradle_download14143718798011361142bin
Downloading https://repo.maven.apache.org/maven2/com/google/code/findbugs/jsr305/3.0.2/jsr305-3.0.2.jar to /home/runner/.gradle/.tmp/gradle_download8220816184426613684bin
Downloading https://repo.maven.apache.org/maven2/com/google/android/annotations/4.1.1.4/annotations-4.1.1.4.jar to /home/runner/.gradle/.tmp/gradle_download2064918442417784357bin
Downloading https://repo.maven.apache.org/maven2/org/codehaus/mojo/animal-sniffer-annotations/1.19/animal-sniffer-annotations-1.19.jar to /home/runner/.gradle/.tmp/gradle_download13394014623467628354bin
Downloading https://repo.maven.apache.org/maven2/io/perfmark/perfmark-api/0.23.0/perfmark-api-0.23.0.jar to /home/runner/.gradle/.tmp/gradle_download4199134203297920611bin
Downloading https://repo.maven.apache.org/maven2/io/netty/netty-codec-http2/4.1.72.Final/netty-codec-http2-4.1.72.Final.jar to /home/runner/.gradle/.tmp/gradle_download5637575235466626977bin
Downloading https://repo.maven.apache.org/maven2/io/netty/netty-handler-proxy/4.1.72.Final/netty-handler-proxy-4.1.72.Final.jar to /home/runner/.gradle/.tmp/gradle_download11766721817605785948bin
Downloading https://repo.maven.apache.org/maven2/org/checkerframework/checker-qual/3.12.0/checker-qual-3.12.0.jar to /home/runner/.gradle/.tmp/gradle_download5744822627123911638bin
Downloading https://repo.maven.apache.org/maven2/commons-codec/commons-codec/1.11/commons-codec-1.11.jar to /home/runner/.gradle/.tmp/gradle_download9933478204836131387bin
Downloading https://repo.maven.apache.org/maven2/com/squareup/javawriter/2.5.0/javawriter-2.5.0.jar to /home/runner/.gradle/.tmp/gradle_download10655497750672941497bin
Downloading https://repo.maven.apache.org/maven2/com/google/guava/failureaccess/1.0.1/failureaccess-1.0.1.jar to /home/runner/.gradle/.tmp/gradle_download6477692957348167bin
Downloading https://repo.maven.apache.org/maven2/com/google/guava/listenablefuture/9999.0-empty-to-avoid-conflict-with-guava/listenablefuture-9999.0-empty-to-avoid-conflict-with-guava.jar to /home/runner/.gradle/.tmp/gradle_download2490743730370479370bin
Downloading https://repo.maven.apache.org/maven2/xml-apis/xml-apis/1.4.01/xml-apis-1.4.01.jar to /home/runner/.gradle/.tmp/gradle_download12918980281090800117bin
Downloading https://repo.maven.apache.org/maven2/net/java/dev/jna/jna/5.6.0/jna-5.6.0.jar to /home/runner/.gradle/.tmp/gradle_download11492593227231039261bin
Downloading https://dl.google.com/dl/android/maven2/com/android/tools/build/apksig/8.2.2/apksig-8.2.2.jar to /home/runner/.gradle/.tmp/gradle_download6089498840885438281bin
Downloading https://repo.maven.apache.org/maven2/commons-logging/commons-logging/1.2/commons-logging-1.2.jar to /home/runner/.gradle/.tmp/gradle_download16422213699254320294bin
Downloading https://repo.maven.apache.org/maven2/org/jetbrains/kotlin/kotlin-stdlib-common/1.9.0/kotlin-stdlib-common-1.9.0.jar to /home/runner/.gradle/.tmp/gradle_download9987475849468545925bin
Downloading https://repo.maven.apache.org/maven2/io/grpc/grpc-context/1.45.1/grpc-context-1.45.1.jar to /home/runner/.gradle/.tmp/gradle_download11876079721244313265bin
Downloading https://repo.maven.apache.org/maven2/io/netty/netty-handler/4.1.72.Final/netty-handler-4.1.72.Final.jar to /home/runner/.gradle/.tmp/gradle_download18043605566248380243bin
Downloading https://repo.maven.apache.org/maven2/io/netty/netty-codec-socks/4.1.72.Final/netty-codec-socks-4.1.72.Final.jar to /home/runner/.gradle/.tmp/gradle_download4861514311439977963bin
Downloading https://repo.maven.apache.org/maven2/io/netty/netty-codec-http/4.1.72.Final/netty-codec-http-4.1.72.Final.jar to /home/runner/.gradle/.tmp/gradle_download8208989933775999685bin
Downloading https://repo.maven.apache.org/maven2/io/netty/netty-codec/4.1.72.Final/netty-codec-4.1.72.Final.jar to /home/runner/.gradle/.tmp/gradle_download358425898205999355bin
Downloading https://repo.maven.apache.org/maven2/io/netty/netty-transport/4.1.72.Final/netty-transport-4.1.72.Final.jar to /home/runner/.gradle/.tmp/gradle_download15029300655750291211bin
Downloading https://repo.maven.apache.org/maven2/io/netty/netty-buffer/4.1.72.Final/netty-buffer-4.1.72.Final.jar to /home/runner/.gradle/.tmp/gradle_download18416194210954851845bin
Downloading https://repo.maven.apache.org/maven2/io/netty/netty-resolver/4.1.72.Final/netty-resolver-4.1.72.Final.jar to /home/runner/.gradle/.tmp/gradle_download7899047150140731251bin
Downloading https://repo.maven.apache.org/maven2/io/netty/netty-common/4.1.72.Final/netty-common-4.1.72.Final.jar to /home/runner/.gradle/.tmp/gradle_download13345587794602384262bin
Downloading https://repo.maven.apache.org/maven2/io/netty/netty-tcnative-classes/2.0.46.Final/netty-tcnative-classes-2.0.46.Final.jar to /home/runner/.gradle/.tmp/gradle_download12527480958194298133bin

> Configure project :app
Evaluating project ':app' using build file '/home/runner/work/vcg-lang/vcg-lang/editor/android/app/build.gradle'.
Using default execution profile
All projects evaluated.
Task name matched 'assembleDebug'
Selected primary task 'assembleDebug' from project :
Tasks to be executed: [task ':app:preBuild', task ':app:preDebugBuild', task ':app:mergeDebugNativeDebugMetadata', task ':app:dataBindingMergeDependencyArtifactsDebug', task ':app:generateDebugResValues', task ':app:generateDebugResources', task ':app:mergeDebugResources', task ':app:packageDebugResources', task ':app:parseDebugLocalResources', task ':app:dataBindingGenBaseClassesDebug', task ':app:javaPreCompileDebug', task ':app:checkDebugAarMetadata', task ':app:mapDebugSourceSetPaths', task ':app:createDebugCompatibleScreenManifests', task ':app:extractDeepLinksDebug', task ':app:processDebugMainManifest', task ':app:processDebugManifest', task ':app:processDebugManifestForPackage', task ':app:processDebugResources', task ':app:compileDebugJavaWithJavac', task ':app:mergeDebugShaders', task ':app:compileDebugShaders', task ':app:generateDebugAssets', task ':app:mergeDebugAssets', task ':app:compressDebugAssets', task ':app:processDebugJavaRes', task ':app:mergeDebugJavaResource', task ':app:checkDebugDuplicateClasses', task ':app:desugarDebugFileDependencies', task ':app:mergeExtDexDebug', task ':app:mergeLibDexDebug', task ':app:dexBuilderDebug', task ':app:mergeProjectDexDebug', task ':app:mergeDebugJniLibFolders', task ':app:mergeDebugNativeLibs', task ':app:stripDebugDebugSymbols', task ':app:validateSigningDebug', task ':app:writeDebugAppMetadata', task ':app:writeDebugSigningConfigVersions', task ':app:packageDebug', task ':app:createDebugApkListingFileRedirect', task ':app:assembleDebug']
Tasks that were excluded: []
Resolve mutations for :app:preBuild (Thread[Execution worker,5,main]) started.
:app:preBuild (Thread[Execution worker,5,main]) started.

> Task :app:preBuild UP-TO-DATE
Skipping task ':app:preBuild' as it has no actions.
Resolve mutations for :app:preDebugBuild (Thread[Execution worker,5,main]) started.
:app:preDebugBuild (Thread[Execution worker,5,main]) started.

> Task :app:preDebugBuild UP-TO-DATE
Skipping task ':app:preDebugBuild' as it has no actions.
Resolve mutations for :app:mergeDebugNativeDebugMetadata (Thread[Execution worker,5,main]) started.
:app:mergeDebugNativeDebugMetadata (Thread[Execution worker,5,main]) started.

> Task :app:mergeDebugNativeDebugMetadata NO-SOURCE
Skipping task ':app:mergeDebugNativeDebugMetadata' as it has no source files and no previous output files.
Resolve mutations for :app:dataBindingMergeDependencyArtifactsDebug (Thread[Execution worker,5,main]) started.
:app:dataBindingMergeDependencyArtifactsDebug (Thread[Execution worker,5,main]) started.
Resolve mutations for :app:generateDebugResValues (Thread[included builds,5,main]) started.
:app:generateDebugResValues (Thread[included builds,5,main]) started.

> Task :app:generateDebugResValues
Watching 1 directories to track changes
Caching disabled for task ':app:generateDebugResValues' because:
  Build cache is disabled
Task ':app:generateDebugResValues' is not up-to-date because:
  No history is available.
Watching 0 directories to track changes
Watching 4 directories to track changes
Resolve mutations for :app:generateDebugResources (Thread[Execution worker Thread 2,5,main]) started.
:app:generateDebugResources (Thread[Execution worker Thread 2,5,main]) started.

> Task :app:generateDebugResources
Skipping task ':app:generateDebugResources' as it has no actions.
Resolve mutations for :app:mergeDebugResources (Thread[Execution worker Thread 2,5,main]) started.
:app:mergeDebugResources (Thread[Execution worker Thread 2,5,main]) started.

> Task :app:dataBindingMergeDependencyArtifactsDebug
Watching 1 directories to track changes
Downloading https://dl.google.com/dl/android/maven2/androidx/appcompat/appcompat-resources/1.7.0/appcompat-resources-1.7.0.aar to /home/runner/.gradle/.tmp/gradle_download6696160787904339328bin
Downloading https://dl.google.com/dl/android/maven2/androidx/appcompat/appcompat/1.7.0/appcompat-1.7.0.aar to /home/runner/.gradle/.tmp/gradle_download4482172021123421969bin
Downloading https://dl.google.com/dl/android/maven2/com/google/android/material/material/1.12.0/material-1.12.0.aar to /home/runner/.gradle/.tmp/gradle_download6213558718018775580bin
Transforming appcompat-resources-1.7.0.aar (androidx.appcompat:appcompat-resources:1.7.0) with JetifyTransform
Caching disabled for JetifyTransform: /home/runner/.gradle/caches/modules-2/files-2.1/androidx.appcompat/appcompat-resources/1.7.0/2a42c0283578a8a40fc83b45b5cd06924bd1a385/appcompat-resources-1.7.0.aar because:
  Build cache is disabled
Downloading https://dl.google.com/dl/android/maven2/androidx/databinding/viewbinding/8.2.2/viewbinding-8.2.2.aar to /home/runner/.gradle/.tmp/gradle_download7805282961708179112bin
Transforming viewbinding-8.2.2.aar (androidx.databinding:viewbinding:8.2.2) with JetifyTransform
Caching disabled for JetifyTransform: /home/runner/.gradle/caches/modules-2/files-2.1/androidx.databinding/viewbinding/8.2.2/101ab84b954b3735074d3eb9afbd2169fa1008a7/viewbinding-8.2.2.aar because:
  Build cache is disabled
Skipping JetifyTransform: /home/runner/.gradle/caches/modules-2/files-2.1/androidx.databinding/viewbinding/8.2.2/101ab84b954b3735074d3eb9afbd2169fa1008a7/viewbinding-8.2.2.aar as it is up-to-date.
Skipping JetifyTransform: /home/runner/.gradle/caches/modules-2/files-2.1/androidx.appcompat/appcompat-resources/1.7.0/2a42c0283578a8a40fc83b45b5cd06924bd1a385/appcompat-resources-1.7.0.aar as it is up-to-date.
Transforming viewbinding-8.2.2.aar (androidx.databinding:viewbinding:8.2.2) with ExtractAarTransform
Transforming appcompat-resources-1.7.0.aar (androidx.appcompat:appcompat-resources:1.7.0) with ExtractAarTransform
Caching disabled for ExtractAarTransform: /home/runner/.gradle/caches/transforms-3/198a88b6265664585a40cb5a8583b015/transformed/jetified-viewbinding-8.2.2.aar because:
  Build cache is disabled
Skipping ExtractAarTransform: /home/runner/.gradle/caches/transforms-3/198a88b6265664585a40cb5a8583b015/transformed/jetified-viewbinding-8.2.2.aar as it is up-to-date.
Transforming viewbinding-8.2.2.aar (androidx.databinding:viewbinding:8.2.2) with AarTransform
Caching disabled for AarTransform: /home/runner/.gradle/caches/transforms-3/1879d540724927de8171de7ca34e5ef8/transformed/jetified-viewbinding-8.2.2 because:
  Build cache is disabled
Skipping AarTransform: /home/runner/.gradle/caches/transforms-3/1879d540724927de8171de7ca34e5ef8/transformed/jetified-viewbinding-8.2.2 as it is up-to-date.
Caching disabled for ExtractAarTransform: /home/runner/.gradle/caches/transforms-3/cf80ca892b307c78808b4c11ccfac93f/transformed/jetified-appcompat-resources-1.7.0.aar because:
  Build cache is disabled
Skipping ExtractAarTransform: /home/runner/.gradle/caches/transforms-3/cf80ca892b307c78808b4c11ccfac93f/transformed/jetified-appcompat-resources-1.7.0.aar as it is up-to-date.
Transforming appcompat-resources-1.7.0.aar (androidx.appcompat:appcompat-resources:1.7.0) with AarTransform
Caching disabled for AarTransform: /home/runner/.gradle/caches/transforms-3/2c9e1932f079309d8c980731046895b1/transformed/jetified-appcompat-resources-1.7.0 because:
  Build cache is disabled
Skipping AarTransform: /home/runner/.gradle/caches/transforms-3/2c9e1932f079309d8c980731046895b1/transformed/jetified-appcompat-resources-1.7.0 as it is up-to-date.
Transforming appcompat-1.7.0.aar (androidx.appcompat:appcompat:1.7.0) with JetifyTransform
Caching disabled for JetifyTransform: /home/runner/.gradle/caches/modules-2/files-2.1/androidx.appcompat/appcompat/1.7.0/d44656e67ab2123393e5f3e957ecc3641a600c7b/appcompat-1.7.0.aar because:
  Build cache is disabled
Skipping JetifyTransform: /home/runner/.gradle/caches/modules-2/files-2.1/androidx.appcompat/appcompat/1.7.0/d44656e67ab2123393e5f3e957ecc3641a600c7b/appcompat-1.7.0.aar as it is up-to-date.
Transforming appcompat-1.7.0.aar (androidx.appcompat:appcompat:1.7.0) with ExtractAarTransform
Transforming material-1.12.0.aar (com.google.android.material:material:1.12.0) with JetifyTransform
Downloading https://dl.google.com/dl/android/maven2/androidx/recyclerview/recyclerview/1.3.2/recyclerview-1.3.2.aar to /home/runner/.gradle/.tmp/gradle_download6385928805604519445bin
Caching disabled for JetifyTransform: /home/runner/.gradle/caches/modules-2/files-2.1/com.google.android.material/material/1.12.0/e493b7ac7fc4b8ca48527e0199f9961652711ac3/material-1.12.0.aar because:
  Build cache is disabled
Skipping JetifyTransform: /home/runner/.gradle/caches/modules-2/files-2.1/com.google.android.material/material/1.12.0/e493b7ac7fc4b8ca48527e0199f9961652711ac3/material-1.12.0.aar as it is up-to-date.
Transforming material-1.12.0.aar (com.google.android.material:material:1.12.0) with ExtractAarTransform
Transforming recyclerview-1.3.2.aar (androidx.recyclerview:recyclerview:1.3.2) with JetifyTransform
Downloading https://dl.google.com/dl/android/maven2/androidx/viewpager2/viewpager2/1.1.0-beta02/viewpager2-1.1.0-beta02.aar to /home/runner/.gradle/.tmp/gradle_download4223775613517913907bin
Caching disabled for JetifyTransform: /home/runner/.gradle/caches/modules-2/files-2.1/androidx.recyclerview/recyclerview/1.3.2/e1d76099dbbd88ee0ee7c39cfa96ed0ea01bc8ad/recyclerview-1.3.2.aar because:
  Build cache is disabled
Skipping JetifyTransform: /home/runner/.gradle/caches/modules-2/files-2.1/androidx.recyclerview/recyclerview/1.3.2/e1d76099dbbd88ee0ee7c39cfa96ed0ea01bc8ad/recyclerview-1.3.2.aar as it is up-to-date.
Transforming recyclerview-1.3.2.aar (androidx.recyclerview:recyclerview:1.3.2) with ExtractAarTransform
Caching disabled for ExtractAarTransform: /home/runner/.gradle/caches/modules-2/files-2.1/androidx.recyclerview/recyclerview/1.3.2/e1d76099dbbd88ee0ee7c39cfa96ed0ea01bc8ad/recyclerview-1.3.2.aar because:
  Build cache is disabled
Skipping ExtractAarTransform: /home/runner/.gradle/caches/modules-2/files-2.1/androidx.recyclerview/recyclerview/1.3.2/e1d76099dbbd88ee0ee7c39cfa96ed0ea01bc8ad/recyclerview-1.3.2.aar as it is up-to-date.
Transforming recyclerview-1.3.2.aar (androidx.recyclerview:recyclerview:1.3.2) with AarTransform
Caching disabled for AarTransform: /home/runner/.gradle/caches/transforms-3/4fe0dd632fb97ea5194ceec69f750c7c/transformed/recyclerview-1.3.2 because:
  Build cache is disabled
Skipping AarTransform: /home/runner/.gradle/caches/transforms-3/4fe0dd632fb97ea5194ceec69f750c7c/transformed/recyclerview-1.3.2 as it is up-to-date.
Transforming viewpager2-1.1.0-beta02.aar (androidx.viewpager2:viewpager2:1.1.0-beta02) with JetifyTransform
Caching disabled for ExtractAarTransform: /home/runner/.gradle/caches/modules-2/files-2.1/androidx.appcompat/appcompat/1.7.0/d44656e67ab2123393e5f3e957ecc3641a600c7b/appcompat-1.7.0.aar because:
  Build cache is disabled
Skipping ExtractAarTransform: /home/runner/.gradle/caches/modules-2/files-2.1/androidx.appcompat/appcompat/1.7.0/d44656e67ab2123393e5f3e957ecc3641a600c7b/appcompat-1.7.0.aar as it is up-to-date.
Transforming appcompat-1.7.0.aar (androidx.appcompat:appcompat:1.7.0) with AarTransform
Caching disabled for JetifyTransform: /home/runner/.gradle/caches/modules-2/files-2.1/androidx.viewpager2/viewpager2/1.1.0-beta02/8382bf0f6d375711dfb5ae019e77960c22f8f893/viewpager2-1.1.0-beta02.aar because:
  Build cache is disabled
Skipping JetifyTransform: /home/runner/.gradle/caches/modules-2/files-2.1/androidx.viewpager2/viewpager2/1.1.0-beta02/8382bf0f6d375711dfb5ae019e77960c22f8f893/viewpager2-1.1.0-beta02.aar as it is up-to-date.
Transforming viewpager2-1.1.0-beta02.aar (androidx.viewpager2:viewpager2:1.1.0-beta02) with ExtractAarTransform
Caching disabled for ExtractAarTransform: /home/runner/.gradle/caches/modules-2/files-2.1/com.google.android.material/material/1.12.0/e493b7ac7fc4b8ca48527e0199f9961652711ac3/material-1.12.0.aar because:
  Build cache is disabled
Skipping ExtractAarTransform: /home/runner/.gradle/caches/modules-2/files-2.1/com.google.android.material/material/1.12.0/e493b7ac7fc4b8ca48527e0199f9961652711ac3/material-1.12.0.aar as it is up-to-date.
Transforming material-1.12.0.aar (com.google.android.material:material:1.12.0) with AarTransform
Caching disabled for ExtractAarTransform: /home/runner/.gradle/caches/transforms-3/fb70b6352790f7e3b898619f7878bcf2/transformed/jetified-viewpager2-1.1.0-beta02.aar because:
  Build cache is disabled
Skipping ExtractAarTransform: /home/runner/.gradle/caches/transforms-3/fb70b6352790f7e3b898619f7878bcf2/transformed/jetified-viewpager2-1.1.0-beta02.aar as it is up-to-date.
Transforming viewpager2-1.1.0-beta02.aar (androidx.viewpager2:viewpager2:1.1.0-beta02) with AarTransform
Caching disabled for AarTransform: /home/runner/.gradle/caches/transforms-3/3e57dcd8b556ed36db83311191f6b3fb/transformed/material-1.12.0 because:
  Build cache is disabled
Skipping AarTransform: /home/runner/.gradle/caches/transforms-3/3e57dcd8b556ed36db83311191f6b3fb/transformed/material-1.12.0 as it is up-to-date.
Caching disabled for AarTransform: /home/runner/.gradle/caches/transforms-3/713fa34b7934cd106f7af24b7c871473/transformed/jetified-viewpager2-1.1.0-beta02 because:
  Build cache is disabled
Skipping AarTransform: /home/runner/.gradle/caches/transforms-3/713fa34b7934cd106f7af24b7c871473/transformed/jetified-viewpager2-1.1.0-beta02 as it is up-to-date.
Caching disabled for AarTransform: /home/runner/.gradle/caches/transforms-3/74c0aa74c6cd0d99699e92401439d9bc/transformed/appcompat-1.7.0 because:
  Build cache is disabled
Skipping AarTransform: /home/runner/.gradle/caches/transforms-3/74c0aa74c6cd0d99699e92401439d9bc/transformed/appcompat-1.7.0 as it is up-to-date.
Downloading https://dl.google.com/dl/android/maven2/androidx/fragment/fragment/1.5.4/fragment-1.5.4.aar to /home/runner/.gradle/.tmp/gradle_download14530319353857384054bin
Downloading https://dl.google.com/dl/android/maven2/androidx/activity/activity/1.8.0/activity-1.8.0.aar to /home/runner/.gradle/.tmp/gradle_download3163881927140774660bin
Transforming activity-1.8.0.aar (androidx.activity:activity:1.8.0) with JetifyTransform
Caching disabled for JetifyTransform: /home/runner/.gradle/caches/modules-2/files-2.1/androidx.activity/activity/1.8.0/4266e2118d565daa20212d1726e11f41e1a4d0ca/activity-1.8.0.aar because:
  Build cache is disabled
Skipping JetifyTransform: /home/runner/.gradle/caches/modules-2/files-2.1/androidx.activity/activity/1.8.0/4266e2118d565daa20212d1726e11f41e1a4d0ca/activity-1.8.0.aar as it is up-to-date.
Transforming activity-1.8.0.aar (androidx.activity:activity:1.8.0) with ExtractAarTransform
Downloading https://dl.google.com/dl/android/maven2/androidx/cardview/cardview/1.0.0/cardview-1.0.0.aar to /home/runner/.gradle/.tmp/gradle_download4509301350980008632bin
Transforming cardview-1.0.0.aar (androidx.cardview:cardview:1.0.0) with JetifyTransform
Caching disabled for ExtractAarTransform: /home/runner/.gradle/caches/transforms-3/6fd033834110bb631f7b32d046f8ed6f/transformed/jetified-activity-1.8.0.aar because:
  Build cache is disabled
Skipping ExtractAarTransform: /home/runner/.gradle/caches/transforms-3/6fd033834110bb631f7b32d046f8ed6f/transformed/jetified-activity-1.8.0.aar as it is up-to-date.
Transforming activity-1.8.0.aar (androidx.activity:activity:1.8.0) with AarTransform
Caching disabled for JetifyTransform: /home/runner/.gradle/caches/modules-2/files-2.1/androidx.cardview/cardview/1.0.0/158dbc2e2bc502815821191b04446b8f663c1874/cardview-1.0.0.aar because:
  Build cache is disabled
Skipping JetifyTransform: /home/runner/.gradle/caches/modules-2/files-2.1/androidx.cardview/cardview/1.0.0/158dbc2e2bc502815821191b04446b8f663c1874/cardview-1.0.0.aar as it is up-to-date.
Transforming cardview-1.0.0.aar (androidx.cardview:cardview:1.0.0) with ExtractAarTransform
Caching disabled for AarTransform: /home/runner/.gradle/caches/transforms-3/44cca806ce7b0a80822ea1332ac9a47d/transformed/jetified-activity-1.8.0 because:
  Build cache is disabled
Skipping AarTransform: /home/runner/.gradle/caches/transforms-3/44cca806ce7b0a80822ea1332ac9a47d/transformed/jetified-activity-1.8.0 as it is up-to-date.
Transforming fragment-1.5.4.aar (androidx.fragment:fragment:1.5.4) with JetifyTransform
Caching disabled for ExtractAarTransform: /home/runner/.gradle/caches/modules-2/files-2.1/androidx.cardview/cardview/1.0.0/158dbc2e2bc502815821191b04446b8f663c1874/cardview-1.0.0.aar because:
  Build cache is disabled
Skipping ExtractAarTransform: /home/runner/.gradle/caches/modules-2/files-2.1/androidx.cardview/cardview/1.0.0/158dbc2e2bc502815821191b04446b8f663c1874/cardview-1.0.0.aar as it is up-to-date.
Caching disabled for JetifyTransform: /home/runner/.gradle/caches/modules-2/files-2.1/androidx.fragment/fragment/1.5.4/de58ea6b5ffbf3ede9ba6919eb448e23353f1e19/fragment-1.5.4.aar because:
  Build cache is disabled
Skipping JetifyTransform: /home/runner/.gradle/caches/modules-2/files-2.1/androidx.fragment/fragment/1.5.4/de58ea6b5ffbf3ede9ba6919eb448e23353f1e19/fragment-1.5.4.aar as it is up-to-date.
Transforming fragment-1.5.4.aar (androidx.fragment:fragment:1.5.4) with ExtractAarTransform
Transforming cardview-1.0.0.aar (androidx.cardview:cardview:1.0.0) with AarTransform
Caching disabled for AarTransform: /home/runner/.gradle/caches/transforms-3/82a5c5a65c7b536c87d9f811caae18d2/transformed/cardview-1.0.0 because:
  Build cache is disabled
Skipping AarTransform: /home/runner/.gradle/caches/transforms-3/82a5c5a65c7b536c87d9f811caae18d2/transformed/cardview-1.0.0 as it is up-to-date.
Downloading https://dl.google.com/dl/android/maven2/androidx/drawerlayout/drawerlayout/1.1.1/drawerlayout-1.1.1.aar to /home/runner/.gradle/.tmp/gradle_download3992958783090733339bin
Caching disabled for ExtractAarTransform: /home/runner/.gradle/caches/modules-2/files-2.1/androidx.fragment/fragment/1.5.4/de58ea6b5ffbf3ede9ba6919eb448e23353f1e19/fragment-1.5.4.aar because:
  Build cache is disabled
Skipping ExtractAarTransform: /home/runner/.gradle/caches/modules-2/files-2.1/androidx.fragment/fragment/1.5.4/de58ea6b5ffbf3ede9ba6919eb448e23353f1e19/fragment-1.5.4.aar as it is up-to-date.
Transforming fragment-1.5.4.aar (androidx.fragment:fragment:1.5.4) with AarTransform
Transforming drawerlayout-1.1.1.aar (androidx.drawerlayout:drawerlayout:1.1.1) with JetifyTransform
Caching disabled for AarTransform: /home/runner/.gradle/caches/transforms-3/4071c0e51b732894357072270238bfc4/transformed/fragment-1.5.4 because:
  Build cache is disabled
Skipping AarTransform: /home/runner/.gradle/caches/transforms-3/4071c0e51b732894357072270238bfc4/transformed/fragment-1.5.4 as it is up-to-date.
Caching disabled for JetifyTransform: /home/runner/.gradle/caches/modules-2/files-2.1/androidx.drawerlayout/drawerlayout/1.1.1/1b2b049e1e88589510ddd4d93f2699b46ecd73dd/drawerlayout-1.1.1.aar because:
  Build cache is disabled
Skipping JetifyTransform: /home/runner/.gradle/caches/modules-2/files-2.1/androidx.drawerlayout/drawerlayout/1.1.1/1b2b049e1e88589510ddd4d93f2699b46ecd73dd/drawerlayout-1.1.1.aar as it is up-to-date.
Transforming drawerlayout-1.1.1.aar (androidx.drawerlayout:drawerlayout:1.1.1) with ExtractAarTransform
Caching disabled for ExtractAarTransform: /home/runner/.gradle/caches/modules-2/files-2.1/androidx.drawerlayout/drawerlayout/1.1.1/1b2b049e1e88589510ddd4d93f2699b46ecd73dd/drawerlayout-1.1.1.aar because:
  Build cache is disabled
Skipping ExtractAarTransform: /home/runner/.gradle/caches/modules-2/files-2.1/androidx.drawerlayout/drawerlayout/1.1.1/1b2b049e1e88589510ddd4d93f2699b46ecd73dd/drawerlayout-1.1.1.aar as it is up-to-date.
Transforming drawerlayout-1.1.1.aar (androidx.drawerlayout:drawerlayout:1.1.1) with AarTransform
Caching disabled for AarTransform: /home/runner/.gradle/caches/transforms-3/ed3d2cbbd0b7adc69330f4f5d5203a98/transformed/drawerlayout-1.1.1 because:
  Build cache is disabled
Skipping AarTransform: /home/runner/.gradle/caches/transforms-3/ed3d2cbbd0b7adc69330f4f5d5203a98/transformed/drawerlayout-1.1.1 as it is up-to-date.
Downloading https://dl.google.com/dl/android/maven2/androidx/transition/transition/1.5.0/transition-1.5.0.aar to /home/runner/.gradle/.tmp/gradle_download2453198106942580505bin
Transforming transition-1.5.0.aar (androidx.transition:transition:1.5.0) with JetifyTransform
Caching disabled for JetifyTransform: /home/runner/.gradle/caches/modules-2/files-2.1/androidx.transition/transition/1.5.0/747173f40c7d98cdb6890a25aa60edcbefeb9c95/transition-1.5.0.aar because:
  Build cache is disabled
Skipping JetifyTransform: /home/runner/.gradle/caches/modules-2/files-2.1/androidx.transition/transition/1.5.0/747173f40c7d98cdb6890a25aa60edcbefeb9c95/transition-1.5.0.aar as it is up-to-date.
Transforming transition-1.5.0.aar (androidx.transition:transition:1.5.0) with ExtractAarTransform
Caching disabled for ExtractAarTransform: /home/runner/.gradle/caches/modules-2/files-2.1/androidx.transition/transition/1.5.0/747173f40c7d98cdb6890a25aa60edcbefeb9c95/transition-1.5.0.aar because:
  Build cache is disabled
Skipping ExtractAarTransform: /home/runner/.gradle/caches/modules-2/files-2.1/androidx.transition/transition/1.5.0/747173f40c7d98cdb6890a25aa60edcbefeb9c95/transition-1.5.0.aar as it is up-to-date.
Transforming transition-1.5.0.aar (androidx.transition:transition:1.5.0) with AarTransform
Caching disabled for AarTransform: /home/runner/.gradle/caches/transforms-3/3d0855e7a81c50c07154eb213257a7d0/transformed/transition-1.5.0 because:
  Build cache is disabled
Skipping AarTransform: /home/runner/.gradle/caches/transforms-3/3d0855e7a81c50c07154eb213257a7d0/transformed/transition-1.5.0 as it is up-to-date.
Downloading https://dl.google.com/dl/android/maven2/androidx/dynamicanimation/dynamicanimation/1.0.0/dynamicanimation-1.0.0.aar to /home/runner/.gradle/.tmp/gradle_download2956334436801314272bin
Transforming dynamicanimation-1.0.0.aar (androidx.dynamicanimation:dynamicanimation:1.0.0) with JetifyTransform
Caching disabled for JetifyTransform: /home/runner/.gradle/caches/modules-2/files-2.1/androidx.dynamicanimation/dynamicanimation/1.0.0/e980497a58fb319d471f3bb78d066b926a08ba8e/dynamicanimation-1.0.0.aar because:
  Build cache is disabled
Skipping JetifyTransform: /home/runner/.gradle/caches/modules-2/files-2.1/androidx.dynamicanimation/dynamicanimation/1.0.0/e980497a58fb319d471f3bb78d066b926a08ba8e/dynamicanimation-1.0.0.aar as it is up-to-date.
Transforming dynamicanimation-1.0.0.aar (androidx.dynamicanimation:dynamicanimation:1.0.0) with ExtractAarTransform
Caching disabled for ExtractAarTransform: /home/runner/.gradle/caches/modules-2/files-2.1/androidx.dynamicanimation/dynamicanimation/1.0.0/e980497a58fb319d471f3bb78d066b926a08ba8e/dynamicanimation-1.0.0.aar because:
  Build cache is disabled
Skipping ExtractAarTransform: /home/runner/.gradle/caches/modules-2/files-2.1/androidx.dynamicanimation/dynamicanimation/1.0.0/e980497a58fb319d471f3bb78d066b926a08ba8e/dynamicanimation-1.0.0.aar as it is up-to-date.
Transforming dynamicanimation-1.0.0.aar (androidx.dynamicanimation:dynamicanimation:1.0.0) with AarTransform
Caching disabled for AarTransform: /home/runner/.gradle/caches/transforms-3/1ecbce35e8912ca07f18fb6a2d44712b/transformed/dynamicanimation-1.0.0 because:
  Build cache is disabled
Skipping AarTransform: /home/runner/.gradle/caches/transforms-3/1ecbce35e8912ca07f18fb6a2d44712b/transformed/dynamicanimation-1.0.0 as it is up-to-date.
Downloading https://dl.google.com/dl/android/maven2/androidx/vectordrawable/vectordrawable-animated/1.1.0/vectordrawable-animated-1.1.0.aar to /home/runner/.gradle/.tmp/gradle_download5941066367143565255bin
Transforming vectordrawable-animated-1.1.0.aar (androidx.vectordrawable:vectordrawable-animated:1.1.0) with JetifyTransform
Caching disabled for JetifyTransform: /home/runner/.gradle/caches/modules-2/files-2.1/androidx.vectordrawable/vectordrawable-animated/1.1.0/fcda1161354501471c30a4e077af6b5c4d4eddc6/vectordrawable-animated-1.1.0.aar because:
  Build cache is disabled
Skipping JetifyTransform: /home/runner/.gradle/caches/modules-2/files-2.1/androidx.vectordrawable/vectordrawable-animated/1.1.0/fcda1161354501471c30a4e077af6b5c4d4eddc6/vectordrawable-animated-1.1.0.aar as it is up-to-date.
Transforming vectordrawable-animated-1.1.0.aar (androidx.vectordrawable:vectordrawable-animated:1.1.0) with ExtractAarTransform
Caching disabled for ExtractAarTransform: /home/runner/.gradle/caches/modules-2/files-2.1/androidx.vectordrawable/vectordrawable-animated/1.1.0/fcda1161354501471c30a4e077af6b5c4d4eddc6/vectordrawable-animated-1.1.0.aar because:
  Build cache is disabled
Skipping ExtractAarTransform: /home/runner/.gradle/caches/modules-2/files-2.1/androidx.vectordrawable/vectordrawable-animated/1.1.0/fcda1161354501471c30a4e077af6b5c4d4eddc6/vectordrawable-animated-1.1.0.aar as it is up-to-date.
Transforming vectordrawable-animated-1.1.0.aar (androidx.vectordrawable:vectordrawable-animated:1.1.0) with AarTransform
Caching disabled for AarTransform: /home/runner/.gradle/caches/transforms-3/c18aa4e6712d645d90f2edd74129037f/transformed/vectordrawable-animated-1.1.0 because:
  Build cache is disabled
Skipping AarTransform: /home/runner/.gradle/caches/transforms-3/c18aa4e6712d645d90f2edd74129037f/transformed/vectordrawable-animated-1.1.0 as it is up-to-date.
Downloading https://dl.google.com/dl/android/maven2/androidx/vectordrawable/vectordrawable/1.1.0/vectordrawable-1.1.0.aar to /home/runner/.gradle/.tmp/gradle_download9919088071853803261bin
Transforming vectordrawable-1.1.0.aar (androidx.vectordrawable:vectordrawable:1.1.0) with JetifyTransform
Transforming vectordrawable-1.1.0.aar (androidx.vectordrawable:vectordrawable:1.1.0) with JetifyTransform
Caching disabled for JetifyTransform: /home/runner/.gradle/caches/modules-2/files-2.1/androidx.vectordrawable/vectordrawable/1.1.0/eac7a364fff534035a2a6cb17770a1288315f69f/vectordrawable-1.1.0.aar because:
  Build cache is disabled
Skipping JetifyTransform: /home/runner/.gradle/caches/modules-2/files-2.1/androidx.vectordrawable/vectordrawable/1.1.0/eac7a364fff534035a2a6cb17770a1288315f69f/vectordrawable-1.1.0.aar as it is up-to-date.
Transforming vectordrawable-1.1.0.aar (androidx.vectordrawable:vectordrawable:1.1.0) with ExtractAarTransform
Caching disabled for ExtractAarTransform: /home/runner/.gradle/caches/modules-2/files-2.1/androidx.vectordrawable/vectordrawable/1.1.0/eac7a364fff534035a2a6cb17770a1288315f69f/vectordrawable-1.1.0.aar because:
  Build cache is disabled
Skipping ExtractAarTransform: /home/runner/.gradle/caches/modules-2/files-2.1/androidx.vectordrawable/vectordrawable/1.1.0/eac7a364fff534035a2a6cb17770a1288315f69f/vectordrawable-1.1.0.aar as it is up-to-date.
Transforming vectordrawable-1.1.0.aar (androidx.vectordrawable:vectordrawable:1.1.0) with AarTransform
Transforming vectordrawable-1.1.0.aar (androidx.vectordrawable:vectordrawable:1.1.0) with ExtractAarTransform
Transforming vectordrawable-1.1.0.aar (androidx.vectordrawable:vectordrawable:1.1.0) with AarTransform
Caching disabled for AarTransform: /home/runner/.gradle/caches/transforms-3/702d14a0481cc6e84239a971f0bdc7de/transformed/vectordrawable-1.1.0 because:
  Build cache is disabled
Skipping AarTransform: /home/runner/.gradle/caches/transforms-3/702d14a0481cc6e84239a971f0bdc7de/transformed/vectordrawable-1.1.0 as it is up-to-date.
Downloading https://dl.google.com/dl/android/maven2/androidx/viewpager/viewpager/1.0.0/viewpager-1.0.0.aar to /home/runner/.gradle/.tmp/gradle_download8533723208826895661bin
Transforming viewpager-1.0.0.aar (androidx.viewpager:viewpager:1.0.0) with JetifyTransform
Caching disabled for JetifyTransform: /home/runner/.gradle/caches/modules-2/files-2.1/androidx.viewpager/viewpager/1.0.0/1f90e13820f96c2fb868f9674079a551678d68b2/viewpager-1.0.0.aar because:
  Build cache is disabled
Skipping JetifyTransform: /home/runner/.gradle/caches/modules-2/files-2.1/androidx.viewpager/viewpager/1.0.0/1f90e13820f96c2fb868f9674079a551678d68b2/viewpager-1.0.0.aar as it is up-to-date.
Transforming viewpager-1.0.0.aar (androidx.viewpager:viewpager:1.0.0) with ExtractAarTransform
Caching disabled for ExtractAarTransform: /home/runner/.gradle/caches/modules-2/files-2.1/androidx.viewpager/viewpager/1.0.0/1f90e13820f96c2fb868f9674079a551678d68b2/viewpager-1.0.0.aar because:
  Build cache is disabled
Skipping ExtractAarTransform: /home/runner/.gradle/caches/modules-2/files-2.1/androidx.viewpager/viewpager/1.0.0/1f90e13820f96c2fb868f9674079a551678d68b2/viewpager-1.0.0.aar as it is up-to-date.
Transforming viewpager-1.0.0.aar (androidx.viewpager:viewpager:1.0.0) with AarTransform
Caching disabled for AarTransform: /home/runner/.gradle/caches/transforms-3/762497eb291fa256c893d1902ec3b4ac/transformed/viewpager-1.0.0 because:
  Build cache is disabled
Skipping AarTransform: /home/runner/.gradle/caches/transforms-3/762497eb291fa256c893d1902ec3b4ac/transformed/viewpager-1.0.0 as it is up-to-date.
Downloading https://dl.google.com/dl/android/maven2/androidx/customview/customview/1.1.0/customview-1.1.0.aar to /home/runner/.gradle/.tmp/gradle_download10301045913182405912bin
Transforming customview-1.1.0.aar (androidx.customview:customview:1.1.0) with JetifyTransform
Transforming customview-1.1.0.aar (androidx.customview:customview:1.1.0) with JetifyTransform
Transforming customview-1.1.0.aar (androidx.customview:customview:1.1.0) with JetifyTransform
Caching disabled for JetifyTransform: /home/runner/.gradle/caches/modules-2/files-2.1/androidx.customview/customview/1.1.0/a030aaf64c5419a89f7d91a33755c4629a43471/customview-1.1.0.aar because:
  Build cache is disabled
Skipping JetifyTransform: /home/runner/.gradle/caches/modules-2/files-2.1/androidx.customview/customview/1.1.0/a030aaf64c5419a89f7d91a33755c4629a43471/customview-1.1.0.aar as it is up-to-date.
Transforming customview-1.1.0.aar (androidx.customview:customview:1.1.0) with ExtractAarTransform
Transforming customview-1.1.0.aar (androidx.customview:customview:1.1.0) with ExtractAarTransform
Transforming customview-1.1.0.aar (androidx.customview:customview:1.1.0) with ExtractAarTransform
Caching disabled for ExtractAarTransform: /home/runner/.gradle/caches/modules-2/files-2.1/androidx.customview/customview/1.1.0/a030aaf64c5419a89f7d91a33755c4629a43471/customview-1.1.0.aar because:
  Build cache is disabled
Skipping ExtractAarTransform: /home/runner/.gradle/caches/modules-2/files-2.1/androidx.customview/customview/1.1.0/a030aaf64c5419a89f7d91a33755c4629a43471/customview-1.1.0.aar as it is up-to-date.
Transforming customview-1.1.0.aar (androidx.customview:customview:1.1.0) with AarTransform
Transforming customview-1.1.0.aar (androidx.customview:customview:1.1.0) with AarTransform
Transforming customview-1.1.0.aar (androidx.customview:customview:1.1.0) with AarTransform
Caching disabled for AarTransform: /home/runner/.gradle/caches/transforms-3/459c47dff4ea0349f10e153b2dd57879/transformed/customview-1.1.0 because:
  Build cache is disabled
Skipping AarTransform: /home/runner/.gradle/caches/transforms-3/459c47dff4ea0349f10e153b2dd57879/transformed/customview-1.1.0 as it is up-to-date.
Transforming customview-1.1.0.aar (androidx.customview:customview:1.1.0) with JetifyTransform
Transforming customview-1.1.0.aar (androidx.customview:customview:1.1.0) with ExtractAarTransform
Transforming customview-1.1.0.aar (androidx.customview:customview:1.1.0) with AarTransform
Downloading https://dl.google.com/dl/android/maven2/androidx/coordinatorlayout/coordinatorlayout/1.1.0/coordinatorlayout-1.1.0.aar to /home/runner/.gradle/.tmp/gradle_download96426465530688916bin
Transforming coordinatorlayout-1.1.0.aar (androidx.coordinatorlayout:coordinatorlayout:1.1.0) with JetifyTransform
Caching disabled for JetifyTransform: /home/runner/.gradle/caches/modules-2/files-2.1/androidx.coordinatorlayout/coordinatorlayout/1.1.0/8eeb7baf75b9595d017642a460df5af3bb9fa4e1/coordinatorlayout-1.1.0.aar because:
  Build cache is disabled
Skipping JetifyTransform: /home/runner/.gradle/caches/modules-2/files-2.1/androidx.coordinatorlayout/coordinatorlayout/1.1.0/8eeb7baf75b9595d017642a460df5af3bb9fa4e1/coordinatorlayout-1.1.0.aar as it is up-to-date.
Transforming coordinatorlayout-1.1.0.aar (androidx.coordinatorlayout:coordinatorlayout:1.1.0) with ExtractAarTransform
Caching disabled for ExtractAarTransform: /home/runner/.gradle/caches/modules-2/files-2.1/androidx.coordinatorlayout/coordinatorlayout/1.1.0/8eeb7baf75b9595d017642a460df5af3bb9fa4e1/coordinatorlayout-1.1.0.aar because:
  Build cache is disabled
Skipping ExtractAarTransform: /home/runner/.gradle/caches/modules-2/files-2.1/androidx.coordinatorlayout/coordinatorlayout/1.1.0/8eeb7baf75b9595d017642a460df5af3bb9fa4e1/coordinatorlayout-1.1.0.aar as it is up-to-date.
Transforming coordinatorlayout-1.1.0.aar (androidx.coordinatorlayout:coordinatorlayout:1.1.0) with AarTransform
Caching disabled for AarTransform: /home/runner/.gradle/caches/transforms-3/4dd287c9e959375dcd5b85d1a2ea3286/transformed/coordinatorlayout-1.1.0 because:
  Build cache is disabled
Skipping AarTransform: /home/runner/.gradle/caches/transforms-3/4dd287c9e959375dcd5b85d1a2ea3286/transformed/coordinatorlayout-1.1.0 as it is up-to-date.
Downloading https://dl.google.com/dl/android/maven2/androidx/legacy/legacy-support-core-utils/1.0.0/legacy-support-core-utils-1.0.0.aar to /home/runner/.gradle/.tmp/gradle_download13097028629392895124bin
Transforming legacy-support-core-utils-1.0.0.aar (androidx.legacy:legacy-support-core-utils:1.0.0) with JetifyTransform
Caching disabled for JetifyTransform: /home/runner/.gradle/caches/modules-2/files-2.1/androidx.legacy/legacy-support-core-utils/1.0.0/9b9570042115da8629519090dfeb71df75da59fc/legacy-support-core-utils-1.0.0.aar because:
  Build cache is disabled
Skipping JetifyTransform: /home/runner/.gradle/caches/modules-2/files-2.1/androidx.legacy/legacy-support-core-utils/1.0.0/9b9570042115da8629519090dfeb71df75da59fc/legacy-support-core-utils-1.0.0.aar as it is up-to-date.
Transforming legacy-support-core-utils-1.0.0.aar (androidx.legacy:legacy-support-core-utils:1.0.0) with ExtractAarTransform
Caching disabled for ExtractAarTransform: /home/runner/.gradle/caches/modules-2/files-2.1/androidx.legacy/legacy-support-core-utils/1.0.0/9b9570042115da8629519090dfeb71df75da59fc/legacy-support-core-utils-1.0.0.aar because:
  Build cache is disabled
Skipping ExtractAarTransform: /home/runner/.gradle/caches/modules-2/files-2.1/androidx.legacy/legacy-support-core-utils/1.0.0/9b9570042115da8629519090dfeb71df75da59fc/legacy-support-core-utils-1.0.0.aar as it is up-to-date.
Transforming legacy-support-core-utils-1.0.0.aar (androidx.legacy:legacy-support-core-utils:1.0.0) with AarTransform
Caching disabled for AarTransform: /home/runner/.gradle/caches/transforms-3/5c1b5b9a526a64418a8284af4df1eb4c/transformed/legacy-support-core-utils-1.0.0 because:
  Build cache is disabled
Skipping AarTransform: /home/runner/.gradle/caches/transforms-3/5c1b5b9a526a64418a8284af4df1eb4c/transformed/legacy-support-core-utils-1.0.0 as it is up-to-date.
Downloading https://dl.google.com/dl/android/maven2/androidx/loader/loader/1.0.0/loader-1.0.0.aar to /home/runner/.gradle/.tmp/gradle_download11720622045038763198bin
Transforming loader-1.0.0.aar (androidx.loader:loader:1.0.0) with JetifyTransform
Transforming loader-1.0.0.aar (androidx.loader:loader:1.0.0) with JetifyTransform
Caching disabled for JetifyTransform: /home/runner/.gradle/caches/modules-2/files-2.1/androidx.loader/loader/1.0.0/8af8b6cec0da85c207d03e15840e0722cbc71e70/loader-1.0.0.aar because:
  Build cache is disabled
Skipping JetifyTransform: /home/runner/.gradle/caches/modules-2/files-2.1/androidx.loader/loader/1.0.0/8af8b6cec0da85c207d03e15840e0722cbc71e70/loader-1.0.0.aar as it is up-to-date.
Transforming loader-1.0.0.aar (androidx.loader:loader:1.0.0) with ExtractAarTransform
Transforming loader-1.0.0.aar (androidx.loader:loader:1.0.0) with ExtractAarTransform
Caching disabled for ExtractAarTransform: /home/runner/.gradle/caches/modules-2/files-2.1/androidx.loader/loader/1.0.0/8af8b6cec0da85c207d03e15840e0722cbc71e70/loader-1.0.0.aar because:
  Build cache is disabled
Skipping ExtractAarTransform: /home/runner/.gradle/caches/modules-2/files-2.1/androidx.loader/loader/1.0.0/8af8b6cec0da85c207d03e15840e0722cbc71e70/loader-1.0.0.aar as it is up-to-date.
Transforming loader-1.0.0.aar (androidx.loader:loader:1.0.0) with AarTransform
Transforming loader-1.0.0.aar (androidx.loader:loader:1.0.0) with AarTransform
Caching disabled for AarTransform: /home/runner/.gradle/caches/transforms-3/6a9264e91d0ccd23be7ae30d89a364d7/transformed/loader-1.0.0 because:
  Build cache is disabled
Skipping AarTransform: /home/runner/.gradle/caches/transforms-3/6a9264e91d0ccd23be7ae30d89a364d7/transformed/loader-1.0.0 as it is up-to-date.
Downloading https://dl.google.com/dl/android/maven2/androidx/lifecycle/lifecycle-livedata-core/2.6.2/lifecycle-livedata-core-2.6.2.aar to /home/runner/.gradle/.tmp/gradle_download7528353552671868206bin
Transforming lifecycle-livedata-core-2.6.2.aar (androidx.lifecycle:lifecycle-livedata-core:2.6.2) with JetifyTransform
Caching disabled for JetifyTransform: /home/runner/.gradle/caches/modules-2/files-2.1/androidx.lifecycle/lifecycle-livedata-core/2.6.2/23f66885a260f0a2cd6540927ea8795484afd2da/lifecycle-livedata-core-2.6.2.aar because:
  Build cache is disabled
Skipping JetifyTransform: /home/runner/.gradle/caches/modules-2/files-2.1/androidx.lifecycle/lifecycle-livedata-core/2.6.2/23f66885a260f0a2cd6540927ea8795484afd2da/lifecycle-livedata-core-2.6.2.aar as it is up-to-date.
Transforming lifecycle-livedata-core-2.6.2.aar (androidx.lifecycle:lifecycle-livedata-core:2.6.2) with ExtractAarTransform
Caching disabled for ExtractAarTransform: /home/runner/.gradle/caches/modules-2/files-2.1/androidx.lifecycle/lifecycle-livedata-core/2.6.2/23f66885a260f0a2cd6540927ea8795484afd2da/lifecycle-livedata-core-2.6.2.aar because:
  Build cache is disabled
Skipping ExtractAarTransform: /home/runner/.gradle/caches/modules-2/files-2.1/androidx.lifecycle/lifecycle-livedata-core/2.6.2/23f66885a260f0a2cd6540927ea8795484afd2da/lifecycle-livedata-core-2.6.2.aar as it is up-to-date.
Transforming lifecycle-livedata-core-2.6.2.aar (androidx.lifecycle:lifecycle-livedata-core:2.6.2) with AarTransform
Caching disabled for AarTransform: /home/runner/.gradle/caches/transforms-3/a197f00907f8191fab772747b4069be9/transformed/lifecycle-livedata-core-2.6.2 because:
  Build cache is disabled
Skipping AarTransform: /home/runner/.gradle/caches/transforms-3/a197f00907f8191fab772747b4069be9/transformed/lifecycle-livedata-core-2.6.2 as it is up-to-date.
Downloading https://dl.google.com/dl/android/maven2/androidx/lifecycle/lifecycle-livedata/2.6.2/lifecycle-livedata-2.6.2.aar to /home/runner/.gradle/.tmp/gradle_download5295574119507464068bin
Transforming lifecycle-livedata-2.6.2.aar (androidx.lifecycle:lifecycle-livedata:2.6.2) with JetifyTransform
Caching disabled for JetifyTransform: /home/runner/.gradle/caches/modules-2/files-2.1/androidx.lifecycle/lifecycle-livedata/2.6.2/e7f6d9e232bf035af69c030917c1ccda8e840b57/lifecycle-livedata-2.6.2.aar because:
  Build cache is disabled
Skipping JetifyTransform: /home/runner/.gradle/caches/modules-2/files-2.1/androidx.lifecycle/lifecycle-livedata/2.6.2/e7f6d9e232bf035af69c030917c1ccda8e840b57/lifecycle-livedata-2.6.2.aar as it is up-to-date.
Transforming lifecycle-livedata-2.6.2.aar (androidx.lifecycle:lifecycle-livedata:2.6.2) with ExtractAarTransform
Caching disabled for ExtractAarTransform: /home/runner/.gradle/caches/modules-2/files-2.1/androidx.lifecycle/lifecycle-livedata/2.6.2/e7f6d9e232bf035af69c030917c1ccda8e840b57/lifecycle-livedata-2.6.2.aar because:
  Build cache is disabled
Skipping ExtractAarTransform: /home/runner/.gradle/caches/modules-2/files-2.1/androidx.lifecycle/lifecycle-livedata/2.6.2/e7f6d9e232bf035af69c030917c1ccda8e840b57/lifecycle-livedata-2.6.2.aar as it is up-to-date.
Transforming lifecycle-livedata-2.6.2.aar (androidx.lifecycle:lifecycle-livedata:2.6.2) with AarTransform
Caching disabled for AarTransform: /home/runner/.gradle/caches/transforms-3/624afa1baae8c07bfc048ad484610af6/transformed/lifecycle-livedata-2.6.2 because:
  Build cache is disabled
Skipping AarTransform: /home/runner/.gradle/caches/transforms-3/624afa1baae8c07bfc048ad484610af6/transformed/lifecycle-livedata-2.6.2 as it is up-to-date.
Downloading https://dl.google.com/dl/android/maven2/androidx/lifecycle/lifecycle-viewmodel/2.6.2/lifecycle-viewmodel-2.6.2.aar to /home/runner/.gradle/.tmp/gradle_download12982408403588237531bin
Transforming lifecycle-viewmodel-2.6.2.aar (androidx.lifecycle:lifecycle-viewmodel:2.6.2) with JetifyTransform
Transforming lifecycle-viewmodel-2.6.2.aar (androidx.lifecycle:lifecycle-viewmodel:2.6.2) with JetifyTransform
Caching disabled for JetifyTransform: /home/runner/.gradle/caches/modules-2/files-2.1/androidx.lifecycle/lifecycle-viewmodel/2.6.2/fa35bfdbbe0e7df1573e377cbdd15de35176141d/lifecycle-viewmodel-2.6.2.aar because:
  Build cache is disabled
Skipping JetifyTransform: /home/runner/.gradle/caches/modules-2/files-2.1/androidx.lifecycle/lifecycle-viewmodel/2.6.2/fa35bfdbbe0e7df1573e377cbdd15de35176141d/lifecycle-viewmodel-2.6.2.aar as it is up-to-date.
Transforming lifecycle-viewmodel-2.6.2.aar (androidx.lifecycle:lifecycle-viewmodel:2.6.2) with ExtractAarTransform
Transforming lifecycle-viewmodel-2.6.2.aar (androidx.lifecycle:lifecycle-viewmodel:2.6.2) with ExtractAarTransform
Caching disabled for ExtractAarTransform: /home/runner/.gradle/caches/modules-2/files-2.1/androidx.lifecycle/lifecycle-viewmodel/2.6.2/fa35bfdbbe0e7df1573e377cbdd15de35176141d/lifecycle-viewmodel-2.6.2.aar because:
  Build cache is disabled
Skipping ExtractAarTransform: /home/runner/.gradle/caches/modules-2/files-2.1/androidx.lifecycle/lifecycle-viewmodel/2.6.2/fa35bfdbbe0e7df1573e377cbdd15de35176141d/lifecycle-viewmodel-2.6.2.aar as it is up-to-date.
Transforming lifecycle-viewmodel-2.6.2.aar (androidx.lifecycle:lifecycle-viewmodel:2.6.2) with AarTransform
Transforming lifecycle-viewmodel-2.6.2.aar (androidx.lifecycle:lifecycle-viewmodel:2.6.2) with AarTransform
Caching disabled for AarTransform: /home/runner/.gradle/caches/transforms-3/a506b1e067453748ce849a5d1a931b4f/transformed/lifecycle-viewmodel-2.6.2 because:
  Build cache is disabled
Skipping AarTransform: /home/runner/.gradle/caches/transforms-3/a506b1e067453748ce849a5d1a931b4f/transformed/lifecycle-viewmodel-2.6.2 as it is up-to-date.
Downloading https://dl.google.com/dl/android/maven2/androidx/lifecycle/lifecycle-runtime/2.6.2/lifecycle-runtime-2.6.2.aar to /home/runner/.gradle/.tmp/gradle_download7007965066792481134bin
Transforming lifecycle-runtime-2.6.2.aar (androidx.lifecycle:lifecycle-runtime:2.6.2) with JetifyTransform
Caching disabled for JetifyTransform: /home/runner/.gradle/caches/modules-2/files-2.1/androidx.lifecycle/lifecycle-runtime/2.6.2/f0ef27053faa89b3ec06c4f118cea0a15edde35b/lifecycle-runtime-2.6.2.aar because:
  Build cache is disabled
Skipping JetifyTransform: /home/runner/.gradle/caches/modules-2/files-2.1/androidx.lifecycle/lifecycle-runtime/2.6.2/f0ef27053faa89b3ec06c4f118cea0a15edde35b/lifecycle-runtime-2.6.2.aar as it is up-to-date.
Transforming lifecycle-runtime-2.6.2.aar (androidx.lifecycle:lifecycle-runtime:2.6.2) with ExtractAarTransform
Caching disabled for ExtractAarTransform: /home/runner/.gradle/caches/modules-2/files-2.1/androidx.lifecycle/lifecycle-runtime/2.6.2/f0ef27053faa89b3ec06c4f118cea0a15edde35b/lifecycle-runtime-2.6.2.aar because:
  Build cache is disabled
Skipping ExtractAarTransform: /home/runner/.gradle/caches/modules-2/files-2.1/androidx.lifecycle/lifecycle-runtime/2.6.2/f0ef27053faa89b3ec06c4f118cea0a15edde35b/lifecycle-runtime-2.6.2.aar as it is up-to-date.
Transforming lifecycle-runtime-2.6.2.aar (androidx.lifecycle:lifecycle-runtime:2.6.2) with AarTransform
Caching disabled for AarTransform: /home/runner/.gradle/caches/transforms-3/b6a473a89888b3521ce2a8d540f5ca52/transformed/lifecycle-runtime-2.6.2 because:
  Build cache is disabled
Skipping AarTransform: /home/runner/.gradle/caches/transforms-3/b6a473a89888b3521ce2a8d540f5ca52/transformed/lifecycle-runtime-2.6.2 as it is up-to-date.
Downloading https://dl.google.com/dl/android/maven2/androidx/core/core-ktx/1.13.1/core-ktx-1.13.1.aar to /home/runner/.gradle/.tmp/gradle_download17873204646222311914bin
Downloading https://dl.google.com/dl/android/maven2/androidx/core/core/1.13.1/core-1.13.1.aar to /home/runner/.gradle/.tmp/gradle_download14620710644335740541bin
Transforming core-ktx-1.13.1.aar (androidx.core:core-ktx:1.13.1) with JetifyTransform
Caching disabled for JetifyTransform: /home/runner/.gradle/caches/modules-2/files-2.1/androidx.core/core-ktx/1.13.1/f595b8c10fad9099f71a3c1fc6ded1c9b5010190/core-ktx-1.13.1.aar because:
  Build cache is disabled
Skipping JetifyTransform: /home/runner/.gradle/caches/modules-2/files-2.1/androidx.core/core-ktx/1.13.1/f595b8c10fad9099f71a3c1fc6ded1c9b5010190/core-ktx-1.13.1.aar as it is up-to-date.
Transforming core-ktx-1.13.1.aar (androidx.core:core-ktx:1.13.1) with ExtractAarTransform
Caching disabled for ExtractAarTransform: /home/runner/.gradle/caches/transforms-3/8b5c7db4b6f37381ff94649c6a70a87f/transformed/jetified-core-ktx-1.13.1.aar because:
  Build cache is disabled
Skipping ExtractAarTransform: /home/runner/.gradle/caches/transforms-3/8b5c7db4b6f37381ff94649c6a70a87f/transformed/jetified-core-ktx-1.13.1.aar as it is up-to-date.
Transforming core-ktx-1.13.1.aar (androidx.core:core-ktx:1.13.1) with AarTransform
Caching disabled for AarTransform: /home/runner/.gradle/caches/transforms-3/6067425117552f8d4b6344907978c123/transformed/jetified-core-ktx-1.13.1 because:
  Build cache is disabled
Skipping AarTransform: /home/runner/.gradle/caches/transforms-3/6067425117552f8d4b6344907978c123/transformed/jetified-core-ktx-1.13.1 as it is up-to-date.
Transforming core-1.13.1.aar (androidx.core:core:1.13.1) with JetifyTransform
Transforming core-1.13.1.aar (androidx.core:core:1.13.1) with JetifyTransform
Transforming core-1.13.1.aar (androidx.core:core:1.13.1) with JetifyTransform
Caching disabled for JetifyTransform: /home/runner/.gradle/caches/modules-2/files-2.1/androidx.core/core/1.13.1/4606d420282fe1e5c8d5c4e647ec188e1045b7be/core-1.13.1.aar because:
  Build cache is disabled
Skipping JetifyTransform: /home/runner/.gradle/caches/modules-2/files-2.1/androidx.core/core/1.13.1/4606d420282fe1e5c8d5c4e647ec188e1045b7be/core-1.13.1.aar as it is up-to-date.
Transforming core-1.13.1.aar (androidx.core:core:1.13.1) with ExtractAarTransform
Transforming core-1.13.1.aar (androidx.core:core:1.13.1) with ExtractAarTransform
Transforming core-1.13.1.aar (androidx.core:core:1.13.1) with ExtractAarTransform
Caching disabled for ExtractAarTransform: /home/runner/.gradle/caches/modules-2/files-2.1/androidx.core/core/1.13.1/4606d420282fe1e5c8d5c4e647ec188e1045b7be/core-1.13.1.aar because:
  Build cache is disabled
Skipping ExtractAarTransform: /home/runner/.gradle/caches/modules-2/files-2.1/androidx.core/core/1.13.1/4606d420282fe1e5c8d5c4e647ec188e1045b7be/core-1.13.1.aar as it is up-to-date.
Transforming core-1.13.1.aar (androidx.core:core:1.13.1) with AarTransform
Transforming core-1.13.1.aar (androidx.core:core:1.13.1) with AarTransform
Transforming core-1.13.1.aar (androidx.core:core:1.13.1) with AarTransform
Caching disabled for AarTransform: /home/runner/.gradle/caches/transforms-3/11f0a53180ace0fffdd006f40bfc2008/transformed/core-1.13.1 because:
  Build cache is disabled
Skipping AarTransform: /home/runner/.gradle/caches/transforms-3/11f0a53180ace0fffdd006f40bfc2008/transformed/core-1.13.1 as it is up-to-date.
Transforming core-1.13.1.aar (androidx.core:core:1.13.1) with JetifyTransform
Transforming core-1.13.1.aar (androidx.core:core:1.13.1) with ExtractAarTransform
Transforming core-1.13.1.aar (androidx.core:core:1.13.1) with AarTransform
Downloading https://dl.google.com/dl/android/maven2/androidx/lifecycle/lifecycle-viewmodel-savedstate/2.6.2/lifecycle-viewmodel-savedstate-2.6.2.aar to /home/runner/.gradle/.tmp/gradle_download3915019252620926737bin
Transforming lifecycle-viewmodel-savedstate-2.6.2.aar (androidx.lifecycle:lifecycle-viewmodel-savedstate:2.6.2) with JetifyTransform
Caching disabled for JetifyTransform: /home/runner/.gradle/caches/modules-2/files-2.1/androidx.lifecycle/lifecycle-viewmodel-savedstate/2.6.2/483115c35b2926c3780dfdaf3f5d0342855e73b1/lifecycle-viewmodel-savedstate-2.6.2.aar because:
  Build cache is disabled
Skipping JetifyTransform: /home/runner/.gradle/caches/modules-2/files-2.1/androidx.lifecycle/lifecycle-viewmodel-savedstate/2.6.2/483115c35b2926c3780dfdaf3f5d0342855e73b1/lifecycle-viewmodel-savedstate-2.6.2.aar as it is up-to-date.
Transforming lifecycle-viewmodel-savedstate-2.6.2.aar (androidx.lifecycle:lifecycle-viewmodel-savedstate:2.6.2) with ExtractAarTransform
Caching disabled for ExtractAarTransform: /home/runner/.gradle/caches/transforms-3/8a2218b8f256d0c7ace53ed16049bee0/transformed/jetified-lifecycle-viewmodel-savedstate-2.6.2.aar because:
  Build cache is disabled
Skipping ExtractAarTransform: /home/runner/.gradle/caches/transforms-3/8a2218b8f256d0c7ace53ed16049bee0/transformed/jetified-lifecycle-viewmodel-savedstate-2.6.2.aar as it is up-to-date.
Transforming lifecycle-viewmodel-savedstate-2.6.2.aar (androidx.lifecycle:lifecycle-viewmodel-savedstate:2.6.2) with AarTransform
Caching disabled for AarTransform: /home/runner/.gradle/caches/transforms-3/971e8374cd892e93232b043b81dff083/transformed/jetified-lifecycle-viewmodel-savedstate-2.6.2 because:
  Build cache is disabled
Skipping AarTransform: /home/runner/.gradle/caches/transforms-3/971e8374cd892e93232b043b81dff083/transformed/jetified-lifecycle-viewmodel-savedstate-2.6.2 as it is up-to-date.
Downloading https://dl.google.com/dl/android/maven2/androidx/savedstate/savedstate/1.2.1/savedstate-1.2.1.aar to /home/runner/.gradle/.tmp/gradle_download11686526675488688532bin
Transforming savedstate-1.2.1.aar (androidx.savedstate:savedstate:1.2.1) with JetifyTransform
Caching disabled for JetifyTransform: /home/runner/.gradle/caches/modules-2/files-2.1/androidx.savedstate/savedstate/1.2.1/e364fc9dec32aa569d855f85864e50250318a093/savedstate-1.2.1.aar because:
  Build cache is disabled
Skipping JetifyTransform: /home/runner/.gradle/caches/modules-2/files-2.1/androidx.savedstate/savedstate/1.2.1/e364fc9dec32aa569d855f85864e50250318a093/savedstate-1.2.1.aar as it is up-to-date.
Transforming savedstate-1.2.1.aar (androidx.savedstate:savedstate:1.2.1) with ExtractAarTransform
Caching disabled for ExtractAarTransform: /home/runner/.gradle/caches/transforms-3/06882ff7d33453d3f89a91be1706e6a8/transformed/jetified-savedstate-1.2.1.aar because:
  Build cache is disabled
Skipping ExtractAarTransform: /home/runner/.gradle/caches/transforms-3/06882ff7d33453d3f89a91be1706e6a8/transformed/jetified-savedstate-1.2.1.aar as it is up-to-date.
Transforming savedstate-1.2.1.aar (androidx.savedstate:savedstate:1.2.1) with AarTransform
Caching disabled for AarTransform: /home/runner/.gradle/caches/transforms-3/8b48d9a1197a83570f6bb7952b8a480a/transformed/jetified-savedstate-1.2.1 because:
  Build cache is disabled
Skipping AarTransform: /home/runner/.gradle/caches/transforms-3/8b48d9a1197a83570f6bb7952b8a480a/transformed/jetified-savedstate-1.2.1 as it is up-to-date.
Downloading https://dl.google.com/dl/android/maven2/androidx/arch/core/core-runtime/2.2.0/core-runtime-2.2.0.aar to /home/runner/.gradle/.tmp/gradle_download18242113450494676783bin
Transforming core-runtime-2.2.0.aar (androidx.arch.core:core-runtime:2.2.0) with JetifyTransform
Caching disabled for JetifyTransform: /home/runner/.gradle/caches/modules-2/files-2.1/androidx.arch.core/core-runtime/2.2.0/39705982680d78556b679ef9d5400d4f17509b0b/core-runtime-2.2.0.aar because:
  Build cache is disabled
Skipping JetifyTransform: /home/runner/.gradle/caches/modules-2/files-2.1/androidx.arch.core/core-runtime/2.2.0/39705982680d78556b679ef9d5400d4f17509b0b/core-runtime-2.2.0.aar as it is up-to-date.
Transforming core-runtime-2.2.0.aar (androidx.arch.core:core-runtime:2.2.0) with ExtractAarTransform
Caching disabled for ExtractAarTransform: /home/runner/.gradle/caches/modules-2/files-2.1/androidx.arch.core/core-runtime/2.2.0/39705982680d78556b679ef9d5400d4f17509b0b/core-runtime-2.2.0.aar because:
  Build cache is disabled
Skipping ExtractAarTransform: /home/runner/.gradle/caches/modules-2/files-2.1/androidx.arch.core/core-runtime/2.2.0/39705982680d78556b679ef9d5400d4f17509b0b/core-runtime-2.2.0.aar as it is up-to-date.
Transforming core-runtime-2.2.0.aar (androidx.arch.core:core-runtime:2.2.0) with AarTransform
Caching disabled for AarTransform: /home/runner/.gradle/caches/transforms-3/00e51715982b78af096ea2b29d7737a5/transformed/core-runtime-2.2.0 because:
  Build cache is disabled
Skipping AarTransform: /home/runner/.gradle/caches/transforms-3/00e51715982b78af096ea2b29d7737a5/transformed/core-runtime-2.2.0 as it is up-to-date.
Downloading https://dl.google.com/dl/android/maven2/androidx/cursoradapter/cursoradapter/1.0.0/cursoradapter-1.0.0.aar to /home/runner/.gradle/.tmp/gradle_download17918281058992988346bin
Downloading https://dl.google.com/dl/android/maven2/androidx/versionedparcelable/versionedparcelable/1.1.1/versionedparcelable-1.1.1.aar to /home/runner/.gradle/.tmp/gradle_download9587558333581911340bin
Transforming cursoradapter-1.0.0.aar (androidx.cursoradapter:cursoradapter:1.0.0) with JetifyTransform
Transforming versionedparcelable-1.1.1.aar (androidx.versionedparcelable:versionedparcelable:1.1.1) with JetifyTransform
Caching disabled for JetifyTransform: /home/runner/.gradle/caches/modules-2/files-2.1/androidx.versionedparcelable/versionedparcelable/1.1.1/18e18071e7715679e0593c570217edeb5ca48b9e/versionedparcelable-1.1.1.aar because:
  Build cache is disabled
Caching disabled for JetifyTransform: /home/runner/.gradle/caches/modules-2/files-2.1/androidx.cursoradapter/cursoradapter/1.0.0/74014983a86b83cbce534dec4e7aa9312f5f5d82/cursoradapter-1.0.0.aar because:
  Build cache is disabled
Skipping JetifyTransform: /home/runner/.gradle/caches/modules-2/files-2.1/androidx.versionedparcelable/versionedparcelable/1.1.1/18e18071e7715679e0593c570217edeb5ca48b9e/versionedparcelable-1.1.1.aar as it is up-to-date.
Skipping JetifyTransform: /home/runner/.gradle/caches/modules-2/files-2.1/androidx.cursoradapter/cursoradapter/1.0.0/74014983a86b83cbce534dec4e7aa9312f5f5d82/cursoradapter-1.0.0.aar as it is up-to-date.
Transforming versionedparcelable-1.1.1.aar (androidx.versionedparcelable:versionedparcelable:1.1.1) with ExtractAarTransform
Transforming cursoradapter-1.0.0.aar (androidx.cursoradapter:cursoradapter:1.0.0) with ExtractAarTransform
Caching disabled for ExtractAarTransform: /home/runner/.gradle/caches/modules-2/files-2.1/androidx.versionedparcelable/versionedparcelable/1.1.1/18e18071e7715679e0593c570217edeb5ca48b9e/versionedparcelable-1.1.1.aar because:
  Build cache is disabled
Caching disabled for ExtractAarTransform: /home/runner/.gradle/caches/modules-2/files-2.1/androidx.cursoradapter/cursoradapter/1.0.0/74014983a86b83cbce534dec4e7aa9312f5f5d82/cursoradapter-1.0.0.aar because:
  Build cache is disabled
Skipping ExtractAarTransform: /home/runner/.gradle/caches/modules-2/files-2.1/androidx.versionedparcelable/versionedparcelable/1.1.1/18e18071e7715679e0593c570217edeb5ca48b9e/versionedparcelable-1.1.1.aar as it is up-to-date.
Skipping ExtractAarTransform: /home/runner/.gradle/caches/modules-2/files-2.1/androidx.cursoradapter/cursoradapter/1.0.0/74014983a86b83cbce534dec4e7aa9312f5f5d82/cursoradapter-1.0.0.aar as it is up-to-date.
Transforming versionedparcelable-1.1.1.aar (androidx.versionedparcelable:versionedparcelable:1.1.1) with AarTransform
Transforming cursoradapter-1.0.0.aar (androidx.cursoradapter:cursoradapter:1.0.0) with AarTransform
Caching disabled for AarTransform: /home/runner/.gradle/caches/transforms-3/0c857eaa378e1c798341155dbc28d9bd/transformed/versionedparcelable-1.1.1 because:
  Build cache is disabled
Skipping AarTransform: /home/runner/.gradle/caches/transforms-3/0c857eaa378e1c798341155dbc28d9bd/transformed/versionedparcelable-1.1.1 as it is up-to-date.
Caching disabled for AarTransform: /home/runner/.gradle/caches/transforms-3/f3b45a409efc9cd62f29ba84d5ea95cc/transformed/cursoradapter-1.0.0 because:
  Build cache is disabled
Skipping AarTransform: /home/runner/.gradle/caches/transforms-3/f3b45a409efc9cd62f29ba84d5ea95cc/transformed/cursoradapter-1.0.0 as it is up-to-date.
Downloading https://dl.google.com/dl/android/maven2/androidx/interpolator/interpolator/1.0.0/interpolator-1.0.0.aar to /home/runner/.gradle/.tmp/gradle_download8888455899946732188bin
Transforming interpolator-1.0.0.aar (androidx.interpolator:interpolator:1.0.0) with JetifyTransform
Caching disabled for JetifyTransform: /home/runner/.gradle/caches/modules-2/files-2.1/androidx.interpolator/interpolator/1.0.0/8a01fa254a23b9388571eb6334b03707c7d122d7/interpolator-1.0.0.aar because:
  Build cache is disabled
Skipping JetifyTransform: /home/runner/.gradle/caches/modules-2/files-2.1/androidx.interpolator/interpolator/1.0.0/8a01fa254a23b9388571eb6334b03707c7d122d7/interpolator-1.0.0.aar as it is up-to-date.
Transforming interpolator-1.0.0.aar (androidx.interpolator:interpolator:1.0.0) with ExtractAarTransform
Caching disabled for ExtractAarTransform: /home/runner/.gradle/caches/modules-2/files-2.1/androidx.interpolator/interpolator/1.0.0/8a01fa254a23b9388571eb6334b03707c7d122d7/interpolator-1.0.0.aar because:
  Build cache is disabled
Skipping ExtractAarTransform: /home/runner/.gradle/caches/modules-2/files-2.1/androidx.interpolator/interpolator/1.0.0/8a01fa254a23b9388571eb6334b03707c7d122d7/interpolator-1.0.0.aar as it is up-to-date.
Transforming interpolator-1.0.0.aar (androidx.interpolator:interpolator:1.0.0) with AarTransform
Caching disabled for AarTransform: /home/runner/.gradle/caches/transforms-3/6b9bb6a8c71662ca631e197a9e065197/transformed/interpolator-1.0.0 because:
  Build cache is disabled
Skipping AarTransform: /home/runner/.gradle/caches/transforms-3/6b9bb6a8c71662ca631e197a9e065197/transformed/interpolator-1.0.0 as it is up-to-date.
Downloading https://dl.google.com/dl/android/maven2/androidx/localbroadcastmanager/localbroadcastmanager/1.0.0/localbroadcastmanager-1.0.0.aar to /home/runner/.gradle/.tmp/gradle_download13059328315012776889bin
Transforming localbroadcastmanager-1.0.0.aar (androidx.localbroadcastmanager:localbroadcastmanager:1.0.0) with JetifyTransform
Downloading https://dl.google.com/dl/android/maven2/androidx/print/print/1.0.0/print-1.0.0.aar to /home/runner/.gradle/.tmp/gradle_download7290462165459345350bin
Transforming print-1.0.0.aar (androidx.print:print:1.0.0) with JetifyTransform
Caching disabled for JetifyTransform: /home/runner/.gradle/caches/modules-2/files-2.1/androidx.localbroadcastmanager/localbroadcastmanager/1.0.0/2734f31c8321e83ce6b60570d14777fc33cc2ece/localbroadcastmanager-1.0.0.aar because:
  Build cache is disabled
Skipping JetifyTransform: /home/runner/.gradle/caches/modules-2/files-2.1/androidx.localbroadcastmanager/localbroadcastmanager/1.0.0/2734f31c8321e83ce6b60570d14777fc33cc2ece/localbroadcastmanager-1.0.0.aar as it is up-to-date.
Transforming localbroadcastmanager-1.0.0.aar (androidx.localbroadcastmanager:localbroadcastmanager:1.0.0) with ExtractAarTransform
Caching disabled for JetifyTransform: /home/runner/.gradle/caches/modules-2/files-2.1/androidx.print/print/1.0.0/7722094652c48ebe27acc94d74a55e759e4635ff/print-1.0.0.aar because:
  Build cache is disabled
Skipping JetifyTransform: /home/runner/.gradle/caches/modules-2/files-2.1/androidx.print/print/1.0.0/7722094652c48ebe27acc94d74a55e759e4635ff/print-1.0.0.aar as it is up-to-date.
Transforming print-1.0.0.aar (androidx.print:print:1.0.0) with ExtractAarTransform
Caching disabled for ExtractAarTransform: /home/runner/.gradle/caches/modules-2/files-2.1/androidx.localbroadcastmanager/localbroadcastmanager/1.0.0/2734f31c8321e83ce6b60570d14777fc33cc2ece/localbroadcastmanager-1.0.0.aar because:
  Build cache is disabled
Caching disabled for ExtractAarTransform: /home/runner/.gradle/caches/modules-2/files-2.1/androidx.print/print/1.0.0/7722094652c48ebe27acc94d74a55e759e4635ff/print-1.0.0.aar because:
  Build cache is disabled
Skipping ExtractAarTransform: /home/runner/.gradle/caches/modules-2/files-2.1/androidx.print/print/1.0.0/7722094652c48ebe27acc94d74a55e759e4635ff/print-1.0.0.aar as it is up-to-date.
Transforming print-1.0.0.aar (androidx.print:print:1.0.0) with AarTransform
Caching disabled for AarTransform: /home/runner/.gradle/caches/transforms-3/de9d9b9757fdff3a4223c6aa6c8ab886/transformed/print-1.0.0 because:
  Build cache is disabled
Skipping AarTransform: /home/runner/.gradle/caches/transforms-3/de9d9b9757fdff3a4223c6aa6c8ab886/transformed/print-1.0.0 as it is up-to-date.
Skipping ExtractAarTransform: /home/runner/.gradle/caches/modules-2/files-2.1/androidx.localbroadcastmanager/localbroadcastmanager/1.0.0/2734f31c8321e83ce6b60570d14777fc33cc2ece/localbroadcastmanager-1.0.0.aar as it is up-to-date.
Transforming localbroadcastmanager-1.0.0.aar (androidx.localbroadcastmanager:localbroadcastmanager:1.0.0) with AarTransform
Caching disabled for AarTransform: /home/runner/.gradle/caches/transforms-3/74f1f93840a9c8a79ad563434633a795/transformed/localbroadcastmanager-1.0.0 because:
  Build cache is disabled
Skipping AarTransform: /home/runner/.gradle/caches/transforms-3/74f1f93840a9c8a79ad563434633a795/transformed/localbroadcastmanager-1.0.0 as it is up-to-date.
Downloading https://dl.google.com/dl/android/maven2/androidx/annotation/annotation-experimental/1.4.0/annotation-experimental-1.4.0.aar to /home/runner/.gradle/.tmp/gradle_download4589517986338097098bin
Transforming annotation-experimental-1.4.0.aar (androidx.annotation:annotation-experimental:1.4.0) with JetifyTransform
Caching disabled for JetifyTransform: /home/runner/.gradle/caches/modules-2/files-2.1/androidx.annotation/annotation-experimental/1.4.0/c7a2038d831d0cfbfb9a440890b287c2e839ecf/annotation-experimental-1.4.0.aar because:
  Build cache is disabled
Skipping JetifyTransform: /home/runner/.gradle/caches/modules-2/files-2.1/androidx.annotation/annotation-experimental/1.4.0/c7a2038d831d0cfbfb9a440890b287c2e839ecf/annotation-experimental-1.4.0.aar as it is up-to-date.
Transforming annotation-experimental-1.4.0.aar (androidx.annotation:annotation-experimental:1.4.0) with ExtractAarTransform
Caching disabled for ExtractAarTransform: /home/runner/.gradle/caches/transforms-3/20f3991a8e1fcfbb5ccbe4a4e0ad9de0/transformed/jetified-annotation-experimental-1.4.0.aar because:
  Build cache is disabled
Skipping ExtractAarTransform: /home/runner/.gradle/caches/transforms-3/20f3991a8e1fcfbb5ccbe4a4e0ad9de0/transformed/jetified-annotation-experimental-1.4.0.aar as it is up-to-date.
Transforming annotation-experimental-1.4.0.aar (androidx.annotation:annotation-experimental:1.4.0) with AarTransform
Caching disabled for AarTransform: /home/runner/.gradle/caches/transforms-3/040541bbba9c66137e3b065555d548f5/transformed/jetified-annotation-experimental-1.4.0 because:
  Build cache is disabled
Skipping AarTransform: /home/runner/.gradle/caches/transforms-3/040541bbba9c66137e3b065555d548f5/transformed/jetified-annotation-experimental-1.4.0 as it is up-to-date.
Downloading https://dl.google.com/dl/android/maven2/androidx/constraintlayout/constraintlayout/2.1.4/constraintlayout-2.1.4.aar to /home/runner/.gradle/.tmp/gradle_download10491480476935862342bin
Transforming constraintlayout-2.1.4.aar (androidx.constraintlayout:constraintlayout:2.1.4) with JetifyTransform
Caching disabled for JetifyTransform: /home/runner/.gradle/caches/modules-2/files-2.1/androidx.constraintlayout/constraintlayout/2.1.4/b7ad5eca28aa9e7c4ea1a7e256c7ee4401a031f/constraintlayout-2.1.4.aar because:
  Build cache is disabled
Skipping JetifyTransform: /home/runner/.gradle/caches/modules-2/files-2.1/androidx.constraintlayout/constraintlayout/2.1.4/b7ad5eca28aa9e7c4ea1a7e256c7ee4401a031f/constraintlayout-2.1.4.aar as it is up-to-date.
Transforming constraintlayout-2.1.4.aar (androidx.constraintlayout:constraintlayout:2.1.4) with ExtractAarTransform
Caching disabled for ExtractAarTransform: /home/runner/.gradle/caches/modules-2/files-2.1/androidx.constraintlayout/constraintlayout/2.1.4/b7ad5eca28aa9e7c4ea1a7e256c7ee4401a031f/constraintlayout-2.1.4.aar because:
  Build cache is disabled
Skipping ExtractAarTransform: /home/runner/.gradle/caches/modules-2/files-2.1/androidx.constraintlayout/constraintlayout/2.1.4/b7ad5eca28aa9e7c4ea1a7e256c7ee4401a031f/constraintlayout-2.1.4.aar as it is up-to-date.
Transforming constraintlayout-2.1.4.aar (androidx.constraintlayout:constraintlayout:2.1.4) with AarTransform
Caching disabled for AarTransform: /home/runner/.gradle/caches/transforms-3/4986230a3613e9c8878387b9e002f926/transformed/constraintlayout-2.1.4 because:
  Build cache is disabled
Skipping AarTransform: /home/runner/.gradle/caches/transforms-3/4986230a3613e9c8878387b9e002f926/transformed/constraintlayout-2.1.4 as it is up-to-date.
Downloading https://dl.google.com/dl/android/maven2/androidx/documentfile/documentfile/1.0.0/documentfile-1.0.0.aar to /home/runner/.gradle/.tmp/gradle_download6185031974409931939bin
Transforming documentfile-1.0.0.aar (androidx.documentfile:documentfile:1.0.0) with JetifyTransform
Caching disabled for JetifyTransform: /home/runner/.gradle/caches/modules-2/files-2.1/androidx.documentfile/documentfile/1.0.0/66104345c90cd8c2fd5ad2d3aad692b280e10c32/documentfile-1.0.0.aar because:
  Build cache is disabled
Skipping JetifyTransform: /home/runner/.gradle/caches/modules-2/files-2.1/androidx.documentfile/documentfile/1.0.0/66104345c90cd8c2fd5ad2d3aad692b280e10c32/documentfile-1.0.0.aar as it is up-to-date.
Transforming documentfile-1.0.0.aar (androidx.documentfile:documentfile:1.0.0) with ExtractAarTransform
Caching disabled for ExtractAarTransform: /home/runner/.gradle/caches/modules-2/files-2.1/androidx.documentfile/documentfile/1.0.0/66104345c90cd8c2fd5ad2d3aad692b280e10c32/documentfile-1.0.0.aar because:
  Build cache is disabled
Skipping ExtractAarTransform: /home/runner/.gradle/caches/modules-2/files-2.1/androidx.documentfile/documentfile/1.0.0/66104345c90cd8c2fd5ad2d3aad692b280e10c32/documentfile-1.0.0.aar as it is up-to-date.
Transforming documentfile-1.0.0.aar (androidx.documentfile:documentfile:1.0.0) with AarTransform
Caching disabled for AarTransform: /home/runner/.gradle/caches/transforms-3/f93fd9f7f264506b697bc40ed42a22df/transformed/documentfile-1.0.0 because:
  Build cache is disabled
Skipping AarTransform: /home/runner/.gradle/caches/transforms-3/f93fd9f7f264506b697bc40ed42a22df/transformed/documentfile-1.0.0 as it is up-to-date.
Transforming viewbinding-8.2.2.aar (androidx.databinding:viewbinding:8.2.2) with JetifyTransform
Transforming viewbinding-8.2.2.aar (androidx.databinding:viewbinding:8.2.2) with ExtractAarTransform
Transforming viewbinding-8.2.2.aar (androidx.databinding:viewbinding:8.2.2) with AarTransform
Transforming material-1.12.0.aar (com.google.android.material:material:1.12.0) with JetifyTransform
Transforming material-1.12.0.aar (com.google.android.material:material:1.12.0) with ExtractAarTransform
Transforming material-1.12.0.aar (com.google.android.material:material:1.12.0) with AarTransform
Transforming constraintlayout-2.1.4.aar (androidx.constraintlayout:constraintlayout:2.1.4) with JetifyTransform
Transforming constraintlayout-2.1.4.aar (androidx.constraintlayout:constraintlayout:2.1.4) with ExtractAarTransform
Transforming constraintlayout-2.1.4.aar (androidx.constraintlayout:constraintlayout:2.1.4) with AarTransform
Transforming appcompat-resources-1.7.0.aar (androidx.appcompat:appcompat-resources:1.7.0) with JetifyTransform
Transforming appcompat-resources-1.7.0.aar (androidx.appcompat:appcompat-resources:1.7.0) with ExtractAarTransform
Transforming appcompat-resources-1.7.0.aar (androidx.appcompat:appcompat-resources:1.7.0) with AarTransform
Transforming appcompat-1.7.0.aar (androidx.appcompat:appcompat:1.7.0) with JetifyTransform
Transforming appcompat-1.7.0.aar (androidx.appcompat:appcompat:1.7.0) with ExtractAarTransform
Transforming appcompat-1.7.0.aar (androidx.appcompat:appcompat:1.7.0) with AarTransform
Transforming viewpager2-1.1.0-beta02.aar (androidx.viewpager2:viewpager2:1.1.0-beta02) with JetifyTransform
Transforming viewpager2-1.1.0-beta02.aar (androidx.viewpager2:viewpager2:1.1.0-beta02) with ExtractAarTransform
Transforming viewpager2-1.1.0-beta02.aar (androidx.viewpager2:viewpager2:1.1.0-beta02) with AarTransform
Transforming recyclerview-1.3.2.aar (androidx.recyclerview:recyclerview:1.3.2) with JetifyTransform
Transforming recyclerview-1.3.2.aar (androidx.recyclerview:recyclerview:1.3.2) with ExtractAarTransform
Transforming recyclerview-1.3.2.aar (androidx.recyclerview:recyclerview:1.3.2) with AarTransform
Transforming cardview-1.0.0.aar (androidx.cardview:cardview:1.0.0) with JetifyTransform
Transforming cardview-1.0.0.aar (androidx.cardview:cardview:1.0.0) with ExtractAarTransform
Transforming cardview-1.0.0.aar (androidx.cardview:cardview:1.0.0) with AarTransform
Transforming fragment-1.5.4.aar (androidx.fragment:fragment:1.5.4) with JetifyTransform
Transforming fragment-1.5.4.aar (androidx.fragment:fragment:1.5.4) with ExtractAarTransform
Transforming fragment-1.5.4.aar (androidx.fragment:fragment:1.5.4) with AarTransform
Transforming activity-1.8.0.aar (androidx.activity:activity:1.8.0) with JetifyTransform
Transforming activity-1.8.0.aar (androidx.activity:activity:1.8.0) with ExtractAarTransform
Transforming activity-1.8.0.aar (androidx.activity:activity:1.8.0) with AarTransform
Transforming drawerlayout-1.1.1.aar (androidx.drawerlayout:drawerlayout:1.1.1) with JetifyTransform
Transforming drawerlayout-1.1.1.aar (androidx.drawerlayout:drawerlayout:1.1.1) with ExtractAarTransform
Transforming drawerlayout-1.1.1.aar (androidx.drawerlayout:drawerlayout:1.1.1) with AarTransform
Transforming coordinatorlayout-1.1.0.aar (androidx.coordinatorlayout:coordinatorlayout:1.1.0) with JetifyTransform
Transforming coordinatorlayout-1.1.0.aar (androidx.coordinatorlayout:coordinatorlayout:1.1.0) with ExtractAarTransform
Transforming coordinatorlayout-1.1.0.aar (androidx.coordinatorlayout:coordinatorlayout:1.1.0) with AarTransform
Transforming transition-1.5.0.aar (androidx.transition:transition:1.5.0) with JetifyTransform
Transforming transition-1.5.0.aar (androidx.transition:transition:1.5.0) with ExtractAarTransform
Transforming transition-1.5.0.aar (androidx.transition:transition:1.5.0) with AarTransform
Transforming dynamicanimation-1.0.0.aar (androidx.dynamicanimation:dynamicanimation:1.0.0) with JetifyTransform
Transforming dynamicanimation-1.0.0.aar (androidx.dynamicanimation:dynamicanimation:1.0.0) with ExtractAarTransform
Transforming dynamicanimation-1.0.0.aar (androidx.dynamicanimation:dynamicanimation:1.0.0) with AarTransform
Transforming vectordrawable-animated-1.1.0.aar (androidx.vectordrawable:vectordrawable-animated:1.1.0) with JetifyTransform
Transforming vectordrawable-animated-1.1.0.aar (androidx.vectordrawable:vectordrawable-animated:1.1.0) with ExtractAarTransform
Transforming vectordrawable-animated-1.1.0.aar (androidx.vectordrawable:vectordrawable-animated:1.1.0) with AarTransform
Transforming vectordrawable-1.1.0.aar (androidx.vectordrawable:vectordrawable:1.1.0) with JetifyTransform
Transforming vectordrawable-1.1.0.aar (androidx.vectordrawable:vectordrawable:1.1.0) with ExtractAarTransform
Transforming vectordrawable-1.1.0.aar (androidx.vectordrawable:vectordrawable:1.1.0) with AarTransform
Transforming savedstate-1.2.1.aar (androidx.savedstate:savedstate:1.2.1) with JetifyTransform
Transforming savedstate-1.2.1.aar (androidx.savedstate:savedstate:1.2.1) with ExtractAarTransform
Transforming savedstate-1.2.1.aar (androidx.savedstate:savedstate:1.2.1) with AarTransform
Transforming loader-1.0.0.aar (androidx.loader:loader:1.0.0) with JetifyTransform
Transforming loader-1.0.0.aar (androidx.loader:loader:1.0.0) with ExtractAarTransform
Transforming loader-1.0.0.aar (androidx.loader:loader:1.0.0) with AarTransform
Transforming lifecycle-viewmodel-2.6.2.aar (androidx.lifecycle:lifecycle-viewmodel:2.6.2) with JetifyTransform
Transforming lifecycle-viewmodel-2.6.2.aar (androidx.lifecycle:lifecycle-viewmodel:2.6.2) with ExtractAarTransform
Transforming lifecycle-viewmodel-2.6.2.aar (androidx.lifecycle:lifecycle-viewmodel:2.6.2) with AarTransform
Transforming lifecycle-livedata-core-2.6.2.aar (androidx.lifecycle:lifecycle-livedata-core:2.6.2) with JetifyTransform
Transforming lifecycle-livedata-core-2.6.2.aar (androidx.lifecycle:lifecycle-livedata-core:2.6.2) with ExtractAarTransform
Transforming lifecycle-livedata-core-2.6.2.aar (androidx.lifecycle:lifecycle-livedata-core:2.6.2) with AarTransform
Transforming lifecycle-runtime-2.6.2.aar (androidx.lifecycle:lifecycle-runtime:2.6.2) with JetifyTransform
Transforming lifecycle-runtime-2.6.2.aar (androidx.lifecycle:lifecycle-runtime:2.6.2) with ExtractAarTransform
Transforming lifecycle-runtime-2.6.2.aar (androidx.lifecycle:lifecycle-runtime:2.6.2) with AarTransform
Transforming lifecycle-viewmodel-savedstate-2.6.2.aar (androidx.lifecycle:lifecycle-viewmodel-savedstate:2.6.2) with JetifyTransform
Transforming lifecycle-viewmodel-savedstate-2.6.2.aar (androidx.lifecycle:lifecycle-viewmodel-savedstate:2.6.2) with ExtractAarTransform
Transforming lifecycle-viewmodel-savedstate-2.6.2.aar (androidx.lifecycle:lifecycle-viewmodel-savedstate:2.6.2) with AarTransform
Transforming core-ktx-1.13.1.aar (androidx.core:core-ktx:1.13.1) with JetifyTransform
Transforming core-ktx-1.13.1.aar (androidx.core:core-ktx:1.13.1) with ExtractAarTransform
Transforming core-ktx-1.13.1.aar (androidx.core:core-ktx:1.13.1) with AarTransform
Transforming viewpager-1.0.0.aar (androidx.viewpager:viewpager:1.0.0) with JetifyTransform
Transforming viewpager-1.0.0.aar (androidx.viewpager:viewpager:1.0.0) with ExtractAarTransform
Transforming viewpager-1.0.0.aar (androidx.viewpager:viewpager:1.0.0) with AarTransform
Transforming customview-1.1.0.aar (androidx.customview:customview:1.1.0) with JetifyTransform
Transforming customview-1.1.0.aar (androidx.customview:customview:1.1.0) with ExtractAarTransform
Transforming customview-1.1.0.aar (androidx.customview:customview:1.1.0) with AarTransform
Transforming core-1.13.1.aar (androidx.core:core:1.13.1) with JetifyTransform
Transforming core-1.13.1.aar (androidx.core:core:1.13.1) with ExtractAarTransform
Transforming core-1.13.1.aar (androidx.core:core:1.13.1) with AarTransform
Transforming cursoradapter-1.0.0.aar (androidx.cursoradapter:cursoradapter:1.0.0) with JetifyTransform
Transforming cursoradapter-1.0.0.aar (androidx.cursoradapter:cursoradapter:1.0.0) with ExtractAarTransform
Transforming cursoradapter-1.0.0.aar (androidx.cursoradapter:cursoradapter:1.0.0) with AarTransform
Transforming interpolator-1.0.0.aar (androidx.interpolator:interpolator:1.0.0) with JetifyTransform
Transforming interpolator-1.0.0.aar (androidx.interpolator:interpolator:1.0.0) with ExtractAarTransform
Transforming interpolator-1.0.0.aar (androidx.interpolator:interpolator:1.0.0) with AarTransform
Transforming versionedparcelable-1.1.1.aar (androidx.versionedparcelable:versionedparcelable:1.1.1) with JetifyTransform
Transforming versionedparcelable-1.1.1.aar (androidx.versionedparcelable:versionedparcelable:1.1.1) with ExtractAarTransform
Transforming versionedparcelable-1.1.1.aar (androidx.versionedparcelable:versionedparcelable:1.1.1) with AarTransform
Transforming core-runtime-2.2.0.aar (androidx.arch.core:core-runtime:2.2.0) with JetifyTransform
Transforming core-runtime-2.2.0.aar (androidx.arch.core:core-runtime:2.2.0) with ExtractAarTransform
Transforming core-runtime-2.2.0.aar (androidx.arch.core:core-runtime:2.2.0) with AarTransform
Transforming annotation-experimental-1.4.0.aar (androidx.annotation:annotation-experimental:1.4.0) with JetifyTransform
Transforming annotation-experimental-1.4.0.aar (androidx.annotation:annotation-experimental:1.4.0) with ExtractAarTransform
Transforming annotation-experimental-1.4.0.aar (androidx.annotation:annotation-experimental:1.4.0) with AarTransform
Downloading https://dl.google.com/dl/android/maven2/androidx/customview/customview-poolingcontainer/1.0.0/customview-poolingcontainer-1.0.0.aar to /home/runner/.gradle/.tmp/gradle_download8191389069099846009bin
Downloading https://dl.google.com/dl/android/maven2/androidx/emoji2/emoji2-views-helper/1.3.0/emoji2-views-helper-1.3.0.aar to /home/runner/.gradle/.tmp/gradle_download14276200463435860523bin
Downloading https://dl.google.com/dl/android/maven2/androidx/emoji2/emoji2/1.3.0/emoji2-1.3.0.aar to /home/runner/.gradle/.tmp/gradle_download15688596476641510218bin
Transforming customview-poolingcontainer-1.0.0.aar (androidx.customview:customview-poolingcontainer:1.0.0) with JetifyTransform
Caching disabled for JetifyTransform: /home/runner/.gradle/caches/modules-2/files-2.1/androidx.customview/customview-poolingcontainer/1.0.0/579fc832cf0e5be08d8d9571850b50d22d9de3c/customview-poolingcontainer-1.0.0.aar because:
  Build cache is disabled
Skipping JetifyTransform: /home/runner/.gradle/caches/modules-2/files-2.1/androidx.customview/customview-poolingcontainer/1.0.0/579fc832cf0e5be08d8d9571850b50d22d9de3c/customview-poolingcontainer-1.0.0.aar as it is up-to-date.
Transforming customview-poolingcontainer-1.0.0.aar (androidx.customview:customview-poolingcontainer:1.0.0) with ExtractAarTransform
Downloading https://dl.google.com/dl/android/maven2/androidx/lifecycle/lifecycle-process/2.6.2/lifecycle-process-2.6.2.aar to /home/runner/.gradle/.tmp/gradle_download3317431796703625236bin
Caching disabled for ExtractAarTransform: /home/runner/.gradle/caches/transforms-3/5136d2469c78edc297c7efd160e4ab6c/transformed/jetified-customview-poolingcontainer-1.0.0.aar because:
  Build cache is disabled
Skipping ExtractAarTransform: /home/runner/.gradle/caches/transforms-3/5136d2469c78edc297c7efd160e4ab6c/transformed/jetified-customview-poolingcontainer-1.0.0.aar as it is up-to-date.
Transforming customview-poolingcontainer-1.0.0.aar (androidx.customview:customview-poolingcontainer:1.0.0) with AarTransform
Caching disabled for AarTransform: /home/runner/.gradle/caches/transforms-3/f70414e7656dffaa563fcba9e5ff730b/transformed/jetified-customview-poolingcontainer-1.0.0 because:
  Build cache is disabled
Skipping AarTransform: /home/runner/.gradle/caches/transforms-3/f70414e7656dffaa563fcba9e5ff730b/transformed/jetified-customview-poolingcontainer-1.0.0 as it is up-to-date.
Transforming emoji2-views-helper-1.3.0.aar (androidx.emoji2:emoji2-views-helper:1.3.0) with JetifyTransform
Caching disabled for JetifyTransform: /home/runner/.gradle/caches/modules-2/files-2.1/androidx.emoji2/emoji2-views-helper/1.3.0/7bef7c1117bb40ef41ee0641cd1d2d605e2d607c/emoji2-views-helper-1.3.0.aar because:
  Build cache is disabled
Skipping JetifyTransform: /home/runner/.gradle/caches/modules-2/files-2.1/androidx.emoji2/emoji2-views-helper/1.3.0/7bef7c1117bb40ef41ee0641cd1d2d605e2d607c/emoji2-views-helper-1.3.0.aar as it is up-to-date.
Transforming emoji2-views-helper-1.3.0.aar (androidx.emoji2:emoji2-views-helper:1.3.0) with ExtractAarTransform
Caching disabled for ExtractAarTransform: /home/runner/.gradle/caches/transforms-3/eee9a256d564c615fc63888a12331559/transformed/jetified-emoji2-views-helper-1.3.0.aar because:
  Build cache is disabled
Skipping ExtractAarTransform: /home/runner/.gradle/caches/transforms-3/eee9a256d564c615fc63888a12331559/transformed/jetified-emoji2-views-helper-1.3.0.aar as it is up-to-date.
Transforming emoji2-views-helper-1.3.0.aar (androidx.emoji2:emoji2-views-helper:1.3.0) with AarTransform
Caching disabled for AarTransform: /home/runner/.gradle/caches/transforms-3/1fd4c804b162fdb57cf438768b0cdaff/transformed/jetified-emoji2-views-helper-1.3.0 because:
  Build cache is disabled
Skipping AarTransform: /home/runner/.gradle/caches/transforms-3/1fd4c804b162fdb57cf438768b0cdaff/transformed/jetified-emoji2-views-helper-1.3.0 as it is up-to-date.
Transforming lifecycle-process-2.6.2.aar (androidx.lifecycle:lifecycle-process:2.6.2) with JetifyTransform
Caching disabled for JetifyTransform: /home/runner/.gradle/caches/modules-2/files-2.1/androidx.lifecycle/lifecycle-process/2.6.2/1cda99630dfe13ea65f63d05821187bfe87a5967/lifecycle-process-2.6.2.aar because:
  Build cache is disabled
Skipping JetifyTransform: /home/runner/.gradle/caches/modules-2/files-2.1/androidx.lifecycle/lifecycle-process/2.6.2/1cda99630dfe13ea65f63d05821187bfe87a5967/lifecycle-process-2.6.2.aar as it is up-to-date.
Transforming lifecycle-process-2.6.2.aar (androidx.lifecycle:lifecycle-process:2.6.2) with ExtractAarTransform
Caching disabled for ExtractAarTransform: /home/runner/.gradle/caches/transforms-3/b0576064de59586c0e457afaba1d2707/transformed/jetified-lifecycle-process-2.6.2.aar because:
  Build cache is disabled
Skipping ExtractAarTransform: /home/runner/.gradle/caches/transforms-3/b0576064de59586c0e457afaba1d2707/transformed/jetified-lifecycle-process-2.6.2.aar as it is up-to-date.
Transforming lifecycle-process-2.6.2.aar (androidx.lifecycle:lifecycle-process:2.6.2) with AarTransform
Caching disabled for AarTransform: /home/runner/.gradle/caches/transforms-3/ee63f22118ed27eb76e1f3c7f951274b/transformed/jetified-lifecycle-process-2.6.2 because:
  Build cache is disabled
Skipping AarTransform: /home/runner/.gradle/caches/transforms-3/ee63f22118ed27eb76e1f3c7f951274b/transformed/jetified-lifecycle-process-2.6.2 as it is up-to-date.
Transforming emoji2-1.3.0.aar (androidx.emoji2:emoji2:1.3.0) with JetifyTransform
Caching disabled for JetifyTransform: /home/runner/.gradle/caches/modules-2/files-2.1/androidx.emoji2/emoji2/1.3.0/37ed42991ddf77924510472dba632314aab1c9d9/emoji2-1.3.0.aar because:
  Build cache is disabled
Skipping JetifyTransform: /home/runner/.gradle/caches/modules-2/files-2.1/androidx.emoji2/emoji2/1.3.0/37ed42991ddf77924510472dba632314aab1c9d9/emoji2-1.3.0.aar as it is up-to-date.
Transforming emoji2-1.3.0.aar (androidx.emoji2:emoji2:1.3.0) with ExtractAarTransform
Caching disabled for ExtractAarTransform: /home/runner/.gradle/caches/transforms-3/25f25418e05bc4f7d8bf750f10d56e07/transformed/jetified-emoji2-1.3.0.aar because:
  Build cache is disabled
Skipping ExtractAarTransform: /home/runner/.gradle/caches/transforms-3/25f25418e05bc4f7d8bf750f10d56e07/transformed/jetified-emoji2-1.3.0.aar as it is up-to-date.
Transforming emoji2-1.3.0.aar (androidx.emoji2:emoji2:1.3.0) with AarTransform
Caching disabled for AarTransform: /home/runner/.gradle/caches/transforms-3/1233487f8a8b2c105e4478097ec9c397/transformed/jetified-emoji2-1.3.0 because:
  Build cache is disabled
Skipping AarTransform: /home/runner/.gradle/caches/transforms-3/1233487f8a8b2c105e4478097ec9c397/transformed/jetified-emoji2-1.3.0 as it is up-to-date.
Downloading https://dl.google.com/dl/android/maven2/androidx/profileinstaller/profileinstaller/1.3.1/profileinstaller-1.3.1.aar to /home/runner/.gradle/.tmp/gradle_download10813740717731888766bin
Downloading https://dl.google.com/dl/android/maven2/androidx/startup/startup-runtime/1.1.1/startup-runtime-1.1.1.aar to /home/runner/.gradle/.tmp/gradle_download3087097581538459796bin
Transforming startup-runtime-1.1.1.aar (androidx.startup:startup-runtime:1.1.1) with JetifyTransform
Caching disabled for JetifyTransform: /home/runner/.gradle/caches/modules-2/files-2.1/androidx.startup/startup-runtime/1.1.1/9d4ba67056aff98b69eadc1477c19a1e67cb9470/startup-runtime-1.1.1.aar because:
  Build cache is disabled
Skipping JetifyTransform: /home/runner/.gradle/caches/modules-2/files-2.1/androidx.startup/startup-runtime/1.1.1/9d4ba67056aff98b69eadc1477c19a1e67cb9470/startup-runtime-1.1.1.aar as it is up-to-date.
Transforming startup-runtime-1.1.1.aar (androidx.startup:startup-runtime:1.1.1) with ExtractAarTransform
Transforming profileinstaller-1.3.1.aar (androidx.profileinstaller:profileinstaller:1.3.1) with JetifyTransform
Caching disabled for JetifyTransform: /home/runner/.gradle/caches/modules-2/files-2.1/androidx.profileinstaller/profileinstaller/1.3.1/c0bac819b4f88a648011542273373d1e5093e3a7/profileinstaller-1.3.1.aar because:
  Build cache is disabled
Skipping JetifyTransform: /home/runner/.gradle/caches/modules-2/files-2.1/androidx.profileinstaller/profileinstaller/1.3.1/c0bac819b4f88a648011542273373d1e5093e3a7/profileinstaller-1.3.1.aar as it is up-to-date.
Transforming profileinstaller-1.3.1.aar (androidx.profileinstaller:profileinstaller:1.3.1) with ExtractAarTransform
Caching disabled for ExtractAarTransform: /home/runner/.gradle/caches/transforms-3/9467db830382d7dfcc9f466e40b1d227/transformed/jetified-startup-runtime-1.1.1.aar because:
  Build cache is disabled
Skipping ExtractAarTransform: /home/runner/.gradle/caches/transforms-3/9467db830382d7dfcc9f466e40b1d227/transformed/jetified-startup-runtime-1.1.1.aar as it is up-to-date.
Transforming startup-runtime-1.1.1.aar (androidx.startup:startup-runtime:1.1.1) with AarTransform
Caching disabled for AarTransform: /home/runner/.gradle/caches/transforms-3/929f9fa80841e5d7d97393a6896db7a1/transformed/jetified-startup-runtime-1.1.1 because:
  Build cache is disabled
Skipping AarTransform: /home/runner/.gradle/caches/transforms-3/929f9fa80841e5d7d97393a6896db7a1/transformed/jetified-startup-runtime-1.1.1 as it is up-to-date.
Caching disabled for ExtractAarTransform: /home/runner/.gradle/caches/transforms-3/931cc62bd35ea0a93325b66342d2bcfa/transformed/jetified-profileinstaller-1.3.1.aar because:
  Build cache is disabled
Skipping ExtractAarTransform: /home/runner/.gradle/caches/transforms-3/931cc62bd35ea0a93325b66342d2bcfa/transformed/jetified-profileinstaller-1.3.1.aar as it is up-to-date.
Transforming profileinstaller-1.3.1.aar (androidx.profileinstaller:profileinstaller:1.3.1) with AarTransform
Caching disabled for AarTransform: /home/runner/.gradle/caches/transforms-3/dcac8580948742d9679b4cc476009a8c/transformed/jetified-profileinstaller-1.3.1 because:
  Build cache is disabled
Skipping AarTransform: /home/runner/.gradle/caches/transforms-3/dcac8580948742d9679b4cc476009a8c/transformed/jetified-profileinstaller-1.3.1 as it is up-to-date.
Downloading https://dl.google.com/dl/android/maven2/androidx/tracing/tracing/1.0.0/tracing-1.0.0.aar to /home/runner/.gradle/.tmp/gradle_download3514379553450522898bin
Transforming tracing-1.0.0.aar (androidx.tracing:tracing:1.0.0) with JetifyTransform
Caching disabled for JetifyTransform: /home/runner/.gradle/caches/modules-2/files-2.1/androidx.tracing/tracing/1.0.0/69cef34711dffbc517e7a0a419ec4a98f84f496a/tracing-1.0.0.aar because:
  Build cache is disabled
Skipping JetifyTransform: /home/runner/.gradle/caches/modules-2/files-2.1/androidx.tracing/tracing/1.0.0/69cef34711dffbc517e7a0a419ec4a98f84f496a/tracing-1.0.0.aar as it is up-to-date.
Transforming tracing-1.0.0.aar (androidx.tracing:tracing:1.0.0) with ExtractAarTransform
Caching disabled for ExtractAarTransform: /home/runner/.gradle/caches/transforms-3/874ee314ce2566803436ebbab8213bd5/transformed/jetified-tracing-1.0.0.aar because:
  Build cache is disabled
Skipping ExtractAarTransform: /home/runner/.gradle/caches/transforms-3/874ee314ce2566803436ebbab8213bd5/transformed/jetified-tracing-1.0.0.aar as it is up-to-date.
Transforming tracing-1.0.0.aar (androidx.tracing:tracing:1.0.0) with AarTransform
Caching disabled for AarTransform: /home/runner/.gradle/caches/transforms-3/ce160dbbfa3de34d01d231cdb832e663/transformed/jetified-tracing-1.0.0 because:
  Build cache is disabled
Skipping AarTransform: /home/runner/.gradle/caches/transforms-3/ce160dbbfa3de34d01d231cdb832e663/transformed/jetified-tracing-1.0.0 as it is up-to-date.
Caching disabled for task ':app:dataBindingMergeDependencyArtifactsDebug' because:
  Build cache is disabled
Task ':app:dataBindingMergeDependencyArtifactsDebug' is not up-to-date because:
  No history is available.
Watching 0 directories to track changes
Watching 1 directories to track changes
Watching 2 directories to track changes
Watching 3 directories to track changes
Resolve mutations for :app:packageDebugResources (Thread[Execution worker,5,main]) started.
:app:packageDebugResources (Thread[Execution worker,5,main]) started.

> Task :app:packageDebugResources
Watching 15 directories to track changes
Watching 16 directories to track changes
Watching 16 directories to track changes
Caching disabled for task ':app:packageDebugResources' because:
  Build cache is disabled
Task ':app:packageDebugResources' is not up-to-date because:
  No history is available.
The input changes require a full rebuild for incremental task ':app:packageDebugResources'.
Watching 16 directories to track changes
Watching 15 directories to track changes
Watching 14 directories to track changes
[MergeResources] Inputs are non-incremental full task action.
Watching 15 directories to track changes
Watching 20 directories to track changes
Watching 29 directories to track changes
Resolve mutations for :app:parseDebugLocalResources (Thread[Execution worker,5,main]) started.
:app:parseDebugLocalResources (Thread[Execution worker,5,main]) started.

> Task :app:mergeDebugResources
Watching 5 directories to track changes
Watching 5 directories to track changes
Watching 6 directories to track changes
Watching 6 directories to track changes
Watching 6 directories to track changes
Transforming viewbinding-8.2.2.aar (androidx.databinding:viewbinding:8.2.2) with JetifyTransform
Transforming viewbinding-8.2.2.aar (androidx.databinding:viewbinding:8.2.2) with ExtractAarTransform
Transforming viewbinding-8.2.2.aar (androidx.databinding:viewbinding:8.2.2) with AarTransform
Transforming material-1.12.0.aar (com.google.android.material:material:1.12.0) with JetifyTransform
Transforming material-1.12.0.aar (com.google.android.material:material:1.12.0) with ExtractAarTransform
Transforming material-1.12.0.aar (com.google.android.material:material:1.12.0) with AarTransform
Transforming constraintlayout-2.1.4.aar (androidx.constraintlayout:constraintlayout:2.1.4) with JetifyTransform
Transforming constraintlayout-2.1.4.aar (androidx.constraintlayout:constraintlayout:2.1.4) with ExtractAarTransform
Transforming constraintlayout-2.1.4.aar (androidx.constraintlayout:constraintlayout:2.1.4) with AarTransform
Transforming appcompat-resources-1.7.0.aar (androidx.appcompat:appcompat-resources:1.7.0) with JetifyTransform
Transforming appcompat-resources-1.7.0.aar (androidx.appcompat:appcompat-resources:1.7.0) with ExtractAarTransform
Transforming appcompat-resources-1.7.0.aar (androidx.appcompat:appcompat-resources:1.7.0) with AarTransform
Transforming appcompat-1.7.0.aar (androidx.appcompat:appcompat:1.7.0) with JetifyTransform
Transforming appcompat-1.7.0.aar (androidx.appcompat:appcompat:1.7.0) with ExtractAarTransform
Transforming appcompat-1.7.0.aar (androidx.appcompat:appcompat:1.7.0) with AarTransform
Transforming viewpager2-1.1.0-beta02.aar (androidx.viewpager2:viewpager2:1.1.0-beta02) with JetifyTransform
Transforming viewpager2-1.1.0-beta02.aar (androidx.viewpager2:viewpager2:1.1.0-beta02) with ExtractAarTransform
Transforming viewpager2-1.1.0-beta02.aar (androidx.viewpager2:viewpager2:1.1.0-beta02) with AarTransform
Transforming recyclerview-1.3.2.aar (androidx.recyclerview:recyclerview:1.3.2) with JetifyTransform
Transforming recyclerview-1.3.2.aar (androidx.recyclerview:recyclerview:1.3.2) with ExtractAarTransform
Transforming recyclerview-1.3.2.aar (androidx.recyclerview:recyclerview:1.3.2) with AarTransform
Transforming cardview-1.0.0.aar (androidx.cardview:cardview:1.0.0) with JetifyTransform
Transforming cardview-1.0.0.aar (androidx.cardview:cardview:1.0.0) with ExtractAarTransform
Transforming cardview-1.0.0.aar (androidx.cardview:cardview:1.0.0) with AarTransform
Transforming emoji2-views-helper-1.3.0.aar (androidx.emoji2:emoji2-views-helper:1.3.0) with JetifyTransform
Transforming emoji2-views-helper-1.3.0.aar (androidx.emoji2:emoji2-views-helper:1.3.0) with ExtractAarTransform
Transforming emoji2-views-helper-1.3.0.aar (androidx.emoji2:emoji2-views-helper:1.3.0) with AarTransform
Transforming emoji2-1.3.0.aar (androidx.emoji2:emoji2:1.3.0) with JetifyTransform
Transforming emoji2-1.3.0.aar (androidx.emoji2:emoji2:1.3.0) with ExtractAarTransform
Transforming emoji2-1.3.0.aar (androidx.emoji2:emoji2:1.3.0) with AarTransform
Transforming fragment-1.5.4.aar (androidx.fragment:fragment:1.5.4) with JetifyTransform
Transforming fragment-1.5.4.aar (androidx.fragment:fragment:1.5.4) with ExtractAarTransform
Transforming fragment-1.5.4.aar (androidx.fragment:fragment:1.5.4) with AarTransform
Transforming activity-1.8.0.aar (androidx.activity:activity:1.8.0) with JetifyTransform
Transforming activity-1.8.0.aar (androidx.activity:activity:1.8.0) with ExtractAarTransform
Transforming activity-1.8.0.aar (androidx.activity:activity:1.8.0) with AarTransform
Caching disabled for AarTransform: /home/runner/.gradle/caches/transforms-3/1879d540724927de8171de7ca34e5ef8/transformed/jetified-viewbinding-8.2.2 because:
  Build cache is disabled
Skipping AarTransform: /home/runner/.gradle/caches/transforms-3/1879d540724927de8171de7ca34e5ef8/transformed/jetified-viewbinding-8.2.2 as it is up-to-date.
Caching disabled for AarTransform: /home/runner/.gradle/caches/transforms-3/3e57dcd8b556ed36db83311191f6b3fb/transformed/material-1.12.0 because:
  Build cache is disabled
Skipping AarTransform: /home/runner/.gradle/caches/transforms-3/3e57dcd8b556ed36db83311191f6b3fb/transformed/material-1.12.0 as it is up-to-date.
Caching disabled for AarTransform: /home/runner/.gradle/caches/transforms-3/4986230a3613e9c8878387b9e002f926/transformed/constraintlayout-2.1.4 because:
  Build cache is disabled
Skipping AarTransform: /home/runner/.gradle/caches/transforms-3/4986230a3613e9c8878387b9e002f926/transformed/constraintlayout-2.1.4 as it is up-to-date.
Transforming drawerlayout-1.1.1.aar (androidx.drawerlayout:drawerlayout:1.1.1) with JetifyTransform
Transforming drawerlayout-1.1.1.aar (androidx.drawerlayout:drawerlayout:1.1.1) with ExtractAarTransform
Transforming drawerlayout-1.1.1.aar (androidx.drawerlayout:drawerlayout:1.1.1) with AarTransform
Transforming coordinatorlayout-1.1.0.aar (androidx.coordinatorlayout:coordinatorlayout:1.1.0) with JetifyTransform
Transforming coordinatorlayout-1.1.0.aar (androidx.coordinatorlayout:coordinatorlayout:1.1.0) with ExtractAarTransform
Transforming coordinatorlayout-1.1.0.aar (androidx.coordinatorlayout:coordinatorlayout:1.1.0) with AarTransform
Transforming transition-1.5.0.aar (androidx.transition:transition:1.5.0) with JetifyTransform
Transforming transition-1.5.0.aar (androidx.transition:transition:1.5.0) with ExtractAarTransform
Transforming transition-1.5.0.aar (androidx.transition:transition:1.5.0) with AarTransform
Transforming dynamicanimation-1.0.0.aar (androidx.dynamicanimation:dynamicanimation:1.0.0) with JetifyTransform
Transforming dynamicanimation-1.0.0.aar (androidx.dynamicanimation:dynamicanimation:1.0.0) with ExtractAarTransform
Transforming dynamicanimation-1.0.0.aar (androidx.dynamicanimation:dynamicanimation:1.0.0) with AarTransform
Transforming vectordrawable-animated-1.1.0.aar (androidx.vectordrawable:vectordrawable-animated:1.1.0) with JetifyTransform
Transforming vectordrawable-animated-1.1.0.aar (androidx.vectordrawable:vectordrawable-animated:1.1.0) with ExtractAarTransform
Transforming vectordrawable-animated-1.1.0.aar (androidx.vectordrawable:vectordrawable-animated:1.1.0) with AarTransform
Caching disabled for AarTransform: /home/runner/.gradle/caches/transforms-3/2c9e1932f079309d8c980731046895b1/transformed/jetified-appcompat-resources-1.7.0 because:
  Build cache is disabled
Transforming vectordrawable-1.1.0.aar (androidx.vectordrawable:vectordrawable:1.1.0) with JetifyTransform
Skipping AarTransform: /home/runner/.gradle/caches/transforms-3/2c9e1932f079309d8c980731046895b1/transformed/jetified-appcompat-resources-1.7.0 as it is up-to-date.
Transforming vectordrawable-1.1.0.aar (androidx.vectordrawable:vectordrawable:1.1.0) with ExtractAarTransform
Transforming vectordrawable-1.1.0.aar (androidx.vectordrawable:vectordrawable:1.1.0) with AarTransform
Caching disabled for AarTransform: /home/runner/.gradle/caches/transforms-3/713fa34b7934cd106f7af24b7c871473/transformed/jetified-viewpager2-1.1.0-beta02 because:
  Build cache is disabled
Caching disabled for AarTransform: /home/runner/.gradle/caches/transforms-3/4fe0dd632fb97ea5194ceec69f750c7c/transformed/recyclerview-1.3.2 because:
  Build cache is disabled
Skipping AarTransform: /home/runner/.gradle/caches/transforms-3/713fa34b7934cd106f7af24b7c871473/transformed/jetified-viewpager2-1.1.0-beta02 as it is up-to-date.
Skipping AarTransform: /home/runner/.gradle/caches/transforms-3/4fe0dd632fb97ea5194ceec69f750c7c/transformed/recyclerview-1.3.2 as it is up-to-date.
Caching disabled for AarTransform: /home/runner/.gradle/caches/transforms-3/74c0aa74c6cd0d99699e92401439d9bc/transformed/appcompat-1.7.0 because:
  Build cache is disabled
Skipping AarTransform: /home/runner/.gradle/caches/transforms-3/74c0aa74c6cd0d99699e92401439d9bc/transformed/appcompat-1.7.0 as it is up-to-date.
Caching disabled for AarTransform: /home/runner/.gradle/caches/transforms-3/82a5c5a65c7b536c87d9f811caae18d2/transformed/cardview-1.0.0 because:
  Build cache is disabled
Skipping AarTransform: /home/runner/.gradle/caches/transforms-3/82a5c5a65c7b536c87d9f811caae18d2/transformed/cardview-1.0.0 as it is up-to-date.
Transforming vectordrawable-1.1.0.aar (androidx.vectordrawable:vectordrawable:1.1.0) with JetifyTransform
Transforming vectordrawable-1.1.0.aar (androidx.vectordrawable:vectordrawable:1.1.0) with ExtractAarTransform
Transforming vectordrawable-1.1.0.aar (androidx.vectordrawable:vectordrawable:1.1.0) with AarTransform
Transforming customview-poolingcontainer-1.0.0.aar (androidx.customview:customview-poolingcontainer:1.0.0) with JetifyTransform
Transforming customview-poolingcontainer-1.0.0.aar (androidx.customview:customview-poolingcontainer:1.0.0) with ExtractAarTransform
Transforming customview-poolingcontainer-1.0.0.aar (androidx.customview:customview-poolingcontainer:1.0.0) with AarTransform
Transforming savedstate-1.2.1.aar (androidx.savedstate:savedstate:1.2.1) with JetifyTransform
Transforming savedstate-1.2.1.aar (androidx.savedstate:savedstate:1.2.1) with ExtractAarTransform
Transforming savedstate-1.2.1.aar (androidx.savedstate:savedstate:1.2.1) with AarTransform
Transforming legacy-support-core-utils-1.0.0.aar (androidx.legacy:legacy-support-core-utils:1.0.0) with JetifyTransform
Transforming legacy-support-core-utils-1.0.0.aar (androidx.legacy:legacy-support-core-utils:1.0.0) with ExtractAarTransform
Transforming legacy-support-core-utils-1.0.0.aar (androidx.legacy:legacy-support-core-utils:1.0.0) with AarTransform
Transforming loader-1.0.0.aar (androidx.loader:loader:1.0.0) with JetifyTransform
Transforming loader-1.0.0.aar (androidx.loader:loader:1.0.0) with ExtractAarTransform
Transforming loader-1.0.0.aar (androidx.loader:loader:1.0.0) with AarTransform
Caching disabled for AarTransform: /home/runner/.gradle/caches/transforms-3/1fd4c804b162fdb57cf438768b0cdaff/transformed/jetified-emoji2-views-helper-1.3.0 because:
  Build cache is disabled
Transforming loader-1.0.0.aar (androidx.loader:loader:1.0.0) with JetifyTransform
Skipping AarTransform: /home/runner/.gradle/caches/transforms-3/1fd4c804b162fdb57cf438768b0cdaff/transformed/jetified-emoji2-views-helper-1.3.0 as it is up-to-date.
Transforming loader-1.0.0.aar (androidx.loader:loader:1.0.0) with ExtractAarTransform
Transforming loader-1.0.0.aar (androidx.loader:loader:1.0.0) with AarTransform
Transforming lifecycle-livedata-2.6.2.aar (androidx.lifecycle:lifecycle-livedata:2.6.2) with JetifyTransform
Transforming lifecycle-livedata-2.6.2.aar (androidx.lifecycle:lifecycle-livedata:2.6.2) with ExtractAarTransform
Transforming lifecycle-livedata-2.6.2.aar (androidx.lifecycle:lifecycle-livedata:2.6.2) with AarTransform
Transforming lifecycle-viewmodel-2.6.2.aar (androidx.lifecycle:lifecycle-viewmodel:2.6.2) with JetifyTransform
Transforming lifecycle-viewmodel-2.6.2.aar (androidx.lifecycle:lifecycle-viewmodel:2.6.2) with ExtractAarTransform
Transforming lifecycle-viewmodel-2.6.2.aar (androidx.lifecycle:lifecycle-viewmodel:2.6.2) with AarTransform
Transforming lifecycle-viewmodel-2.6.2.aar (androidx.lifecycle:lifecycle-viewmodel:2.6.2) with JetifyTransform
Transforming lifecycle-viewmodel-2.6.2.aar (androidx.lifecycle:lifecycle-viewmodel:2.6.2) with ExtractAarTransform
Transforming lifecycle-viewmodel-2.6.2.aar (androidx.lifecycle:lifecycle-viewmodel:2.6.2) with AarTransform
Transforming lifecycle-process-2.6.2.aar (androidx.lifecycle:lifecycle-process:2.6.2) with JetifyTransform
Transforming lifecycle-process-2.6.2.aar (androidx.lifecycle:lifecycle-process:2.6.2) with ExtractAarTransform
Transforming lifecycle-process-2.6.2.aar (androidx.lifecycle:lifecycle-process:2.6.2) with AarTransform
Transforming lifecycle-livedata-core-2.6.2.aar (androidx.lifecycle:lifecycle-livedata-core:2.6.2) with JetifyTransform
Transforming lifecycle-livedata-core-2.6.2.aar (androidx.lifecycle:lifecycle-livedata-core:2.6.2) with ExtractAarTransform
Transforming lifecycle-livedata-core-2.6.2.aar (androidx.lifecycle:lifecycle-livedata-core:2.6.2) with AarTransform
Transforming lifecycle-runtime-2.6.2.aar (androidx.lifecycle:lifecycle-runtime:2.6.2) with JetifyTransform
Transforming lifecycle-runtime-2.6.2.aar (androidx.lifecycle:lifecycle-runtime:2.6.2) with ExtractAarTransform
Transforming lifecycle-runtime-2.6.2.aar (androidx.lifecycle:lifecycle-runtime:2.6.2) with AarTransform
Transforming lifecycle-viewmodel-savedstate-2.6.2.aar (androidx.lifecycle:lifecycle-viewmodel-savedstate:2.6.2) with JetifyTransform
Transforming lifecycle-viewmodel-savedstate-2.6.2.aar (androidx.lifecycle:lifecycle-viewmodel-savedstate:2.6.2) with ExtractAarTransform
Caching disabled for AarTransform: /home/runner/.gradle/caches/transforms-3/44cca806ce7b0a80822ea1332ac9a47d/transformed/jetified-activity-1.8.0 because:
  Build cache is disabled
Caching disabled for AarTransform: /home/runner/.gradle/caches/transforms-3/1233487f8a8b2c105e4478097ec9c397/transformed/jetified-emoji2-1.3.0 because:
  Build cache is disabled
Skipping AarTransform: /home/runner/.gradle/caches/transforms-3/1233487f8a8b2c105e4478097ec9c397/transformed/jetified-emoji2-1.3.0 as it is up-to-date.
Skipping AarTransform: /home/runner/.gradle/caches/transforms-3/44cca806ce7b0a80822ea1332ac9a47d/transformed/jetified-activity-1.8.0 as it is up-to-date.
Caching disabled for AarTransform: /home/runner/.gradle/caches/transforms-3/4071c0e51b732894357072270238bfc4/transformed/fragment-1.5.4 because:
  Build cache is disabled
Skipping AarTransform: /home/runner/.gradle/caches/transforms-3/4071c0e51b732894357072270238bfc4/transformed/fragment-1.5.4 as it is up-to-date.
Caching disabled for AarTransform: /home/runner/.gradle/caches/transforms-3/ed3d2cbbd0b7adc69330f4f5d5203a98/transformed/drawerlayout-1.1.1 because:
  Build cache is disabled
Skipping AarTransform: /home/runner/.gradle/caches/transforms-3/ed3d2cbbd0b7adc69330f4f5d5203a98/transformed/drawerlayout-1.1.1 as it is up-to-date.
Transforming lifecycle-viewmodel-savedstate-2.6.2.aar (androidx.lifecycle:lifecycle-viewmodel-savedstate:2.6.2) with AarTransform
Transforming core-ktx-1.13.1.aar (androidx.core:core-ktx:1.13.1) with JetifyTransform
Transforming core-ktx-1.13.1.aar (androidx.core:core-ktx:1.13.1) with ExtractAarTransform
Transforming core-ktx-1.13.1.aar (androidx.core:core-ktx:1.13.1) with AarTransform
Transforming viewpager-1.0.0.aar (androidx.viewpager:viewpager:1.0.0) with JetifyTransform
Transforming viewpager-1.0.0.aar (androidx.viewpager:viewpager:1.0.0) with ExtractAarTransform
Transforming viewpager-1.0.0.aar (androidx.viewpager:viewpager:1.0.0) with AarTransform
Transforming customview-1.1.0.aar (androidx.customview:customview:1.1.0) with JetifyTransform
Transforming customview-1.1.0.aar (androidx.customview:customview:1.1.0) with ExtractAarTransform
Caching disabled for AarTransform: /home/runner/.gradle/caches/transforms-3/1ecbce35e8912ca07f18fb6a2d44712b/transformed/dynamicanimation-1.0.0 because:
  Build cache is disabled
Caching disabled for AarTransform: /home/runner/.gradle/caches/transforms-3/4dd287c9e959375dcd5b85d1a2ea3286/transformed/coordinatorlayout-1.1.0 because:
  Build cache is disabled
Skipping AarTransform: /home/runner/.gradle/caches/transforms-3/1ecbce35e8912ca07f18fb6a2d44712b/transformed/dynamicanimation-1.0.0 as it is up-to-date.
Transforming customview-1.1.0.aar (androidx.customview:customview:1.1.0) with AarTransform
Skipping AarTransform: /home/runner/.gradle/caches/transforms-3/4dd287c9e959375dcd5b85d1a2ea3286/transformed/coordinatorlayout-1.1.0 as it is up-to-date.
Caching disabled for AarTransform: /home/runner/.gradle/caches/transforms-3/3d0855e7a81c50c07154eb213257a7d0/transformed/transition-1.5.0 because:
  Build cache is disabled
Skipping AarTransform: /home/runner/.gradle/caches/transforms-3/3d0855e7a81c50c07154eb213257a7d0/transformed/transition-1.5.0 as it is up-to-date.
Transforming customview-1.1.0.aar (androidx.customview:customview:1.1.0) with JetifyTransform
Transforming customview-1.1.0.aar (androidx.customview:customview:1.1.0) with ExtractAarTransform
Transforming customview-1.1.0.aar (androidx.customview:customview:1.1.0) with AarTransform
Transforming customview-1.1.0.aar (androidx.customview:customview:1.1.0) with JetifyTransform
Transforming customview-1.1.0.aar (androidx.customview:customview:1.1.0) with ExtractAarTransform
Transforming customview-1.1.0.aar (androidx.customview:customview:1.1.0) with AarTransform
Transforming customview-1.1.0.aar (androidx.customview:customview:1.1.0) with JetifyTransform
Transforming customview-1.1.0.aar (androidx.customview:customview:1.1.0) with ExtractAarTransform
Transforming customview-1.1.0.aar (androidx.customview:customview:1.1.0) with AarTransform
Transforming core-1.13.1.aar (androidx.core:core:1.13.1) with JetifyTransform
Transforming core-1.13.1.aar (androidx.core:core:1.13.1) with ExtractAarTransform
Caching disabled for AarTransform: /home/runner/.gradle/caches/transforms-3/c18aa4e6712d645d90f2edd74129037f/transformed/vectordrawable-animated-1.1.0 because:
  Build cache is disabled
Caching disabled for AarTransform: /home/runner/.gradle/caches/transforms-3/702d14a0481cc6e84239a971f0bdc7de/transformed/vectordrawable-1.1.0 because:
  Build cache is disabled
Skipping AarTransform: /home/runner/.gradle/caches/transforms-3/c18aa4e6712d645d90f2edd74129037f/transformed/vectordrawable-animated-1.1.0 as it is up-to-date.
Skipping AarTransform: /home/runner/.gradle/caches/transforms-3/702d14a0481cc6e84239a971f0bdc7de/transformed/vectordrawable-1.1.0 as it is up-to-date.
Caching disabled for AarTransform: /home/runner/.gradle/caches/transforms-3/f70414e7656dffaa563fcba9e5ff730b/transformed/jetified-customview-poolingcontainer-1.0.0 because:
  Build cache is disabled
Transforming core-1.13.1.aar (androidx.core:core:1.13.1) with AarTransform
Skipping AarTransform: /home/runner/.gradle/caches/transforms-3/f70414e7656dffaa563fcba9e5ff730b/transformed/jetified-customview-poolingcontainer-1.0.0 as it is up-to-date.
Transforming core-1.13.1.aar (androidx.core:core:1.13.1) with JetifyTransform
Transforming core-1.13.1.aar (androidx.core:core:1.13.1) with ExtractAarTransform
Transforming core-1.13.1.aar (androidx.core:core:1.13.1) with AarTransform
Transforming core-1.13.1.aar (androidx.core:core:1.13.1) with JetifyTransform
Transforming core-1.13.1.aar (androidx.core:core:1.13.1) with ExtractAarTransform
Transforming core-1.13.1.aar (androidx.core:core:1.13.1) with AarTransform
Transforming core-1.13.1.aar (androidx.core:core:1.13.1) with JetifyTransform
Caching disabled for AarTransform: /home/runner/.gradle/caches/transforms-3/6a9264e91d0ccd23be7ae30d89a364d7/transformed/loader-1.0.0 because:
  Build cache is disabled
Skipping AarTransform: /home/runner/.gradle/caches/transforms-3/6a9264e91d0ccd23be7ae30d89a364d7/transformed/loader-1.0.0 as it is up-to-date.
Caching disabled for AarTransform: /home/runner/.gradle/caches/transforms-3/8b48d9a1197a83570f6bb7952b8a480a/transformed/jetified-savedstate-1.2.1 because:
  Build cache is disabled
Skipping AarTransform: /home/runner/.gradle/caches/transforms-3/8b48d9a1197a83570f6bb7952b8a480a/transformed/jetified-savedstate-1.2.1 as it is up-to-date.
Caching disabled for AarTransform: /home/runner/.gradle/caches/transforms-3/5c1b5b9a526a64418a8284af4df1eb4c/transformed/legacy-support-core-utils-1.0.0 because:
  Build cache is disabled
Skipping AarTransform: /home/runner/.gradle/caches/transforms-3/5c1b5b9a526a64418a8284af4df1eb4c/transformed/legacy-support-core-utils-1.0.0 as it is up-to-date.
Transforming core-1.13.1.aar (androidx.core:core:1.13.1) with ExtractAarTransform
Transforming core-1.13.1.aar (androidx.core:core:1.13.1) with AarTransform
Transforming core-1.13.1.aar (androidx.core:core:1.13.1) with JetifyTransform
Transforming core-1.13.1.aar (androidx.core:core:1.13.1) with ExtractAarTransform
Transforming core-1.13.1.aar (androidx.core:core:1.13.1) with AarTransform
Transforming core-1.13.1.aar (androidx.core:core:1.13.1) with JetifyTransform
Transforming core-1.13.1.aar (androidx.core:core:1.13.1) with ExtractAarTransform
Transforming core-1.13.1.aar (androidx.core:core:1.13.1) with AarTransform
Transforming core-1.13.1.aar (androidx.core:core:1.13.1) with JetifyTransform
Transforming core-1.13.1.aar (androidx.core:core:1.13.1) with ExtractAarTransform
Transforming core-1.13.1.aar (androidx.core:core:1.13.1) with AarTransform
Transforming core-1.13.1.aar (androidx.core:core:1.13.1) with JetifyTransform
Transforming core-1.13.1.aar (androidx.core:core:1.13.1) with ExtractAarTransform
Transforming core-1.13.1.aar (androidx.core:core:1.13.1) with AarTransform
Transforming core-1.13.1.aar (androidx.core:core:1.13.1) with JetifyTransform
Transforming core-1.13.1.aar (androidx.core:core:1.13.1) with ExtractAarTransform
Caching disabled for AarTransform: /home/runner/.gradle/caches/transforms-3/624afa1baae8c07bfc048ad484610af6/transformed/lifecycle-livedata-2.6.2 because:
  Build cache is disabled
Transforming core-1.13.1.aar (androidx.core:core:1.13.1) with AarTransform
Skipping AarTransform: /home/runner/.gradle/caches/transforms-3/624afa1baae8c07bfc048ad484610af6/transformed/lifecycle-livedata-2.6.2 as it is up-to-date.
Transforming cursoradapter-1.0.0.aar (androidx.cursoradapter:cursoradapter:1.0.0) with JetifyTransform
Transforming cursoradapter-1.0.0.aar (androidx.cursoradapter:cursoradapter:1.0.0) with ExtractAarTransform
Transforming cursoradapter-1.0.0.aar (androidx.cursoradapter:cursoradapter:1.0.0) with AarTransform
Transforming profileinstaller-1.3.1.aar (androidx.profileinstaller:profileinstaller:1.3.1) with JetifyTransform
Transforming profileinstaller-1.3.1.aar (androidx.profileinstaller:profileinstaller:1.3.1) with ExtractAarTransform
Transforming profileinstaller-1.3.1.aar (androidx.profileinstaller:profileinstaller:1.3.1) with AarTransform
Transforming interpolator-1.0.0.aar (androidx.interpolator:interpolator:1.0.0) with JetifyTransform
Transforming interpolator-1.0.0.aar (androidx.interpolator:interpolator:1.0.0) with ExtractAarTransform
Transforming interpolator-1.0.0.aar (androidx.interpolator:interpolator:1.0.0) with AarTransform
Transforming interpolator-1.0.0.aar (androidx.interpolator:interpolator:1.0.0) with JetifyTransform
Transforming interpolator-1.0.0.aar (androidx.interpolator:interpolator:1.0.0) with ExtractAarTransform
Caching disabled for AarTransform: /home/runner/.gradle/caches/transforms-3/a506b1e067453748ce849a5d1a931b4f/transformed/lifecycle-viewmodel-2.6.2 because:
  Build cache is disabled
Skipping AarTransform: /home/runner/.gradle/caches/transforms-3/a506b1e067453748ce849a5d1a931b4f/transformed/lifecycle-viewmodel-2.6.2 as it is up-to-date.
Caching disabled for AarTransform: /home/runner/.gradle/caches/transforms-3/b6a473a89888b3521ce2a8d540f5ca52/transformed/lifecycle-runtime-2.6.2 because:
  Build cache is disabled
Caching disabled for AarTransform: /home/runner/.gradle/caches/transforms-3/ee63f22118ed27eb76e1f3c7f951274b/transformed/jetified-lifecycle-process-2.6.2 because:
  Build cache is disabled
Skipping AarTransform: /home/runner/.gradle/caches/transforms-3/b6a473a89888b3521ce2a8d540f5ca52/transformed/lifecycle-runtime-2.6.2 as it is up-to-date.
Skipping AarTransform: /home/runner/.gradle/caches/transforms-3/ee63f22118ed27eb76e1f3c7f951274b/transformed/jetified-lifecycle-process-2.6.2 as it is up-to-date.
Caching disabled for AarTransform: /home/runner/.gradle/caches/transforms-3/a197f00907f8191fab772747b4069be9/transformed/lifecycle-livedata-core-2.6.2 because:
  Build cache is disabled
Skipping AarTransform: /home/runner/.gradle/caches/transforms-3/a197f00907f8191fab772747b4069be9/transformed/lifecycle-livedata-core-2.6.2 as it is up-to-date.
Transforming interpolator-1.0.0.aar (androidx.interpolator:interpolator:1.0.0) with AarTransform
Transforming versionedparcelable-1.1.1.aar (androidx.versionedparcelable:versionedparcelable:1.1.1) with JetifyTransform
Transforming versionedparcelable-1.1.1.aar (androidx.versionedparcelable:versionedparcelable:1.1.1) with ExtractAarTransform
Transforming versionedparcelable-1.1.1.aar (androidx.versionedparcelable:versionedparcelable:1.1.1) with AarTransform
Transforming startup-runtime-1.1.1.aar (androidx.startup:startup-runtime:1.1.1) with JetifyTransform
Transforming startup-runtime-1.1.1.aar (androidx.startup:startup-runtime:1.1.1) with ExtractAarTransform
Transforming startup-runtime-1.1.1.aar (androidx.startup:startup-runtime:1.1.1) with AarTransform
Transforming tracing-1.0.0.aar (androidx.tracing:tracing:1.0.0) with JetifyTransform
Transforming tracing-1.0.0.aar (androidx.tracing:tracing:1.0.0) with ExtractAarTransform
Transforming tracing-1.0.0.aar (androidx.tracing:tracing:1.0.0) with AarTransform
Transforming core-runtime-2.2.0.aar (androidx.arch.core:core-runtime:2.2.0) with JetifyTransform
Transforming core-runtime-2.2.0.aar (androidx.arch.core:core-runtime:2.2.0) with ExtractAarTransform
Transforming core-runtime-2.2.0.aar (androidx.arch.core:core-runtime:2.2.0) with AarTransform
Transforming documentfile-1.0.0.aar (androidx.documentfile:documentfile:1.0.0) with JetifyTransform
Transforming documentfile-1.0.0.aar (androidx.documentfile:documentfile:1.0.0) with ExtractAarTransform
Transforming documentfile-1.0.0.aar (androidx.documentfile:documentfile:1.0.0) with AarTransform
Transforming localbroadcastmanager-1.0.0.aar (androidx.localbroadcastmanager:localbroadcastmanager:1.0.0) with JetifyTransform
Transforming localbroadcastmanager-1.0.0.aar (androidx.localbroadcastmanager:localbroadcastmanager:1.0.0) with ExtractAarTransform
Caching disabled for AarTransform: /home/runner/.gradle/caches/transforms-3/971e8374cd892e93232b043b81dff083/transformed/jetified-lifecycle-viewmodel-savedstate-2.6.2 because:
  Build cache is disabled
Transforming localbroadcastmanager-1.0.0.aar (androidx.localbroadcastmanager:localbroadcastmanager:1.0.0) with AarTransform
Skipping AarTransform: /home/runner/.gradle/caches/transforms-3/971e8374cd892e93232b043b81dff083/transformed/jetified-lifecycle-viewmodel-savedstate-2.6.2 as it is up-to-date.
Transforming print-1.0.0.aar (androidx.print:print:1.0.0) with JetifyTransform
Transforming print-1.0.0.aar (androidx.print:print:1.0.0) with ExtractAarTransform
Transforming print-1.0.0.aar (androidx.print:print:1.0.0) with AarTransform
Transforming annotation-experimental-1.4.0.aar (androidx.annotation:annotation-experimental:1.4.0) with JetifyTransform
Transforming annotation-experimental-1.4.0.aar (androidx.annotation:annotation-experimental:1.4.0) with ExtractAarTransform
Transforming annotation-experimental-1.4.0.aar (androidx.annotation:annotation-experimental:1.4.0) with AarTransform
Caching disabled for AarTransform: /home/runner/.gradle/caches/transforms-3/762497eb291fa256c893d1902ec3b4ac/transformed/viewpager-1.0.0 because:
  Build cache is disabled
Skipping AarTransform: /home/runner/.gradle/caches/transforms-3/762497eb291fa256c893d1902ec3b4ac/transformed/viewpager-1.0.0 as it is up-to-date.
Caching disabled for AarTransform: /home/runner/.gradle/caches/transforms-3/6067425117552f8d4b6344907978c123/transformed/jetified-core-ktx-1.13.1 because:
  Build cache is disabled
Skipping AarTransform: /home/runner/.gradle/caches/transforms-3/6067425117552f8d4b6344907978c123/transformed/jetified-core-ktx-1.13.1 as it is up-to-date.
Caching disabled for AarTransform: /home/runner/.gradle/caches/transforms-3/459c47dff4ea0349f10e153b2dd57879/transformed/customview-1.1.0 because:
  Build cache is disabled
Skipping AarTransform: /home/runner/.gradle/caches/transforms-3/459c47dff4ea0349f10e153b2dd57879/transformed/customview-1.1.0 as it is up-to-date.
Caching disabled for AarTransform: /home/runner/.gradle/caches/transforms-3/11f0a53180ace0fffdd006f40bfc2008/transformed/core-1.13.1 because:
  Build cache is disabled
Skipping AarTransform: /home/runner/.gradle/caches/transforms-3/11f0a53180ace0fffdd006f40bfc2008/transformed/core-1.13.1 as it is up-to-date.
Caching disabled for AarTransform: /home/runner/.gradle/caches/transforms-3/f3b45a409efc9cd62f29ba84d5ea95cc/transformed/cursoradapter-1.0.0 because:
  Build cache is disabled
Skipping AarTransform: /home/runner/.gradle/caches/transforms-3/f3b45a409efc9cd62f29ba84d5ea95cc/transformed/cursoradapter-1.0.0 as it is up-to-date.
Caching disabled for AarTransform: /home/runner/.gradle/caches/transforms-3/dcac8580948742d9679b4cc476009a8c/transformed/jetified-profileinstaller-1.3.1 because:
  Build cache is disabled
Skipping AarTransform: /home/runner/.gradle/caches/transforms-3/dcac8580948742d9679b4cc476009a8c/transformed/jetified-profileinstaller-1.3.1 as it is up-to-date.
Caching disabled for AarTransform: /home/runner/.gradle/caches/transforms-3/6b9bb6a8c71662ca631e197a9e065197/transformed/interpolator-1.0.0 because:
  Build cache is disabled
Skipping AarTransform: /home/runner/.gradle/caches/transforms-3/6b9bb6a8c71662ca631e197a9e065197/transformed/interpolator-1.0.0 as it is up-to-date.
Caching disabled for AarTransform: /home/runner/.gradle/caches/transforms-3/0c857eaa378e1c798341155dbc28d9bd/transformed/versionedparcelable-1.1.1 because:
  Build cache is disabled
Caching disabled for AarTransform: /home/runner/.gradle/caches/transforms-3/929f9fa80841e5d7d97393a6896db7a1/transformed/jetified-startup-runtime-1.1.1 because:
  Build cache is disabled
Skipping AarTransform: /home/runner/.gradle/caches/transforms-3/0c857eaa378e1c798341155dbc28d9bd/transformed/versionedparcelable-1.1.1 as it is up-to-date.
Skipping AarTransform: /home/runner/.gradle/caches/transforms-3/929f9fa80841e5d7d97393a6896db7a1/transformed/jetified-startup-runtime-1.1.1 as it is up-to-date.
Caching disabled for AarTransform: /home/runner/.gradle/caches/transforms-3/00e51715982b78af096ea2b29d7737a5/transformed/core-runtime-2.2.0 because:
  Build cache is disabled
Skipping AarTransform: /home/runner/.gradle/caches/transforms-3/00e51715982b78af096ea2b29d7737a5/transformed/core-runtime-2.2.0 as it is up-to-date.
Caching disabled for AarTransform: /home/runner/.gradle/caches/transforms-3/f93fd9f7f264506b697bc40ed42a22df/transformed/documentfile-1.0.0 because:
  Build cache is disabled
Caching disabled for AarTransform: /home/runner/.gradle/caches/transforms-3/74f1f93840a9c8a79ad563434633a795/transformed/localbroadcastmanager-1.0.0 because:
  Build cache is disabled
Skipping AarTransform: /home/runner/.gradle/caches/transforms-3/f93fd9f7f264506b697bc40ed42a22df/transformed/documentfile-1.0.0 as it is up-to-date.
Caching disabled for AarTransform: /home/runner/.gradle/caches/transforms-3/ce160dbbfa3de34d01d231cdb832e663/transformed/jetified-tracing-1.0.0 because:
  Build cache is disabled
Skipping AarTransform: /home/runner/.gradle/caches/transforms-3/74f1f93840a9c8a79ad563434633a795/transformed/localbroadcastmanager-1.0.0 as it is up-to-date.
Skipping AarTransform: /home/runner/.gradle/caches/transforms-3/ce160dbbfa3de34d01d231cdb832e663/transformed/jetified-tracing-1.0.0 as it is up-to-date.
Caching disabled for AarTransform: /home/runner/.gradle/caches/transforms-3/de9d9b9757fdff3a4223c6aa6c8ab886/transformed/print-1.0.0 because:
  Build cache is disabled
Skipping AarTransform: /home/runner/.gradle/caches/transforms-3/de9d9b9757fdff3a4223c6aa6c8ab886/transformed/print-1.0.0 as it is up-to-date.
Caching disabled for AarTransform: /home/runner/.gradle/caches/transforms-3/040541bbba9c66137e3b065555d548f5/transformed/jetified-annotation-experimental-1.4.0 because:
  Build cache is disabled
Skipping AarTransform: /home/runner/.gradle/caches/transforms-3/040541bbba9c66137e3b065555d548f5/transformed/jetified-annotation-experimental-1.4.0 as it is up-to-date.
Watching 7 directories to track changes
Watching 16 directories to track changes
Caching disabled for task ':app:mergeDebugResources' because:
  Build cache is disabled
Task ':app:mergeDebugResources' is not up-to-date because:
  No history is available.
The input changes require a full rebuild for incremental task ':app:mergeDebugResources'.
Watching 16 directories to track changes
Watching 16 directories to track changes
Watching 15 directories to track changes
Watching 15 directories to track changes
Watching 14 directories to track changes
[MergeResources] Inputs are non-incremental full task action.
Compiling XML table /home/runner/work/vcg-lang/vcg-lang/editor/android/app/build/intermediates/incremental/debug/mergeDebugResources/merged.dir/values-hi/values-hi.xml to /home/runner/work/vcg-lang/vcg-lang/editor/android/app/build/intermediates/merged_res/debug/values-hi_values-hi.arsc.flat
Compiling XML table /home/runner/work/vcg-lang/vcg-lang/editor/android/app/build/intermediates/incremental/debug/mergeDebugResources/merged.dir/values-pt/values-pt.xml to /home/runner/work/vcg-lang/vcg-lang/editor/android/app/build/intermediates/merged_res/debug/values-pt_values-pt.arsc.flat
Compiling XML table /home/runner/work/vcg-lang/vcg-lang/editor/android/app/build/intermediates/incremental/debug/mergeDebugResources/merged.dir/values/values.xml to /home/runner/work/vcg-lang/vcg-lang/editor/android/app/build/intermediates/merged_res/debug/values_values.arsc.flat
Compiling XML table /home/runner/work/vcg-lang/vcg-lang/editor/android/app/build/intermediates/incremental/debug/mergeDebugResources/merged.dir/values-hu/values-hu.xml to /home/runner/work/vcg-lang/vcg-lang/editor/android/app/build/intermediates/merged_res/debug/values-hu_values-hu.arsc.flat
Compiling XML table /home/runner/work/vcg-lang/vcg-lang/editor/android/app/build/intermediates/incremental/debug/mergeDebugResources/merged.dir/values-hr/values-hr.xml to /home/runner/work/vcg-lang/vcg-lang/editor/android/app/build/intermediates/merged_res/debug/values-hr_values-hr.arsc.flat
Compiling XML table /home/runner/work/vcg-lang/vcg-lang/editor/android/app/build/intermediates/incremental/debug/mergeDebugResources/merged.dir/values-v18/values-v18.xml to /home/runner/work/vcg-lang/vcg-lang/editor/android/app/build/intermediates/merged_res/debug/values-v18_values-v18.arsc.flat
Compiling XML table /home/runner/work/vcg-lang/vcg-lang/editor/android/app/build/intermediates/incremental/debug/mergeDebugResources/merged.dir/values-v16/values-v16.xml to /home/runner/work/vcg-lang/vcg-lang/editor/android/app/build/intermediates/merged_res/debug/values-v16_values-v16.arsc.flat
Compiling XML table /home/runner/work/vcg-lang/vcg-lang/editor/android/app/build/intermediates/incremental/debug/mergeDebugResources/merged.dir/values-in/values-in.xml to /home/runner/work/vcg-lang/vcg-lang/editor/android/app/build/intermediates/merged_res/debug/values-in_values-in.arsc.flat
Compiling XML table /home/runner/work/vcg-lang/vcg-lang/editor/android/app/build/intermediates/incremental/debug/mergeDebugResources/merged.dir/values-w360dp-port-v13/values-w360dp-port-v13.xml to /home/runner/work/vcg-lang/vcg-lang/editor/android/app/build/intermediates/merged_res/debug/values-w360dp-port-v13_values-w360dp-port-v13.arsc.flat
Compiling XML table /home/runner/work/vcg-lang/vcg-lang/editor/android/app/build/intermediates/incremental/debug/mergeDebugResources/merged.dir/values-zh-rHK/values-zh-rHK.xml to /home/runner/work/vcg-lang/vcg-lang/editor/android/app/build/intermediates/merged_res/debug/values-zh-rHK_values-zh-rHK.arsc.flat
Compiling XML table /home/runner/work/vcg-lang/vcg-lang/editor/android/app/build/intermediates/incremental/debug/mergeDebugResources/merged.dir/values-iw/values-iw.xml to /home/runner/work/vcg-lang/vcg-lang/editor/android/app/build/intermediates/merged_res/debug/values-iw_values-iw.arsc.flat
Compiling XML table /home/runner/work/vcg-lang/vcg-lang/editor/android/app/build/intermediates/incremental/debug/mergeDebugResources/merged.dir/values-is/values-is.xml to /home/runner/work/vcg-lang/vcg-lang/editor/android/app/build/intermediates/merged_res/debug/values-is_values-is.arsc.flat
Compiling XML table /home/runner/work/vcg-lang/vcg-lang/editor/android/app/build/intermediates/incremental/debug/mergeDebugResources/merged.dir/values-v21/values-v21.xml to /home/runner/work/vcg-lang/vcg-lang/editor/android/app/build/intermediates/merged_res/debug/values-v21_values-v21.arsc.flat
Compiling XML table /home/runner/work/vcg-lang/vcg-lang/editor/android/app/build/intermediates/incremental/debug/mergeDebugResources/merged.dir/values-b+sr+Latn/values-b+sr+Latn.xml to /home/runner/work/vcg-lang/vcg-lang/editor/android/app/build/intermediates/merged_res/debug/values-b+sr+Latn_values-b+sr+Latn.arsc.flat
Compiling XML table /home/runner/work/vcg-lang/vcg-lang/editor/android/app/build/intermediates/incremental/debug/mergeDebugResources/merged.dir/values-es-rUS/values-es-rUS.xml to /home/runner/work/vcg-lang/vcg-lang/editor/android/app/build/intermediates/merged_res/debug/values-es-rUS_values-es-rUS.arsc.flat
Compiling XML table /home/runner/work/vcg-lang/vcg-lang/editor/android/app/build/intermediates/incremental/debug/mergeDebugResources/merged.dir/values-v25/values-v25.xml to /home/runner/work/vcg-lang/vcg-lang/editor/android/app/build/intermediates/merged_res/debug/values-v25_values-v25.arsc.flat
Compiling XML table /home/runner/work/vcg-lang/vcg-lang/editor/android/app/build/intermediates/incremental/debug/mergeDebugResources/merged.dir/values-pt-rPT/values-pt-rPT.xml to /home/runner/work/vcg-lang/vcg-lang/editor/android/app/build/intermediates/merged_res/debug/values-pt-rPT_values-pt-rPT.arsc.flat
Compiling XML table /home/runner/work/vcg-lang/vcg-lang/editor/android/app/build/intermediates/incremental/debug/mergeDebugResources/merged.dir/values-ro/values-ro.xml to /home/runner/work/vcg-lang/vcg-lang/editor/android/app/build/intermediates/merged_res/debug/values-ro_values-ro.arsc.flat
Compiling XML table /home/runner/work/vcg-lang/vcg-lang/editor/android/app/build/intermediates/incremental/debug/mergeDebugResources/merged.dir/values-v22/values-v22.xml to /home/runner/work/vcg-lang/vcg-lang/editor/android/app/build/intermediates/merged_res/debug/values-v22_values-v22.arsc.flat
Compiling XML table /home/runner/work/vcg-lang/vcg-lang/editor/android/app/build/intermediates/incremental/debug/mergeDebugResources/merged.dir/values-h360dp-land-v13/values-h360dp-land-v13.xml to /home/runner/work/vcg-lang/vcg-lang/editor/android/app/build/intermediates/merged_res/debug/values-h360dp-land-v13_values-h360dp-land-v13.arsc.flat
Compiling XML table /home/runner/work/vcg-lang/vcg-lang/editor/android/app/build/intermediates/incremental/debug/mergeDebugResources/merged.dir/values-h480dp-land-v13/values-h480dp-land-v13.xml to /home/runner/work/vcg-lang/vcg-lang/editor/android/app/build/intermediates/merged_res/debug/values-h480dp-land-v13_values-h480dp-land-v13.arsc.flat
Compiling XML table /home/runner/work/vcg-lang/vcg-lang/editor/android/app/build/intermediates/incremental/debug/mergeDebugResources/merged.dir/values-ru/values-ru.xml to /home/runner/work/vcg-lang/vcg-lang/editor/android/app/build/intermediates/merged_res/debug/values-ru_values-ru.arsc.flat
Compiling XML table /home/runner/work/vcg-lang/vcg-lang/editor/android/app/build/intermediates/incremental/debug/mergeDebugResources/merged.dir/values-be/values-be.xml to /home/runner/work/vcg-lang/vcg-lang/editor/android/app/build/intermediates/merged_res/debug/values-be_values-be.arsc.flat
Compiling XML table /home/runner/work/vcg-lang/vcg-lang/editor/android/app/build/intermediates/incremental/debug/mergeDebugResources/merged.dir/values-bs/values-bs.xml to /home/runner/work/vcg-lang/vcg-lang/editor/android/app/build/intermediates/merged_res/debug/values-bs_values-bs.arsc.flat
Compiling XML table /home/runner/work/vcg-lang/vcg-lang/editor/android/app/build/intermediates/incremental/debug/mergeDebugResources/merged.dir/values-en-rCA/values-en-rCA.xml to /home/runner/work/vcg-lang/vcg-lang/editor/android/app/build/intermediates/merged_res/debug/values-en-rCA_values-en-rCA.arsc.flat
Compiling XML table /home/runner/work/vcg-lang/vcg-lang/editor/android/app/build/intermediates/incremental/debug/mergeDebugResources/merged.dir/values-v34/values-v34.xml to /home/runner/work/vcg-lang/vcg-lang/editor/android/app/build/intermediates/merged_res/debug/values-v34_values-v34.arsc.flat
Compiling XML table /home/runner/work/vcg-lang/vcg-lang/editor/android/app/build/intermediates/incremental/debug/mergeDebugResources/merged.dir/values-si/values-si.xml to /home/runner/work/vcg-lang/vcg-lang/editor/android/app/build/intermediates/merged_res/debug/values-si_values-si.arsc.flat
Compiling XML table /home/runner/work/vcg-lang/vcg-lang/editor/android/app/build/intermediates/incremental/debug/mergeDebugResources/merged.dir/values-ca/values-ca.xml to /home/runner/work/vcg-lang/vcg-lang/editor/android/app/build/intermediates/merged_res/debug/values-ca_values-ca.arsc.flat
Compiling XML table /home/runner/work/vcg-lang/vcg-lang/editor/android/app/build/intermediates/incremental/debug/mergeDebugResources/merged.dir/values-sq/values-sq.xml to /home/runner/work/vcg-lang/vcg-lang/editor/android/app/build/intermediates/merged_res/debug/values-sq_values-sq.arsc.flat
Compiling XML table /home/runner/work/vcg-lang/vcg-lang/editor/android/app/build/intermediates/incremental/debug/mergeDebugResources/merged.dir/values-km/values-km.xml to /home/runner/work/vcg-lang/vcg-lang/editor/android/app/build/intermediates/merged_res/debug/values-km_values-km.arsc.flat
Compiling XML table /home/runner/work/vcg-lang/vcg-lang/editor/android/app/build/intermediates/incremental/debug/mergeDebugResources/merged.dir/values-kn/values-kn.xml to /home/runner/work/vcg-lang/vcg-lang/editor/android/app/build/intermediates/merged_res/debug/values-kn_values-kn.arsc.flat
Compiling XML table /home/runner/work/vcg-lang/vcg-lang/editor/android/app/build/intermediates/incremental/debug/mergeDebugResources/merged.dir/values-sw/values-sw.xml to /home/runner/work/vcg-lang/vcg-lang/editor/android/app/build/intermediates/merged_res/debug/values-sw_values-sw.arsc.flat
Compiling XML table /home/runner/work/vcg-lang/vcg-lang/editor/android/app/build/intermediates/incremental/debug/mergeDebugResources/merged.dir/values-ta/values-ta.xml to /home/runner/work/vcg-lang/vcg-lang/editor/android/app/build/intermediates/merged_res/debug/values-ta_values-ta.arsc.flat
Compiling XML table /home/runner/work/vcg-lang/vcg-lang/editor/android/app/build/intermediates/incremental/debug/mergeDebugResources/merged.dir/values-cs/values-cs.xml to /home/runner/work/vcg-lang/vcg-lang/editor/android/app/build/intermediates/merged_res/debug/values-cs_values-cs.arsc.flat
Compiling XML table /home/runner/work/vcg-lang/vcg-lang/editor/android/app/build/intermediates/incremental/debug/mergeDebugResources/merged.dir/values-h720dp-v13/values-h720dp-v13.xml to /home/runner/work/vcg-lang/vcg-lang/editor/android/app/build/intermediates/merged_res/debug/values-h720dp-v13_values-h720dp-v13.arsc.flat
Compiling XML table /home/runner/work/vcg-lang/vcg-lang/editor/android/app/build/intermediates/incremental/debug/mergeDebugResources/merged.dir/values-xlarge-v4/values-xlarge-v4.xml to /home/runner/work/vcg-lang/vcg-lang/editor/android/app/build/intermediates/merged_res/debug/values-xlarge-v4_values-xlarge-v4.arsc.flat
Compiling XML table /home/runner/work/vcg-lang/vcg-lang/editor/android/app/build/intermediates/incremental/debug/mergeDebugResources/merged.dir/values-de/values-de.xml to /home/runner/work/vcg-lang/vcg-lang/editor/android/app/build/intermediates/merged_res/debug/values-de_values-de.arsc.flat
Compiling XML table /home/runner/work/vcg-lang/vcg-lang/editor/android/app/build/intermediates/incremental/debug/mergeDebugResources/merged.dir/values-tl/values-tl.xml to /home/runner/work/vcg-lang/vcg-lang/editor/android/app/build/intermediates/merged_res/debug/values-tl_values-tl.arsc.flat
Compiling XML table /home/runner/work/vcg-lang/vcg-lang/editor/android/app/build/intermediates/incremental/debug/mergeDebugResources/merged.dir/values-en-rIN/values-en-rIN.xml to /home/runner/work/vcg-lang/vcg-lang/editor/android/app/build/intermediates/merged_res/debug/values-en-rIN_values-en-rIN.arsc.flat
Compiling XML table /home/runner/work/vcg-lang/vcg-lang/editor/android/app/build/intermediates/incremental/debug/mergeDebugResources/merged.dir/values-ur/values-ur.xml to /home/runner/work/vcg-lang/vcg-lang/editor/android/app/build/intermediates/merged_res/debug/values-ur_values-ur.arsc.flat
Compiling XML table /home/runner/work/vcg-lang/vcg-lang/editor/android/app/build/intermediates/incremental/debug/mergeDebugResources/merged.dir/values-en-rAU/values-en-rAU.xml to /home/runner/work/vcg-lang/vcg-lang/editor/android/app/build/intermediates/merged_res/debug/values-en-rAU_values-en-rAU.arsc.flat
Compiling XML table /home/runner/work/vcg-lang/vcg-lang/editor/android/app/build/intermediates/incremental/debug/mergeDebugResources/merged.dir/values-lv/values-lv.xml to /home/runner/work/vcg-lang/vcg-lang/editor/android/app/build/intermediates/merged_res/debug/values-lv_values-lv.arsc.flat
Compiling XML table /home/runner/work/vcg-lang/vcg-lang/editor/android/app/build/intermediates/incremental/debug/mergeDebugResources/merged.dir/values-uz/values-uz.xml to /home/runner/work/vcg-lang/vcg-lang/editor/android/app/build/intermediates/merged_res/debug/values-uz_values-uz.arsc.flat
Compiling XML table /home/runner/work/vcg-lang/vcg-lang/editor/android/app/build/intermediates/incremental/debug/mergeDebugResources/merged.dir/values-el/values-el.xml to /home/runner/work/vcg-lang/vcg-lang/editor/android/app/build/intermediates/merged_res/debug/values-el_values-el.arsc.flat
Compiling XML table /home/runner/work/vcg-lang/vcg-lang/editor/android/app/build/intermediates/incremental/debug/mergeDebugResources/merged.dir/values-uk/values-uk.xml to /home/runner/work/vcg-lang/vcg-lang/editor/android/app/build/intermediates/merged_res/debug/values-uk_values-uk.arsc.flat
Compiling XML table /home/runner/work/vcg-lang/vcg-lang/editor/android/app/build/intermediates/incremental/debug/mergeDebugResources/merged.dir/values-mn/values-mn.xml to /home/runner/work/vcg-lang/vcg-lang/editor/android/app/build/intermediates/merged_res/debug/values-mn_values-mn.arsc.flat
Compiling XML table /home/runner/work/vcg-lang/vcg-lang/editor/android/app/build/intermediates/incremental/debug/mergeDebugResources/merged.dir/values-et/values-et.xml to /home/runner/work/vcg-lang/vcg-lang/editor/android/app/build/intermediates/merged_res/debug/values-et_values-et.arsc.flat
Compiling XML table /home/runner/work/vcg-lang/vcg-lang/editor/android/app/build/intermediates/incremental/debug/mergeDebugResources/merged.dir/values-ms/values-ms.xml to /home/runner/work/vcg-lang/vcg-lang/editor/android/app/build/intermediates/merged_res/debug/values-ms_values-ms.arsc.flat
Compiling XML table /home/runner/work/vcg-lang/vcg-lang/editor/android/app/build/intermediates/incremental/debug/mergeDebugResources/merged.dir/values-es/values-es.xml to /home/runner/work/vcg-lang/vcg-lang/editor/android/app/build/intermediates/merged_res/debug/values-es_values-es.arsc.flat
Compiling XML table /home/runner/work/vcg-lang/vcg-lang/editor/android/app/build/intermediates/incremental/debug/mergeDebugResources/merged.dir/values-w400dp-port-v13/values-w400dp-port-v13.xml to /home/runner/work/vcg-lang/vcg-lang/editor/android/app/build/intermediates/merged_res/debug/values-w400dp-port-v13_values-w400dp-port-v13.arsc.flat
Compiling XML table /home/runner/work/vcg-lang/vcg-lang/editor/android/app/build/intermediates/incremental/debug/mergeDebugResources/merged.dir/values-night-v8/values-night-v8.xml to /home/runner/work/vcg-lang/vcg-lang/editor/android/app/build/intermediates/merged_res/debug/values-night-v8_values-night-v8.arsc.flat
Compiling XML table /home/runner/work/vcg-lang/vcg-lang/editor/android/app/build/intermediates/incremental/debug/mergeDebugResources/merged.dir/values-nb/values-nb.xml to /home/runner/work/vcg-lang/vcg-lang/editor/android/app/build/intermediates/merged_res/debug/values-nb_values-nb.arsc.flat
Compiling XML table /home/runner/work/vcg-lang/vcg-lang/editor/android/app/build/intermediates/incremental/debug/mergeDebugResources/merged.dir/values-zh-rCN/values-zh-rCN.xml to /home/runner/work/vcg-lang/vcg-lang/editor/android/app/build/intermediates/merged_res/debug/values-zh-rCN_values-zh-rCN.arsc.flat
Compiling XML table /home/runner/work/vcg-lang/vcg-lang/editor/android/app/build/intermediates/incremental/debug/mergeDebugResources/merged.dir/values-large-v4/values-large-v4.xml to /home/runner/work/vcg-lang/vcg-lang/editor/android/app/build/intermediates/merged_res/debug/values-large-v4_values-large-v4.arsc.flat
Compiling XML table /home/runner/work/vcg-lang/vcg-lang/editor/android/app/build/intermediates/incremental/debug/mergeDebugResources/merged.dir/values-watch-v21/values-watch-v21.xml to /home/runner/work/vcg-lang/vcg-lang/editor/android/app/build/intermediates/merged_res/debug/values-watch-v21_values-watch-v21.arsc.flat
Compiling XML table /home/runner/work/vcg-lang/vcg-lang/editor/android/app/build/intermediates/incremental/debug/mergeDebugResources/merged.dir/values-small-v4/values-small-v4.xml to /home/runner/work/vcg-lang/vcg-lang/editor/android/app/build/intermediates/merged_res/debug/values-small-v4_values-small-v4.arsc.flat
Compiling XML table /home/runner/work/vcg-lang/vcg-lang/editor/android/app/build/intermediates/incremental/debug/mergeDebugResources/merged.dir/values-hy/values-hy.xml to /home/runner/work/vcg-lang/vcg-lang/editor/android/app/build/intermediates/merged_res/debug/values-hy_values-hy.arsc.flat
Compiling XML table /home/runner/work/vcg-lang/vcg-lang/editor/android/app/build/intermediates/incremental/debug/mergeDebugResources/merged.dir/values-gu/values-gu.xml to /home/runner/work/vcg-lang/vcg-lang/editor/android/app/build/intermediates/merged_res/debug/values-gu_values-gu.arsc.flat
Compiling XML table /home/runner/work/vcg-lang/vcg-lang/editor/android/app/build/intermediates/incremental/debug/mergeDebugResources/merged.dir/values-ne/values-ne.xml to /home/runner/work/vcg-lang/vcg-lang/editor/android/app/build/intermediates/merged_res/debug/values-ne_values-ne.arsc.flat
Compiling XML table /home/runner/work/vcg-lang/vcg-lang/editor/android/app/build/intermediates/incremental/debug/mergeDebugResources/merged.dir/values-fi/values-fi.xml to /home/runner/work/vcg-lang/vcg-lang/editor/android/app/build/intermediates/merged_res/debug/values-fi_values-fi.arsc.flat
Compiling XML table /home/runner/work/vcg-lang/vcg-lang/editor/android/app/build/intermediates/incremental/debug/mergeDebugResources/merged.dir/values-v17/values-v17.xml to /home/runner/work/vcg-lang/vcg-lang/editor/android/app/build/intermediates/merged_res/debug/values-v17_values-v17.arsc.flat
Compiling xml file /home/runner/work/vcg-lang/vcg-lang/editor/android/app/src/main/res/menu/menu_main.xml to /home/runner/work/vcg-lang/vcg-lang/editor/android/app/build/intermediates/merged_res/debug/menu_menu_main.xml.flat
Compiling XML table /home/runner/work/vcg-lang/vcg-lang/editor/android/app/build/intermediates/incremental/debug/mergeDebugResources/merged.dir/values-af/values-af.xml to /home/runner/work/vcg-lang/vcg-lang/editor/android/app/build/intermediates/merged_res/debug/values-af_values-af.arsc.flat
Compiling XML table /home/runner/work/vcg-lang/vcg-lang/editor/android/app/build/intermediates/incremental/debug/mergeDebugResources/merged.dir/values-hdpi-v4/values-hdpi-v4.xml to /home/runner/work/vcg-lang/vcg-lang/editor/android/app/build/intermediates/merged_res/debug/values-hdpi-v4_values-hdpi-v4.arsc.flat
Compiling XML table /home/runner/work/vcg-lang/vcg-lang/editor/android/app/build/intermediates/incremental/debug/mergeDebugResources/merged.dir/values-or/values-or.xml to /home/runner/work/vcg-lang/vcg-lang/editor/android/app/build/intermediates/merged_res/debug/values-or_values-or.arsc.flat
Compiling XML table /home/runner/work/vcg-lang/vcg-lang/editor/android/app/build/intermediates/incremental/debug/mergeDebugResources/merged.dir/values-it/values-it.xml to /home/runner/work/vcg-lang/vcg-lang/editor/android/app/build/intermediates/merged_res/debug/values-it_values-it.arsc.flat
Compiling XML table /home/runner/work/vcg-lang/vcg-lang/editor/android/app/build/intermediates/incremental/debug/mergeDebugResources/merged.dir/values-pa/values-pa.xml to /home/runner/work/vcg-lang/vcg-lang/editor/android/app/build/intermediates/merged_res/debug/values-pa_values-pa.arsc.flat
Compiling XML table /home/runner/work/vcg-lang/vcg-lang/editor/android/app/build/intermediates/incremental/debug/mergeDebugResources/merged.dir/values-ar/values-ar.xml to /home/runner/work/vcg-lang/vcg-lang/editor/android/app/build/intermediates/merged_res/debug/values-ar_values-ar.arsc.flat
Compiling xml file /home/runner/work/vcg-lang/vcg-lang/editor/android/app/src/main/res/drawable/ic_launcher_foreground.xml to /home/runner/work/vcg-lang/vcg-lang/editor/android/app/build/intermediates/merged_res/debug/drawable_ic_launcher_foreground.xml.flat
Compiling XML table /home/runner/work/vcg-lang/vcg-lang/editor/android/app/build/intermediates/incremental/debug/mergeDebugResources/merged.dir/values-v23/values-v23.xml to /home/runner/work/vcg-lang/vcg-lang/editor/android/app/build/intermediates/merged_res/debug/values-v23_values-v23.arsc.flat
Compiling XML table /home/runner/work/vcg-lang/vcg-lang/editor/android/app/build/intermediates/incremental/debug/mergeDebugResources/merged.dir/values-az/values-az.xml to /home/runner/work/vcg-lang/vcg-lang/editor/android/app/build/intermediates/merged_res/debug/values-az_values-az.arsc.flat
Compiling XML table /home/runner/work/vcg-lang/vcg-lang/editor/android/app/build/intermediates/incremental/debug/mergeDebugResources/merged.dir/values-zu/values-zu.xml to /home/runner/work/vcg-lang/vcg-lang/editor/android/app/build/intermediates/merged_res/debug/values-zu_values-zu.arsc.flat
Compiling xml file /home/runner/work/vcg-lang/vcg-lang/editor/android/app/src/main/res/mipmap-xxhdpi/ic_launcher.xml to /home/runner/work/vcg-lang/vcg-lang/editor/android/app/build/intermediates/merged_res/debug/mipmap-xxhdpi_ic_launcher.xml.flat
Compiling xml file /home/runner/work/vcg-lang/vcg-lang/editor/android/app/src/main/res/mipmap-xxxhdpi/ic_launcher.xml to /home/runner/work/vcg-lang/vcg-lang/editor/android/app/build/intermediates/merged_res/debug/mipmap-xxxhdpi_ic_launcher.xml.flat
Compiling xml file /home/runner/work/vcg-lang/vcg-lang/editor/android/app/src/main/res/mipmap-xhdpi/ic_launcher.xml to /home/runner/work/vcg-lang/vcg-lang/editor/android/app/build/intermediates/merged_res/debug/mipmap-xhdpi_ic_launcher.xml.flat
Compiling xml file /home/runner/work/vcg-lang/vcg-lang/editor/android/app/src/main/res/drawable/ic_launcher_background.xml to /home/runner/work/vcg-lang/vcg-lang/editor/android/app/build/intermediates/merged_res/debug/drawable_ic_launcher_background.xml.flat
Compiling xml file /home/runner/work/vcg-lang/vcg-lang/editor/android/app/src/main/res/drawable/ic_vcg_logo.xml to /home/runner/work/vcg-lang/vcg-lang/editor/android/app/build/intermediates/merged_res/debug/drawable_ic_vcg_logo.xml.flat
Compiling xml file /home/runner/work/vcg-lang/vcg-lang/editor/android/app/build/intermediates/incremental/debug/mergeDebugResources/stripped.dir/layout/activity_settings.xml to /home/runner/work/vcg-lang/vcg-lang/editor/android/app/build/intermediates/merged_res/debug/layout_activity_settings.xml.flat
Compiling xml file /home/runner/work/vcg-lang/vcg-lang/editor/android/app/build/intermediates/incremental/debug/mergeDebugResources/stripped.dir/layout/item_file.xml to /home/runner/work/vcg-lang/vcg-lang/editor/android/app/build/intermediates/merged_res/debug/layout_item_file.xml.flat
Compiling XML table /home/runner/work/vcg-lang/vcg-lang/editor/android/app/build/intermediates/incremental/debug/mergeDebugResources/merged.dir/values-v28/values-v28.xml to /home/runner/work/vcg-lang/vcg-lang/editor/android/app/build/intermediates/merged_res/debug/values-v28_values-v28.arsc.flat
Compiling xml file /home/runner/work/vcg-lang/vcg-lang/editor/android/app/src/main/res/mipmap-hdpi/ic_launcher.xml to /home/runner/work/vcg-lang/vcg-lang/editor/android/app/build/intermediates/merged_res/debug/mipmap-hdpi_ic_launcher.xml.flat
Compiling XML table /home/runner/work/vcg-lang/vcg-lang/editor/android/app/build/intermediates/incremental/debug/mergeDebugResources/merged.dir/values-bg/values-bg.xml to /home/runner/work/vcg-lang/vcg-lang/editor/android/app/build/intermediates/merged_res/debug/values-bg_values-bg.arsc.flat

Resolve mutations for :app:javaPreCompileDebug (Thread[Execution worker Thread 3,5,main]) started.
:app:javaPreCompileDebug (Thread[Execution worker Thread 3,5,main]) started.
Resolve mutations for :app:checkDebugAarMetadata (Thread[included builds,5,main]) started.
:app:checkDebugAarMetadata (Thread[included builds,5,main]) started.

> Task :app:javaPreCompileDebug
Watching 30 directories to track changes
Caching disabled for task ':app:javaPreCompileDebug' because:
  Build cache is disabled
Task ':app:javaPreCompileDebug' is not up-to-date because:
  No history is available.
Watching 29 directories to track changes
Watching 31 directories to track changes
Resolve mutations for :app:mapDebugSourceSetPaths (Thread[Execution worker Thread 3,5,main]) started.
:app:mapDebugSourceSetPaths (Thread[Execution worker Thread 3,5,main]) started.

> Task :app:parseDebugLocalResources
Watching 30 directories to track changes
Transforming android.jar with PlatformAttrTransform
Caching disabled for PlatformAttrTransform: /usr/local/lib/android/sdk/platforms/android-34/android.jar because:
  Build cache is disabled
Skipping PlatformAttrTransform: /usr/local/lib/android/sdk/platforms/android-34/android.jar as it is up-to-date.
Transforming android.jar with PlatformAttrTransform
Caching disabled for task ':app:parseDebugLocalResources' because:
  Build cache is disabled
Task ':app:parseDebugLocalResources' is not up-to-date because:
  No history is available.
The input changes require a full rebuild for incremental task ':app:parseDebugLocalResources'.
Watching 29 directories to track changes
Transforming android.jar with PlatformAttrTransform
Watching 32 directories to track changes

> Task :app:mapDebugSourceSetPaths
Watching 31 directories to track changes
Caching disabled for task ':app:mapDebugSourceSetPaths' because:
  Build cache is disabled
Task ':app:mapDebugSourceSetPaths' is not up-to-date because:
  No history is available.
Watching 31 directories to track changes
Watching 32 directories to track changes
Resolve mutations for :app:createDebugCompatibleScreenManifests (Thread[Execution worker Thread 3,5,main]) started.
:app:createDebugCompatibleScreenManifests (Thread[Execution worker,5,main]) started.

> Task :app:checkDebugAarMetadata
Watching 30 directories to track changes
Transforming viewbinding-8.2.2.aar (androidx.databinding:viewbinding:8.2.2) with JetifyTransform
Transforming viewbinding-8.2.2.aar (androidx.databinding:viewbinding:8.2.2) with ExtractAarTransform
Transforming viewbinding-8.2.2.aar (androidx.databinding:viewbinding:8.2.2) with AarTransform
Transforming material-1.12.0.aar (com.google.android.material:material:1.12.0) with JetifyTransform
Transforming material-1.12.0.aar (com.google.android.material:material:1.12.0) with ExtractAarTransform
Transforming material-1.12.0.aar (com.google.android.material:material:1.12.0) with AarTransform
Transforming constraintlayout-2.1.4.aar (androidx.constraintlayout:constraintlayout:2.1.4) with JetifyTransform
Transforming constraintlayout-2.1.4.aar (androidx.constraintlayout:constraintlayout:2.1.4) with ExtractAarTransform
Transforming constraintlayout-2.1.4.aar (androidx.constraintlayout:constraintlayout:2.1.4) with AarTransform
Transforming appcompat-resources-1.7.0.aar (androidx.appcompat:appcompat-resources:1.7.0) with JetifyTransform
Transforming appcompat-resources-1.7.0.aar (androidx.appcompat:appcompat-resources:1.7.0) with ExtractAarTransform
Transforming appcompat-resources-1.7.0.aar (androidx.appcompat:appcompat-resources:1.7.0) with AarTransform
Transforming appcompat-1.7.0.aar (androidx.appcompat:appcompat:1.7.0) with JetifyTransform
Transforming appcompat-1.7.0.aar (androidx.appcompat:appcompat:1.7.0) with ExtractAarTransform
Transforming appcompat-1.7.0.aar (androidx.appcompat:appcompat:1.7.0) with AarTransform
Transforming viewpager2-1.1.0-beta02.aar (androidx.viewpager2:viewpager2:1.1.0-beta02) with JetifyTransform
Transforming viewpager2-1.1.0-beta02.aar (androidx.viewpager2:viewpager2:1.1.0-beta02) with ExtractAarTransform
Transforming viewpager2-1.1.0-beta02.aar (androidx.viewpager2:viewpager2:1.1.0-beta02) with AarTransform
Transforming recyclerview-1.3.2.aar (androidx.recyclerview:recyclerview:1.3.2) with JetifyTransform
Transforming recyclerview-1.3.2.aar (androidx.recyclerview:recyclerview:1.3.2) with ExtractAarTransform
Transforming recyclerview-1.3.2.aar (androidx.recyclerview:recyclerview:1.3.2) with AarTransform
Transforming cardview-1.0.0.aar (androidx.cardview:cardview:1.0.0) with JetifyTransform
Transforming cardview-1.0.0.aar (androidx.cardview:cardview:1.0.0) with ExtractAarTransform
Transforming cardview-1.0.0.aar (androidx.cardview:cardview:1.0.0) with AarTransform
Transforming emoji2-views-helper-1.3.0.aar (androidx.emoji2:emoji2-views-helper:1.3.0) with JetifyTransform
Transforming emoji2-views-helper-1.3.0.aar (androidx.emoji2:emoji2-views-helper:1.3.0) with ExtractAarTransform
Transforming emoji2-views-helper-1.3.0.aar (androidx.emoji2:emoji2-views-helper:1.3.0) with AarTransform
Transforming emoji2-1.3.0.aar (androidx.emoji2:emoji2:1.3.0) with JetifyTransform
Transforming emoji2-1.3.0.aar (androidx.emoji2:emoji2:1.3.0) with ExtractAarTransform
Transforming emoji2-1.3.0.aar (androidx.emoji2:emoji2:1.3.0) with AarTransform
Transforming fragment-1.5.4.aar (androidx.fragment:fragment:1.5.4) with JetifyTransform
Transforming fragment-1.5.4.aar (androidx.fragment:fragment:1.5.4) with ExtractAarTransform
Transforming fragment-1.5.4.aar (androidx.fragment:fragment:1.5.4) with AarTransform
Transforming activity-1.8.0.aar (androidx.activity:activity:1.8.0) with JetifyTransform
Transforming activity-1.8.0.aar (androidx.activity:activity:1.8.0) with ExtractAarTransform
Transforming activity-1.8.0.aar (androidx.activity:activity:1.8.0) with AarTransform
Transforming drawerlayout-1.1.1.aar (androidx.drawerlayout:drawerlayout:1.1.1) with JetifyTransform
Transforming drawerlayout-1.1.1.aar (androidx.drawerlayout:drawerlayout:1.1.1) with ExtractAarTransform
Transforming drawerlayout-1.1.1.aar (androidx.drawerlayout:drawerlayout:1.1.1) with AarTransform
Transforming coordinatorlayout-1.1.0.aar (androidx.coordinatorlayout:coordinatorlayout:1.1.0) with JetifyTransform
Transforming coordinatorlayout-1.1.0.aar (androidx.coordinatorlayout:coordinatorlayout:1.1.0) with ExtractAarTransform
Transforming coordinatorlayout-1.1.0.aar (androidx.coordinatorlayout:coordinatorlayout:1.1.0) with AarTransform
Transforming transition-1.5.0.aar (androidx.transition:transition:1.5.0) with JetifyTransform
Transforming transition-1.5.0.aar (androidx.transition:transition:1.5.0) with ExtractAarTransform
Transforming transition-1.5.0.aar (androidx.transition:transition:1.5.0) with AarTransform
Transforming dynamicanimation-1.0.0.aar (androidx.dynamicanimation:dynamicanimation:1.0.0) with JetifyTransform
Transforming dynamicanimation-1.0.0.aar (androidx.dynamicanimation:dynamicanimation:1.0.0) with ExtractAarTransform
Transforming dynamicanimation-1.0.0.aar (androidx.dynamicanimation:dynamicanimation:1.0.0) with AarTransform
Transforming vectordrawable-animated-1.1.0.aar (androidx.vectordrawable:vectordrawable-animated:1.1.0) with JetifyTransform
Transforming vectordrawable-animated-1.1.0.aar (androidx.vectordrawable:vectordrawable-animated:1.1.0) with ExtractAarTransform
Transforming vectordrawable-animated-1.1.0.aar (androidx.vectordrawable:vectordrawable-animated:1.1.0) with AarTransform
Transforming vectordrawable-1.1.0.aar (androidx.vectordrawable:vectordrawable:1.1.0) with JetifyTransform
Transforming vectordrawable-1.1.0.aar (androidx.vectordrawable:vectordrawable:1.1.0) with ExtractAarTransform
Transforming vectordrawable-1.1.0.aar (androidx.vectordrawable:vectordrawable:1.1.0) with AarTransform
Transforming vectordrawable-1.1.0.aar (androidx.vectordrawable:vectordrawable:1.1.0) with JetifyTransform
Transforming vectordrawable-1.1.0.aar (androidx.vectordrawable:vectordrawable:1.1.0) with ExtractAarTransform
Transforming vectordrawable-1.1.0.aar (androidx.vectordrawable:vectordrawable:1.1.0) with AarTransform
Transforming customview-poolingcontainer-1.0.0.aar (androidx.customview:customview-poolingcontainer:1.0.0) with JetifyTransform
Transforming customview-poolingcontainer-1.0.0.aar (androidx.customview:customview-poolingcontainer:1.0.0) with ExtractAarTransform
Transforming customview-poolingcontainer-1.0.0.aar (androidx.customview:customview-poolingcontainer:1.0.0) with AarTransform
Transforming savedstate-1.2.1.aar (androidx.savedstate:savedstate:1.2.1) with JetifyTransform
Transforming savedstate-1.2.1.aar (androidx.savedstate:savedstate:1.2.1) with ExtractAarTransform
Transforming savedstate-1.2.1.aar (androidx.savedstate:savedstate:1.2.1) with AarTransform
Transforming legacy-support-core-utils-1.0.0.aar (androidx.legacy:legacy-support-core-utils:1.0.0) with JetifyTransform
Transforming legacy-support-core-utils-1.0.0.aar (androidx.legacy:legacy-support-core-utils:1.0.0) with ExtractAarTransform
Transforming legacy-support-core-utils-1.0.0.aar (androidx.legacy:legacy-support-core-utils:1.0.0) with AarTransform
Transforming loader-1.0.0.aar (androidx.loader:loader:1.0.0) with JetifyTransform
Transforming loader-1.0.0.aar (androidx.loader:loader:1.0.0) with ExtractAarTransform
Transforming loader-1.0.0.aar (androidx.loader:loader:1.0.0) with AarTransform
Transforming loader-1.0.0.aar (androidx.loader:loader:1.0.0) with JetifyTransform
Transforming loader-1.0.0.aar (androidx.loader:loader:1.0.0) with ExtractAarTransform
Transforming loader-1.0.0.aar (androidx.loader:loader:1.0.0) with AarTransform
Transforming lifecycle-livedata-2.6.2.aar (androidx.lifecycle:lifecycle-livedata:2.6.2) with JetifyTransform
Transforming lifecycle-livedata-2.6.2.aar (androidx.lifecycle:lifecycle-livedata:2.6.2) with ExtractAarTransform
Transforming lifecycle-livedata-2.6.2.aar (androidx.lifecycle:lifecycle-livedata:2.6.2) with AarTransform
Transforming lifecycle-viewmodel-2.6.2.aar (androidx.lifecycle:lifecycle-viewmodel:2.6.2) with JetifyTransform
Transforming lifecycle-viewmodel-2.6.2.aar (androidx.lifecycle:lifecycle-viewmodel:2.6.2) with ExtractAarTransform
Transforming lifecycle-viewmodel-2.6.2.aar (androidx.lifecycle:lifecycle-viewmodel:2.6.2) with AarTransform
Transforming lifecycle-viewmodel-2.6.2.aar (androidx.lifecycle:lifecycle-viewmodel:2.6.2) with JetifyTransform
Transforming lifecycle-viewmodel-2.6.2.aar (androidx.lifecycle:lifecycle-viewmodel:2.6.2) with ExtractAarTransform
Transforming lifecycle-viewmodel-2.6.2.aar (androidx.lifecycle:lifecycle-viewmodel:2.6.2) with AarTransform
Transforming lifecycle-process-2.6.2.aar (androidx.lifecycle:lifecycle-process:2.6.2) with JetifyTransform
Transforming lifecycle-process-2.6.2.aar (androidx.lifecycle:lifecycle-process:2.6.2) with ExtractAarTransform
Transforming lifecycle-process-2.6.2.aar (androidx.lifecycle:lifecycle-process:2.6.2) with AarTransform
Transforming lifecycle-livedata-core-2.6.2.aar (androidx.lifecycle:lifecycle-livedata-core:2.6.2) with JetifyTransform
Transforming lifecycle-livedata-core-2.6.2.aar (androidx.lifecycle:lifecycle-livedata-core:2.6.2) with ExtractAarTransform
Transforming lifecycle-livedata-core-2.6.2.aar (androidx.lifecycle:lifecycle-livedata-core:2.6.2) with AarTransform
Transforming lifecycle-runtime-2.6.2.aar (androidx.lifecycle:lifecycle-runtime:2.6.2) with JetifyTransform
Transforming lifecycle-runtime-2.6.2.aar (androidx.lifecycle:lifecycle-runtime:2.6.2) with ExtractAarTransform
Transforming lifecycle-runtime-2.6.2.aar (androidx.lifecycle:lifecycle-runtime:2.6.2) with AarTransform
Transforming lifecycle-viewmodel-savedstate-2.6.2.aar (androidx.lifecycle:lifecycle-viewmodel-savedstate:2.6.2) with JetifyTransform
Transforming lifecycle-viewmodel-savedstate-2.6.2.aar (androidx.lifecycle:lifecycle-viewmodel-savedstate:2.6.2) with ExtractAarTransform
Transforming lifecycle-viewmodel-savedstate-2.6.2.aar (androidx.lifecycle:lifecycle-viewmodel-savedstate:2.6.2) with AarTransform
Transforming core-ktx-1.13.1.aar (androidx.core:core-ktx:1.13.1) with JetifyTransform
Transforming core-ktx-1.13.1.aar (androidx.core:core-ktx:1.13.1) with ExtractAarTransform
Transforming core-ktx-1.13.1.aar (androidx.core:core-ktx:1.13.1) with AarTransform
Transforming viewpager-1.0.0.aar (androidx.viewpager:viewpager:1.0.0) with JetifyTransform
Transforming viewpager-1.0.0.aar (androidx.viewpager:viewpager:1.0.0) with ExtractAarTransform
Transforming viewpager-1.0.0.aar (androidx.viewpager:viewpager:1.0.0) with AarTransform
Transforming customview-1.1.0.aar (androidx.customview:customview:1.1.0) with JetifyTransform
Transforming customview-1.1.0.aar (androidx.customview:customview:1.1.0) with ExtractAarTransform
Transforming customview-1.1.0.aar (androidx.customview:customview:1.1.0) with AarTransform
Transforming customview-1.1.0.aar (androidx.customview:customview:1.1.0) with JetifyTransform
Transforming customview-1.1.0.aar (androidx.customview:customview:1.1.0) with ExtractAarTransform
Transforming customview-1.1.0.aar (androidx.customview:customview:1.1.0) with AarTransform
Transforming customview-1.1.0.aar (androidx.customview:customview:1.1.0) with JetifyTransform
Transforming customview-1.1.0.aar (androidx.customview:customview:1.1.0) with ExtractAarTransform
Transforming customview-1.1.0.aar (androidx.customview:customview:1.1.0) with AarTransform
Transforming customview-1.1.0.aar (androidx.customview:customview:1.1.0) with JetifyTransform
Transforming customview-1.1.0.aar (androidx.customview:customview:1.1.0) with ExtractAarTransform
Transforming customview-1.1.0.aar (androidx.customview:customview:1.1.0) with AarTransform
Transforming core-1.13.1.aar (androidx.core:core:1.13.1) with JetifyTransform
Transforming core-1.13.1.aar (androidx.core:core:1.13.1) with ExtractAarTransform
Transforming core-1.13.1.aar (androidx.core:core:1.13.1) with AarTransform
Transforming core-1.13.1.aar (androidx.core:core:1.13.1) with JetifyTransform
Transforming core-1.13.1.aar (androidx.core:core:1.13.1) with ExtractAarTransform
Transforming core-1.13.1.aar (androidx.core:core:1.13.1) with AarTransform
Transforming core-1.13.1.aar (androidx.core:core:1.13.1) with JetifyTransform
Transforming core-1.13.1.aar (androidx.core:core:1.13.1) with ExtractAarTransform
Transforming core-1.13.1.aar (androidx.core:core:1.13.1) with AarTransform
Transforming core-1.13.1.aar (androidx.core:core:1.13.1) with JetifyTransform
Transforming core-1.13.1.aar (androidx.core:core:1.13.1) with ExtractAarTransform
Transforming core-1.13.1.aar (androidx.core:core:1.13.1) with AarTransform
Transforming core-1.13.1.aar (androidx.core:core:1.13.1) with JetifyTransform
Transforming core-1.13.1.aar (androidx.core:core:1.13.1) with ExtractAarTransform
Transforming core-1.13.1.aar (androidx.core:core:1.13.1) with AarTransform
Transforming core-1.13.1.aar (androidx.core:core:1.13.1) with JetifyTransform
Transforming core-1.13.1.aar (androidx.core:core:1.13.1) with ExtractAarTransform
Transforming core-1.13.1.aar (androidx.core:core:1.13.1) with AarTransform
Transforming core-1.13.1.aar (androidx.core:core:1.13.1) with JetifyTransform
Transforming core-1.13.1.aar (androidx.core:core:1.13.1) with ExtractAarTransform
Transforming core-1.13.1.aar (androidx.core:core:1.13.1) with AarTransform
Transforming core-1.13.1.aar (androidx.core:core:1.13.1) with JetifyTransform
Transforming core-1.13.1.aar (androidx.core:core:1.13.1) with ExtractAarTransform
Transforming core-1.13.1.aar (androidx.core:core:1.13.1) with AarTransform
Transforming core-1.13.1.aar (androidx.core:core:1.13.1) with JetifyTransform
Transforming core-1.13.1.aar (androidx.core:core:1.13.1) with ExtractAarTransform
Transforming core-1.13.1.aar (androidx.core:core:1.13.1) with AarTransform
Transforming cursoradapter-1.0.0.aar (androidx.cursoradapter:cursoradapter:1.0.0) with JetifyTransform
Transforming cursoradapter-1.0.0.aar (androidx.cursoradapter:cursoradapter:1.0.0) with ExtractAarTransform
Transforming cursoradapter-1.0.0.aar (androidx.cursoradapter:cursoradapter:1.0.0) with AarTransform
Transforming profileinstaller-1.3.1.aar (androidx.profileinstaller:profileinstaller:1.3.1) with JetifyTransform
Transforming profileinstaller-1.3.1.aar (androidx.profileinstaller:profileinstaller:1.3.1) with ExtractAarTransform
Transforming profileinstaller-1.3.1.aar (androidx.profileinstaller:profileinstaller:1.3.1) with AarTransform
Transforming interpolator-1.0.0.aar (androidx.interpolator:interpolator:1.0.0) with JetifyTransform
Transforming interpolator-1.0.0.aar (androidx.interpolator:interpolator:1.0.0) with ExtractAarTransform
Transforming interpolator-1.0.0.aar (androidx.interpolator:interpolator:1.0.0) with AarTransform
Transforming interpolator-1.0.0.aar (androidx.interpolator:interpolator:1.0.0) with JetifyTransform
Transforming interpolator-1.0.0.aar (androidx.interpolator:interpolator:1.0.0) with ExtractAarTransform
Transforming interpolator-1.0.0.aar (androidx.interpolator:interpolator:1.0.0) with AarTransform
Transforming versionedparcelable-1.1.1.aar (androidx.versionedparcelable:versionedparcelable:1.1.1) with JetifyTransform
Transforming versionedparcelable-1.1.1.aar (androidx.versionedparcelable:versionedparcelable:1.1.1) with ExtractAarTransform
Transforming versionedparcelable-1.1.1.aar (androidx.versionedparcelable:versionedparcelable:1.1.1) with AarTransform
Transforming startup-runtime-1.1.1.aar (androidx.startup:startup-runtime:1.1.1) with JetifyTransform
Transforming startup-runtime-1.1.1.aar (androidx.startup:startup-runtime:1.1.1) with ExtractAarTransform
Transforming startup-runtime-1.1.1.aar (androidx.startup:startup-runtime:1.1.1) with AarTransform
Transforming tracing-1.0.0.aar (androidx.tracing:tracing:1.0.0) with JetifyTransform
Transforming tracing-1.0.0.aar (androidx.tracing:tracing:1.0.0) with ExtractAarTransform
Transforming tracing-1.0.0.aar (androidx.tracing:tracing:1.0.0) with AarTransform
Transforming core-runtime-2.2.0.aar (androidx.arch.core:core-runtime:2.2.0) with JetifyTransform
Transforming core-runtime-2.2.0.aar (androidx.arch.core:core-runtime:2.2.0) with ExtractAarTransform
Transforming core-runtime-2.2.0.aar (androidx.arch.core:core-runtime:2.2.0) with AarTransform
Transforming documentfile-1.0.0.aar (androidx.documentfile:documentfile:1.0.0) with JetifyTransform
Transforming documentfile-1.0.0.aar (androidx.documentfile:documentfile:1.0.0) with ExtractAarTransform
Transforming documentfile-1.0.0.aar (androidx.documentfile:documentfile:1.0.0) with AarTransform
Transforming localbroadcastmanager-1.0.0.aar (androidx.localbroadcastmanager:localbroadcastmanager:1.0.0) with JetifyTransform
Transforming localbroadcastmanager-1.0.0.aar (androidx.localbroadcastmanager:localbroadcastmanager:1.0.0) with ExtractAarTransform
Transforming localbroadcastmanager-1.0.0.aar (androidx.localbroadcastmanager:localbroadcastmanager:1.0.0) with AarTransform
Transforming print-1.0.0.aar (androidx.print:print:1.0.0) with JetifyTransform
Transforming print-1.0.0.aar (androidx.print:print:1.0.0) with ExtractAarTransform
Transforming print-1.0.0.aar (androidx.print:print:1.0.0) with AarTransform
Transforming annotation-experimental-1.4.0.aar (androidx.annotation:annotation-experimental:1.4.0) with JetifyTransform
Transforming annotation-experimental-1.4.0.aar (androidx.annotation:annotation-experimental:1.4.0) with ExtractAarTransform
Transforming annotation-experimental-1.4.0.aar (androidx.annotation:annotation-experimental:1.4.0) with AarTransform
Caching disabled for AarTransform: /home/runner/.gradle/caches/transforms-3/2c9e1932f079309d8c980731046895b1/transformed/jetified-appcompat-resources-1.7.0 because:
  Build cache is disabled
Skipping AarTransform: /home/runner/.gradle/caches/transforms-3/2c9e1932f079309d8c980731046895b1/transformed/jetified-appcompat-resources-1.7.0 as it is up-to-date.
Caching disabled for AarTransform: /home/runner/.gradle/caches/transforms-3/74c0aa74c6cd0d99699e92401439d9bc/transformed/appcompat-1.7.0 because:
  Build cache is disabled
Skipping AarTransform: /home/runner/.gradle/caches/transforms-3/74c0aa74c6cd0d99699e92401439d9bc/transformed/appcompat-1.7.0 as it is up-to-date.
Caching disabled for AarTransform: /home/runner/.gradle/caches/transforms-3/713fa34b7934cd106f7af24b7c871473/transformed/jetified-viewpager2-1.1.0-beta02 because:
  Build cache is disabled
Skipping AarTransform: /home/runner/.gradle/caches/transforms-3/713fa34b7934cd106f7af24b7c871473/transformed/jetified-viewpager2-1.1.0-beta02 as it is up-to-date.
Caching disabled for AarTransform: /home/runner/.gradle/caches/transforms-3/4fe0dd632fb97ea5194ceec69f750c7c/transformed/recyclerview-1.3.2 because:
  Build cache is disabled
Skipping AarTransform: /home/runner/.gradle/caches/transforms-3/4fe0dd632fb97ea5194ceec69f750c7c/transformed/recyclerview-1.3.2 as it is up-to-date.
Caching disabled for AarTransform: /home/runner/.gradle/caches/transforms-3/82a5c5a65c7b536c87d9f811caae18d2/transformed/cardview-1.0.0 because:
  Build cache is disabled
Skipping AarTransform: /home/runner/.gradle/caches/transforms-3/82a5c5a65c7b536c87d9f811caae18d2/transformed/cardview-1.0.0 as it is up-to-date.
Caching disabled for AarTransform: /home/runner/.gradle/caches/transforms-3/1fd4c804b162fdb57cf438768b0cdaff/transformed/jetified-emoji2-views-helper-1.3.0 because:
  Build cache is disabled
Skipping AarTransform: /home/runner/.gradle/caches/transforms-3/1fd4c804b162fdb57cf438768b0cdaff/transformed/jetified-emoji2-views-helper-1.3.0 as it is up-to-date.
Caching disabled for AarTransform: /home/runner/.gradle/caches/transforms-3/1233487f8a8b2c105e4478097ec9c397/transformed/jetified-emoji2-1.3.0 because:
  Build cache is disabled
Skipping AarTransform: /home/runner/.gradle/caches/transforms-3/1233487f8a8b2c105e4478097ec9c397/transformed/jetified-emoji2-1.3.0 as it is up-to-date.
Caching disabled for AarTransform: /home/runner/.gradle/caches/transforms-3/4071c0e51b732894357072270238bfc4/transformed/fragment-1.5.4 because:
  Build cache is disabled
Skipping AarTransform: /home/runner/.gradle/caches/transforms-3/4071c0e51b732894357072270238bfc4/transformed/fragment-1.5.4 as it is up-to-date.
Caching disabled for AarTransform: /home/runner/.gradle/caches/transforms-3/44cca806ce7b0a80822ea1332ac9a47d/transformed/jetified-activity-1.8.0 because:
  Build cache is disabled
Skipping AarTransform: /home/runner/.gradle/caches/transforms-3/44cca806ce7b0a80822ea1332ac9a47d/transformed/jetified-activity-1.8.0 as it is up-to-date.
Caching disabled for AarTransform: /home/runner/.gradle/caches/transforms-3/ed3d2cbbd0b7adc69330f4f5d5203a98/transformed/drawerlayout-1.1.1 because:
  Build cache is disabled
Skipping AarTransform: /home/runner/.gradle/caches/transforms-3/ed3d2cbbd0b7adc69330f4f5d5203a98/transformed/drawerlayout-1.1.1 as it is up-to-date.
Caching disabled for AarTransform: /home/runner/.gradle/caches/transforms-3/4dd287c9e959375dcd5b85d1a2ea3286/transformed/coordinatorlayout-1.1.0 because:
  Build cache is disabled
Skipping AarTransform: /home/runner/.gradle/caches/transforms-3/4dd287c9e959375dcd5b85d1a2ea3286/transformed/coordinatorlayout-1.1.0 as it is up-to-date.
Caching disabled for AarTransform: /home/runner/.gradle/caches/transforms-3/3d0855e7a81c50c07154eb213257a7d0/transformed/transition-1.5.0 because:
  Build cache is disabled
Skipping AarTransform: /home/runner/.gradle/caches/transforms-3/3d0855e7a81c50c07154eb213257a7d0/transformed/transition-1.5.0 as it is up-to-date.
Caching disabled for AarTransform: /home/runner/.gradle/caches/transforms-3/1ecbce35e8912ca07f18fb6a2d44712b/transformed/dynamicanimation-1.0.0 because:
  Build cache is disabled
Skipping AarTransform: /home/runner/.gradle/caches/transforms-3/1ecbce35e8912ca07f18fb6a2d44712b/transformed/dynamicanimation-1.0.0 as it is up-to-date.
Caching disabled for AarTransform: /home/runner/.gradle/caches/transforms-3/c18aa4e6712d645d90f2edd74129037f/transformed/vectordrawable-animated-1.1.0 because:
  Build cache is disabled
Skipping AarTransform: /home/runner/.gradle/caches/transforms-3/c18aa4e6712d645d90f2edd74129037f/transformed/vectordrawable-animated-1.1.0 as it is up-to-date.
Caching disabled for AarTransform: /home/runner/.gradle/caches/transforms-3/702d14a0481cc6e84239a971f0bdc7de/transformed/vectordrawable-1.1.0 because:
  Build cache is disabled
Skipping AarTransform: /home/runner/.gradle/caches/transforms-3/702d14a0481cc6e84239a971f0bdc7de/transformed/vectordrawable-1.1.0 as it is up-to-date.
Caching disabled for AarTransform: /home/runner/.gradle/caches/transforms-3/f70414e7656dffaa563fcba9e5ff730b/transformed/jetified-customview-poolingcontainer-1.0.0 because:
  Build cache is disabled
Skipping AarTransform: /home/runner/.gradle/caches/transforms-3/f70414e7656dffaa563fcba9e5ff730b/transformed/jetified-customview-poolingcontainer-1.0.0 as it is up-to-date.
Caching disabled for AarTransform: /home/runner/.gradle/caches/transforms-3/8b48d9a1197a83570f6bb7952b8a480a/transformed/jetified-savedstate-1.2.1 because:
  Build cache is disabled
Skipping AarTransform: /home/runner/.gradle/caches/transforms-3/8b48d9a1197a83570f6bb7952b8a480a/transformed/jetified-savedstate-1.2.1 as it is up-to-date.
Caching disabled for AarTransform: /home/runner/.gradle/caches/transforms-3/5c1b5b9a526a64418a8284af4df1eb4c/transformed/legacy-support-core-utils-1.0.0 because:
  Build cache is disabled
Skipping AarTransform: /home/runner/.gradle/caches/transforms-3/5c1b5b9a526a64418a8284af4df1eb4c/transformed/legacy-support-core-utils-1.0.0 as it is up-to-date.
Caching disabled for AarTransform: /home/runner/.gradle/caches/transforms-3/6a9264e91d0ccd23be7ae30d89a364d7/transformed/loader-1.0.0 because:
  Build cache is disabled
Skipping AarTransform: /home/runner/.gradle/caches/transforms-3/6a9264e91d0ccd23be7ae30d89a364d7/transformed/loader-1.0.0 as it is up-to-date.
Caching disabled for AarTransform: /home/runner/.gradle/caches/transforms-3/624afa1baae8c07bfc048ad484610af6/transformed/lifecycle-livedata-2.6.2 because:
  Build cache is disabled
Skipping AarTransform: /home/runner/.gradle/caches/transforms-3/624afa1baae8c07bfc048ad484610af6/transformed/lifecycle-livedata-2.6.2 as it is up-to-date.
Caching disabled for AarTransform: /home/runner/.gradle/caches/transforms-3/a506b1e067453748ce849a5d1a931b4f/transformed/lifecycle-viewmodel-2.6.2 because:
  Build cache is disabled
Skipping AarTransform: /home/runner/.gradle/caches/transforms-3/a506b1e067453748ce849a5d1a931b4f/transformed/lifecycle-viewmodel-2.6.2 as it is up-to-date.
Caching disabled for AarTransform: /home/runner/.gradle/caches/transforms-3/ee63f22118ed27eb76e1f3c7f951274b/transformed/jetified-lifecycle-process-2.6.2 because:
  Build cache is disabled
Skipping AarTransform: /home/runner/.gradle/caches/transforms-3/ee63f22118ed27eb76e1f3c7f951274b/transformed/jetified-lifecycle-process-2.6.2 as it is up-to-date.
Caching disabled for AarTransform: /home/runner/.gradle/caches/transforms-3/a197f00907f8191fab772747b4069be9/transformed/lifecycle-livedata-core-2.6.2 because:
  Build cache is disabled
Skipping AarTransform: /home/runner/.gradle/caches/transforms-3/a197f00907f8191fab772747b4069be9/transformed/lifecycle-livedata-core-2.6.2 as it is up-to-date.
Caching disabled for AarTransform: /home/runner/.gradle/caches/transforms-3/b6a473a89888b3521ce2a8d540f5ca52/transformed/lifecycle-runtime-2.6.2 because:
  Build cache is disabled
Skipping AarTransform: /home/runner/.gradle/caches/transforms-3/b6a473a89888b3521ce2a8d540f5ca52/transformed/lifecycle-runtime-2.6.2 as it is up-to-date.
Caching disabled for AarTransform: /home/runner/.gradle/caches/transforms-3/971e8374cd892e93232b043b81dff083/transformed/jetified-lifecycle-viewmodel-savedstate-2.6.2 because:
  Build cache is disabled
Skipping AarTransform: /home/runner/.gradle/caches/transforms-3/971e8374cd892e93232b043b81dff083/transformed/jetified-lifecycle-viewmodel-savedstate-2.6.2 as it is up-to-date.
Caching disabled for AarTransform: /home/runner/.gradle/caches/transforms-3/6067425117552f8d4b6344907978c123/transformed/jetified-core-ktx-1.13.1 because:
  Build cache is disabled
Skipping AarTransform: /home/runner/.gradle/caches/transforms-3/6067425117552f8d4b6344907978c123/transformed/jetified-core-ktx-1.13.1 as it is up-to-date.
Caching disabled for AarTransform: /home/runner/.gradle/caches/transforms-3/762497eb291fa256c893d1902ec3b4ac/transformed/viewpager-1.0.0 because:
  Build cache is disabled
Skipping AarTransform: /home/runner/.gradle/caches/transforms-3/762497eb291fa256c893d1902ec3b4ac/transformed/viewpager-1.0.0 as it is up-to-date.
Caching disabled for AarTransform: /home/runner/.gradle/caches/transforms-3/459c47dff4ea0349f10e153b2dd57879/transformed/customview-1.1.0 because:
  Build cache is disabled
Skipping AarTransform: /home/runner/.gradle/caches/transforms-3/459c47dff4ea0349f10e153b2dd57879/transformed/customview-1.1.0 as it is up-to-date.
Caching disabled for AarTransform: /home/runner/.gradle/caches/transforms-3/11f0a53180ace0fffdd006f40bfc2008/transformed/core-1.13.1 because:
  Build cache is disabled
Skipping AarTransform: /home/runner/.gradle/caches/transforms-3/11f0a53180ace0fffdd006f40bfc2008/transformed/core-1.13.1 as it is up-to-date.
Caching disabled for AarTransform: /home/runner/.gradle/caches/transforms-3/f3b45a409efc9cd62f29ba84d5ea95cc/transformed/cursoradapter-1.0.0 because:
  Build cache is disabled
Skipping AarTransform: /home/runner/.gradle/caches/transforms-3/f3b45a409efc9cd62f29ba84d5ea95cc/transformed/cursoradapter-1.0.0 as it is up-to-date.
Caching disabled for AarTransform: /home/runner/.gradle/caches/transforms-3/dcac8580948742d9679b4cc476009a8c/transformed/jetified-profileinstaller-1.3.1 because:
  Build cache is disabled
Skipping AarTransform: /home/runner/.gradle/caches/transforms-3/dcac8580948742d9679b4cc476009a8c/transformed/jetified-profileinstaller-1.3.1 as it is up-to-date.
Caching disabled for AarTransform: /home/runner/.gradle/caches/transforms-3/6b9bb6a8c71662ca631e197a9e065197/transformed/interpolator-1.0.0 because:
  Build cache is disabled
Skipping AarTransform: /home/runner/.gradle/caches/transforms-3/6b9bb6a8c71662ca631e197a9e065197/transformed/interpolator-1.0.0 as it is up-to-date.
Caching disabled for AarTransform: /home/runner/.gradle/caches/transforms-3/0c857eaa378e1c798341155dbc28d9bd/transformed/versionedparcelable-1.1.1 because:
  Build cache is disabled
Skipping AarTransform: /home/runner/.gradle/caches/transforms-3/0c857eaa378e1c798341155dbc28d9bd/transformed/versionedparcelable-1.1.1 as it is up-to-date.
Caching disabled for AarTransform: /home/runner/.gradle/caches/transforms-3/929f9fa80841e5d7d97393a6896db7a1/transformed/jetified-startup-runtime-1.1.1 because:
  Build cache is disabled
Skipping AarTransform: /home/runner/.gradle/caches/transforms-3/929f9fa80841e5d7d97393a6896db7a1/transformed/jetified-startup-runtime-1.1.1 as it is up-to-date.
Caching disabled for AarTransform: /home/runner/.gradle/caches/transforms-3/ce160dbbfa3de34d01d231cdb832e663/transformed/jetified-tracing-1.0.0 because:
  Build cache is disabled
Skipping AarTransform: /home/runner/.gradle/caches/transforms-3/ce160dbbfa3de34d01d231cdb832e663/transformed/jetified-tracing-1.0.0 as it is up-to-date.
Caching disabled for AarTransform: /home/runner/.gradle/caches/transforms-3/00e51715982b78af096ea2b29d7737a5/transformed/core-runtime-2.2.0 because:
  Build cache is disabled
Skipping AarTransform: /home/runner/.gradle/caches/transforms-3/00e51715982b78af096ea2b29d7737a5/transformed/core-runtime-2.2.0 as it is up-to-date.
Caching disabled for AarTransform: /home/runner/.gradle/caches/transforms-3/f93fd9f7f264506b697bc40ed42a22df/transformed/documentfile-1.0.0 because:
  Build cache is disabled
Skipping AarTransform: /home/runner/.gradle/caches/transforms-3/f93fd9f7f264506b697bc40ed42a22df/transformed/documentfile-1.0.0 as it is up-to-date.
Caching disabled for AarTransform: /home/runner/.gradle/caches/transforms-3/74f1f93840a9c8a79ad563434633a795/transformed/localbroadcastmanager-1.0.0 because:
  Build cache is disabled
Skipping AarTransform: /home/runner/.gradle/caches/transforms-3/74f1f93840a9c8a79ad563434633a795/transformed/localbroadcastmanager-1.0.0 as it is up-to-date.
Caching disabled for AarTransform: /home/runner/.gradle/caches/transforms-3/de9d9b9757fdff3a4223c6aa6c8ab886/transformed/print-1.0.0 because:
  Build cache is disabled
Skipping AarTransform: /home/runner/.gradle/caches/transforms-3/de9d9b9757fdff3a4223c6aa6c8ab886/transformed/print-1.0.0 as it is up-to-date.
Caching disabled for AarTransform: /home/runner/.gradle/caches/transforms-3/040541bbba9c66137e3b065555d548f5/transformed/jetified-annotation-experimental-1.4.0 because:
  Build cache is disabled
Skipping AarTransform: /home/runner/.gradle/caches/transforms-3/040541bbba9c66137e3b065555d548f5/transformed/jetified-annotation-experimental-1.4.0 as it is up-to-date.
Caching disabled for AarTransform: /home/runner/.gradle/caches/transforms-3/4986230a3613e9c8878387b9e002f926/transformed/constraintlayout-2.1.4 because:
  Build cache is disabled
Skipping AarTransform: /home/runner/.gradle/caches/transforms-3/4986230a3613e9c8878387b9e002f926/transformed/constraintlayout-2.1.4 as it is up-to-date.
Caching disabled for AarTransform: /home/runner/.gradle/caches/transforms-3/3e57dcd8b556ed36db83311191f6b3fb/transformed/material-1.12.0 because:
  Build cache is disabled
Skipping AarTransform: /home/runner/.gradle/caches/transforms-3/3e57dcd8b556ed36db83311191f6b3fb/transformed/material-1.12.0 as it is up-to-date.
Caching disabled for AarTransform: /home/runner/.gradle/caches/transforms-3/1879d540724927de8171de7ca34e5ef8/transformed/jetified-viewbinding-8.2.2 because:
  Build cache is disabled
Skipping AarTransform: /home/runner/.gradle/caches/transforms-3/1879d540724927de8171de7ca34e5ef8/transformed/jetified-viewbinding-8.2.2 as it is up-to-date.
Caching disabled for task ':app:checkDebugAarMetadata' because:
  Build cache is disabled
Task ':app:checkDebugAarMetadata' is not up-to-date because:
  No history is available.
Watching 30 directories to track changes
Watching 33 directories to track changes

> Task :app:createDebugCompatibleScreenManifests
Watching 33 directories to track changes
Caching disabled for task ':app:createDebugCompatibleScreenManifests' because:
  Build cache is disabled
Task ':app:createDebugCompatibleScreenManifests' is not up-to-date because:
  No history is available.
Watching 32 directories to track changes
Watching 34 directories to track changes
Resolve mutations for :app:extractDeepLinksDebug (Thread[Execution worker,5,main]) started.
:app:extractDeepLinksDebug (Thread[Execution worker,5,main]) started.

> Task :app:extractDeepLinksDebug
Watching 35 directories to track changes
Caching disabled for task ':app:extractDeepLinksDebug' because:
  Build cache is disabled
Task ':app:extractDeepLinksDebug' is not up-to-date because:
  No history is available.
Watching 34 directories to track changes
Watching 35 directories to track changes
Resolve mutations for :app:processDebugMainManifest (Thread[included builds,5,main]) started.
:app:processDebugMainManifest (Thread[Execution worker Thread 3,5,main]) started.

> Task :app:mergeDebugResources
Compiling XML table /home/runner/work/vcg-lang/vcg-lang/editor/android/app/build/intermediates/incremental/debug/mergeDebugResources/merged.dir/values-v31/values-v31.xml to /home/runner/work/vcg-lang/vcg-lang/editor/android/app/build/intermediates/merged_res/debug/values-v31_values-v31.arsc.flat
Compiling XML table /home/runner/work/vcg-lang/vcg-lang/editor/android/app/build/intermediates/incremental/debug/mergeDebugResources/merged.dir/values-sk/values-sk.xml to /home/runner/work/vcg-lang/vcg-lang/editor/android/app/build/intermediates/merged_res/debug/values-sk_values-sk.arsc.flat
Compiling XML table /home/runner/work/vcg-lang/vcg-lang/editor/android/app/build/intermediates/incremental/debug/mergeDebugResources/merged.dir/values-sr/values-sr.xml to /home/runner/work/vcg-lang/vcg-lang/editor/android/app/build/intermediates/merged_res/debug/values-sr_values-sr.arsc.flat
Compiling XML table /home/runner/work/vcg-lang/vcg-lang/editor/android/app/build/intermediates/incremental/debug/mergeDebugResources/merged.dir/values-sv/values-sv.xml to /home/runner/work/vcg-lang/vcg-lang/editor/android/app/build/intermediates/merged_res/debug/values-sv_values-sv.arsc.flat
Compiling XML table /home/runner/work/vcg-lang/vcg-lang/editor/android/app/build/intermediates/incremental/debug/mergeDebugResources/merged.dir/values-ky/values-ky.xml to /home/runner/work/vcg-lang/vcg-lang/editor/android/app/build/intermediates/merged_res/debug/values-ky_values-ky.arsc.flat
Compiling XML table /home/runner/work/vcg-lang/vcg-lang/editor/android/app/build/intermediates/incremental/debug/mergeDebugResources/merged.dir/values-te/values-te.xml to /home/runner/work/vcg-lang/vcg-lang/editor/android/app/build/intermediates/merged_res/debug/values-te_values-te.arsc.flat
Compiling XML table /home/runner/work/vcg-lang/vcg-lang/editor/android/app/build/intermediates/incremental/debug/mergeDebugResources/merged.dir/values-da/values-da.xml to /home/runner/work/vcg-lang/vcg-lang/editor/android/app/build/intermediates/merged_res/debug/values-da_values-da.arsc.flat
Compiling XML table /home/runner/work/vcg-lang/vcg-lang/editor/android/app/build/intermediates/incremental/debug/mergeDebugResources/merged.dir/values-lo/values-lo.xml to /home/runner/work/vcg-lang/vcg-lang/editor/android/app/build/intermediates/merged_res/debug/values-lo_values-lo.arsc.flat
Compiling XML table /home/runner/work/vcg-lang/vcg-lang/editor/android/app/build/intermediates/incremental/debug/mergeDebugResources/merged.dir/values-h550dp-port-v13/values-h550dp-port-v13.xml to /home/runner/work/vcg-lang/vcg-lang/editor/android/app/build/intermediates/merged_res/debug/values-h550dp-port-v13_values-h550dp-port-v13.arsc.flat
Compiling XML table /home/runner/work/vcg-lang/vcg-lang/editor/android/app/build/intermediates/incremental/debug/mergeDebugResources/merged.dir/values-mk/values-mk.xml to /home/runner/work/vcg-lang/vcg-lang/editor/android/app/build/intermediates/merged_res/debug/values-mk_values-mk.arsc.flat
Compiling XML table /home/runner/work/vcg-lang/vcg-lang/editor/android/app/build/intermediates/incremental/debug/mergeDebugResources/merged.dir/values-mr/values-mr.xml to /home/runner/work/vcg-lang/vcg-lang/editor/android/app/build/intermediates/merged_res/debug/values-mr_values-mr.arsc.flat
Compiling XML table /home/runner/work/vcg-lang/vcg-lang/editor/android/app/build/intermediates/incremental/debug/mergeDebugResources/merged.dir/values-zh-rTW/values-zh-rTW.xml to /home/runner/work/vcg-lang/vcg-lang/editor/android/app/build/intermediates/merged_res/debug/values-zh-rTW_values-zh-rTW.arsc.flat
Compiling XML table /home/runner/work/vcg-lang/vcg-lang/editor/android/app/build/intermediates/incremental/debug/mergeDebugResources/merged.dir/values-eu/values-eu.xml to /home/runner/work/vcg-lang/vcg-lang/editor/android/app/build/intermediates/merged_res/debug/values-eu_values-eu.arsc.flat
Compiling XML table /home/runner/work/vcg-lang/vcg-lang/editor/android/app/build/intermediates/incremental/debug/mergeDebugResources/merged.dir/values-port/values-port.xml to /home/runner/work/vcg-lang/vcg-lang/editor/android/app/build/intermediates/merged_res/debug/values-port_values-port.arsc.flat
Compiling XML table /home/runner/work/vcg-lang/vcg-lang/editor/android/app/build/intermediates/incremental/debug/mergeDebugResources/merged.dir/values-fa/values-fa.xml to /home/runner/work/vcg-lang/vcg-lang/editor/android/app/build/intermediates/merged_res/debug/values-fa_values-fa.arsc.flat
Compiling XML table /home/runner/work/vcg-lang/vcg-lang/editor/android/app/build/intermediates/incremental/debug/mergeDebugResources/merged.dir/values-en-rXC/values-en-rXC.xml to /home/runner/work/vcg-lang/vcg-lang/editor/android/app/build/intermediates/merged_res/debug/values-en-rXC_values-en-rXC.arsc.flat
Compiling XML table /home/runner/work/vcg-lang/vcg-lang/editor/android/app/build/intermediates/incremental/debug/mergeDebugResources/merged.dir/values-en-rGB/values-en-rGB.xml to /home/runner/work/vcg-lang/vcg-lang/editor/android/app/build/intermediates/merged_res/debug/values-en-rGB_values-en-rGB.arsc.flat
Compiling XML table /home/runner/work/vcg-lang/vcg-lang/editor/android/app/build/intermediates/incremental/debug/mergeDebugResources/merged.dir/values-gl/values-gl.xml to /home/runner/work/vcg-lang/vcg-lang/editor/android/app/build/intermediates/merged_res/debug/values-gl_values-gl.arsc.flat
Compiling XML table /home/runner/work/vcg-lang/vcg-lang/editor/android/app/build/intermediates/incremental/debug/mergeDebugResources/merged.dir/values-pl/values-pl.xml to /home/runner/work/vcg-lang/vcg-lang/editor/android/app/build/intermediates/merged_res/debug/values-pl_values-pl.arsc.flat
Compiling xml file /home/runner/work/vcg-lang/vcg-lang/editor/android/app/build/intermediates/incremental/debug/mergeDebugResources/stripped.dir/layout/activity_output.xml to /home/runner/work/vcg-lang/vcg-lang/editor/android/app/build/intermediates/merged_res/debug/layout_activity_output.xml.flat
Compiling xml file /home/runner/work/vcg-lang/vcg-lang/editor/android/app/src/main/res/drawable/bg_file_icon.xml to /home/runner/work/vcg-lang/vcg-lang/editor/android/app/build/intermediates/merged_res/debug/drawable_bg_file_icon.xml.flat
Compiling xml file /home/runner/work/vcg-lang/vcg-lang/editor/android/app/build/intermediates/incremental/debug/mergeDebugResources/stripped.dir/layout/activity_splash.xml to /home/runner/work/vcg-lang/vcg-lang/editor/android/app/build/intermediates/merged_res/debug/layout_activity_splash.xml.flat
Compiling xml file /home/runner/work/vcg-lang/vcg-lang/editor/android/app/build/intermediates/incremental/debug/mergeDebugResources/stripped.dir/layout/dialog_new_file.xml to /home/runner/work/vcg-lang/vcg-lang/editor/android/app/build/intermediates/merged_res/debug/layout_dialog_new_file.xml.flat
Compiling xml file /home/runner/work/vcg-lang/vcg-lang/editor/android/app/src/main/res/mipmap-xxhdpi/ic_launcher_round.xml to /home/runner/work/vcg-lang/vcg-lang/editor/android/app/build/intermediates/merged_res/debug/mipmap-xxhdpi_ic_launcher_round.xml.flat
Compiling XML table /home/runner/work/vcg-lang/vcg-lang/editor/android/app/build/intermediates/incremental/debug/mergeDebugResources/merged.dir/values-watch-v20/values-watch-v20.xml to /home/runner/work/vcg-lang/vcg-lang/editor/android/app/build/intermediates/merged_res/debug/values-watch-v20_values-watch-v20.arsc.flat
Compiling XML table /home/runner/work/vcg-lang/vcg-lang/editor/android/app/build/intermediates/incremental/debug/mergeDebugResources/merged.dir/values-h320dp-port-v13/values-h320dp-port-v13.xml to /home/runner/work/vcg-lang/vcg-lang/editor/android/app/build/intermediates/merged_res/debug/values-h320dp-port-v13_values-h320dp-port-v13.arsc.flat
Compiling XML table /home/runner/work/vcg-lang/vcg-lang/editor/android/app/build/intermediates/incremental/debug/mergeDebugResources/merged.dir/values-ldltr-v21/values-ldltr-v21.xml to /home/runner/work/vcg-lang/vcg-lang/editor/android/app/build/intermediates/merged_res/debug/values-ldltr-v21_values-ldltr-v21.arsc.flat
Compiling XML table /home/runner/work/vcg-lang/vcg-lang/editor/android/app/build/intermediates/incremental/debug/mergeDebugResources/merged.dir/values-w320dp-land-v13/values-w320dp-land-v13.xml to /home/runner/work/vcg-lang/vcg-lang/editor/android/app/build/intermediates/merged_res/debug/values-w320dp-land-v13_values-w320dp-land-v13.arsc.flat
Compiling XML table /home/runner/work/vcg-lang/vcg-lang/editor/android/app/build/intermediates/incremental/debug/mergeDebugResources/merged.dir/values-am/values-am.xml to /home/runner/work/vcg-lang/vcg-lang/editor/android/app/build/intermediates/merged_res/debug/values-am_values-am.arsc.flat
Compiling XML table /home/runner/work/vcg-lang/vcg-lang/editor/android/app/build/intermediates/incremental/debug/mergeDebugResources/merged.dir/values-as/values-as.xml to /home/runner/work/vcg-lang/vcg-lang/editor/android/app/build/intermediates/merged_res/debug/values-as_values-as.arsc.flat
Compiling XML table /home/runner/work/vcg-lang/vcg-lang/editor/android/app/build/intermediates/incremental/debug/mergeDebugResources/merged.dir/values-ja/values-ja.xml to /home/runner/work/vcg-lang/vcg-lang/editor/android/app/build/intermediates/merged_res/debug/values-ja_values-ja.arsc.flat
Compiling XML table /home/runner/work/vcg-lang/vcg-lang/editor/android/app/build/intermediates/incremental/debug/mergeDebugResources/merged.dir/values-v24/values-v24.xml to /home/runner/work/vcg-lang/vcg-lang/editor/android/app/build/intermediates/merged_res/debug/values-v24_values-v24.arsc.flat
Compiling XML table /home/runner/work/vcg-lang/vcg-lang/editor/android/app/build/intermediates/incremental/debug/mergeDebugResources/merged.dir/values-v26/values-v26.xml to /home/runner/work/vcg-lang/vcg-lang/editor/android/app/build/intermediates/merged_res/debug/values-v26_values-v26.arsc.flat
Compiling XML table /home/runner/work/vcg-lang/vcg-lang/editor/android/app/build/intermediates/incremental/debug/mergeDebugResources/merged.dir/values-sw600dp-v13/values-sw600dp-v13.xml to /home/runner/work/vcg-lang/vcg-lang/editor/android/app/build/intermediates/merged_res/debug/values-sw600dp-v13_values-sw600dp-v13.arsc.flat
Compiling XML table /home/runner/work/vcg-lang/vcg-lang/editor/android/app/build/intermediates/incremental/debug/mergeDebugResources/merged.dir/values-bn/values-bn.xml to /home/runner/work/vcg-lang/vcg-lang/editor/android/app/build/intermediates/merged_res/debug/values-bn_values-bn.arsc.flat
Compiling XML table /home/runner/work/vcg-lang/vcg-lang/editor/android/app/build/intermediates/incremental/debug/mergeDebugResources/merged.dir/values-ka/values-ka.xml to /home/runner/work/vcg-lang/vcg-lang/editor/android/app/build/intermediates/merged_res/debug/values-ka_values-ka.arsc.flat
Compiling XML table /home/runner/work/vcg-lang/vcg-lang/editor/android/app/build/intermediates/incremental/debug/mergeDebugResources/merged.dir/values-sl/values-sl.xml to /home/runner/work/vcg-lang/vcg-lang/editor/android/app/build/intermediates/merged_res/debug/values-sl_values-sl.arsc.flat
Compiling XML table /home/runner/work/vcg-lang/vcg-lang/editor/android/app/build/intermediates/incremental/debug/mergeDebugResources/merged.dir/values-kk/values-kk.xml to /home/runner/work/vcg-lang/vcg-lang/editor/android/app/build/intermediates/merged_res/debug/values-kk_values-kk.arsc.flat
Compiling XML table /home/runner/work/vcg-lang/vcg-lang/editor/android/app/build/intermediates/incremental/debug/mergeDebugResources/merged.dir/values-ko/values-ko.xml to /home/runner/work/vcg-lang/vcg-lang/editor/android/app/build/intermediates/merged_res/debug/values-ko_values-ko.arsc.flat
Compiling XML table /home/runner/work/vcg-lang/vcg-lang/editor/android/app/build/intermediates/incremental/debug/mergeDebugResources/merged.dir/values-pt-rBR/values-pt-rBR.xml to /home/runner/work/vcg-lang/vcg-lang/editor/android/app/build/intermediates/merged_res/debug/values-pt-rBR_values-pt-rBR.arsc.flat
Compiling XML table /home/runner/work/vcg-lang/vcg-lang/editor/android/app/build/intermediates/incremental/debug/mergeDebugResources/merged.dir/values-th/values-th.xml to /home/runner/work/vcg-lang/vcg-lang/editor/android/app/build/intermediates/merged_res/debug/values-th_values-th.arsc.flat
Compiling XML table /home/runner/work/vcg-lang/vcg-lang/editor/android/app/build/intermediates/incremental/debug/mergeDebugResources/merged.dir/values-tr/values-tr.xml to /home/runner/work/vcg-lang/vcg-lang/editor/android/app/build/intermediates/merged_res/debug/values-tr_values-tr.arsc.flat
Compiling XML table /home/runner/work/vcg-lang/vcg-lang/editor/android/app/build/intermediates/incremental/debug/mergeDebugResources/merged.dir/values-lt/values-lt.xml to /home/runner/work/vcg-lang/vcg-lang/editor/android/app/build/intermediates/merged_res/debug/values-lt_values-lt.arsc.flat
Compiling XML table /home/runner/work/vcg-lang/vcg-lang/editor/android/app/build/intermediates/incremental/debug/mergeDebugResources/merged.dir/values-ldrtl-v17/values-ldrtl-v17.xml to /home/runner/work/vcg-lang/vcg-lang/editor/android/app/build/intermediates/merged_res/debug/values-ldrtl-v17_values-ldrtl-v17.arsc.flat
Compiling XML table /home/runner/work/vcg-lang/vcg-lang/editor/android/app/build/intermediates/incremental/debug/mergeDebugResources/merged.dir/values-ml/values-ml.xml to /home/runner/work/vcg-lang/vcg-lang/editor/android/app/build/intermediates/merged_res/debug/values-ml_values-ml.arsc.flat
Compiling XML table /home/runner/work/vcg-lang/vcg-lang/editor/android/app/build/intermediates/incremental/debug/mergeDebugResources/merged.dir/values-fr-rCA/values-fr-rCA.xml to /home/runner/work/vcg-lang/vcg-lang/editor/android/app/build/intermediates/merged_res/debug/values-fr-rCA_values-fr-rCA.arsc.flat
Compiling XML table /home/runner/work/vcg-lang/vcg-lang/editor/android/app/build/intermediates/incremental/debug/mergeDebugResources/merged.dir/values-my/values-my.xml to /home/runner/work/vcg-lang/vcg-lang/editor/android/app/build/intermediates/merged_res/debug/values-my_values-my.arsc.flat
Compiling XML table /home/runner/work/vcg-lang/vcg-lang/editor/android/app/build/intermediates/incremental/debug/mergeDebugResources/merged.dir/values-vi/values-vi.xml to /home/runner/work/vcg-lang/vcg-lang/editor/android/app/build/intermediates/merged_res/debug/values-vi_values-vi.arsc.flat
Compiling XML table /home/runner/work/vcg-lang/vcg-lang/editor/android/app/build/intermediates/incremental/debug/mergeDebugResources/merged.dir/values-w600dp-land-v13/values-w600dp-land-v13.xml to /home/runner/work/vcg-lang/vcg-lang/editor/android/app/build/intermediates/merged_res/debug/values-w600dp-land-v13_values-w600dp-land-v13.arsc.flat
Compiling XML table /home/runner/work/vcg-lang/vcg-lang/editor/android/app/build/intermediates/incremental/debug/mergeDebugResources/merged.dir/values-nl/values-nl.xml to /home/runner/work/vcg-lang/vcg-lang/editor/android/app/build/intermediates/merged_res/debug/values-nl_values-nl.arsc.flat
Compiling XML table /home/runner/work/vcg-lang/vcg-lang/editor/android/app/build/intermediates/incremental/debug/mergeDebugResources/merged.dir/values-fr/values-fr.xml to /home/runner/work/vcg-lang/vcg-lang/editor/android/app/build/intermediates/merged_res/debug/values-fr_values-fr.arsc.flat
Compiling XML table /home/runner/work/vcg-lang/vcg-lang/editor/android/app/build/intermediates/incremental/debug/mergeDebugResources/merged.dir/values-land/values-land.xml to /home/runner/work/vcg-lang/vcg-lang/editor/android/app/build/intermediates/merged_res/debug/values-land_values-land.arsc.flat
Compiling XML table /home/runner/work/vcg-lang/vcg-lang/editor/android/app/build/intermediates/incremental/debug/mergeDebugResources/merged.dir/values-b+es+419/values-b+es+419.xml to /home/runner/work/vcg-lang/vcg-lang/editor/android/app/build/intermediates/merged_res/debug/values-b+es+419_values-b+es+419.arsc.flat
Compiling xml file /home/runner/work/vcg-lang/vcg-lang/editor/android/app/build/intermediates/incremental/debug/mergeDebugResources/stripped.dir/layout/activity_editor.xml to /home/runner/work/vcg-lang/vcg-lang/editor/android/app/build/intermediates/merged_res/debug/layout_activity_editor.xml.flat
Compiling xml file /home/runner/work/vcg-lang/vcg-lang/editor/android/app/build/intermediates/incremental/debug/mergeDebugResources/stripped.dir/layout/activity_main.xml to /home/runner/work/vcg-lang/vcg-lang/editor/android/app/build/intermediates/merged_res/debug/layout_activity_main.xml.flat
Compiling xml file /home/runner/work/vcg-lang/vcg-lang/editor/android/app/src/main/res/menu/menu_editor.xml to /home/runner/work/vcg-lang/vcg-lang/editor/android/app/build/intermediates/merged_res/debug/menu_menu_editor.xml.flat
Compiling xml file /home/runner/work/vcg-lang/vcg-lang/editor/android/app/src/main/res/mipmap-xhdpi/ic_launcher_round.xml to /home/runner/work/vcg-lang/vcg-lang/editor/android/app/build/intermediates/merged_res/debug/mipmap-xhdpi_ic_launcher_round.xml.flat
Compiling xml file /home/runner/work/vcg-lang/vcg-lang/editor/android/app/src/main/res/mipmap-hdpi/ic_launcher_round.xml to /home/runner/work/vcg-lang/vcg-lang/editor/android/app/build/intermediates/merged_res/debug/mipmap-hdpi_ic_launcher_round.xml.flat
Compiling xml file /home/runner/work/vcg-lang/vcg-lang/editor/android/app/src/main/res/mipmap-xxxhdpi/ic_launcher_round.xml to /home/runner/work/vcg-lang/vcg-lang/editor/android/app/build/intermediates/merged_res/debug/mipmap-xxxhdpi_ic_launcher_round.xml.flat
Watching 39 directories to track changes
Watching 40 directories to track changes
Watching 41 directories to track changes
Watching 165 directories to track changes
Watching 166 directories to track changes

> Task :app:processDebugMainManifest
Watching 36 directories to track changes
Watching 36 directories to track changes
Watching 37 directories to track changes
Watching 38 directories to track changes
Transforming viewbinding-8.2.2.aar (androidx.databinding:viewbinding:8.2.2) with JetifyTransform
Transforming viewbinding-8.2.2.aar (androidx.databinding:viewbinding:8.2.2) with ExtractAarTransform
Transforming viewbinding-8.2.2.aar (androidx.databinding:viewbinding:8.2.2) with AarTransform
Transforming material-1.12.0.aar (com.google.android.material:material:1.12.0) with JetifyTransform
Transforming material-1.12.0.aar (com.google.android.material:material:1.12.0) with ExtractAarTransform
Transforming material-1.12.0.aar (com.google.android.material:material:1.12.0) with AarTransform
Transforming constraintlayout-2.1.4.aar (androidx.constraintlayout:constraintlayout:2.1.4) with JetifyTransform
Transforming constraintlayout-2.1.4.aar (androidx.constraintlayout:constraintlayout:2.1.4) with ExtractAarTransform
Transforming constraintlayout-2.1.4.aar (androidx.constraintlayout:constraintlayout:2.1.4) with AarTransform
Caching disabled for AarTransform: /home/runner/.gradle/caches/transforms-3/1879d540724927de8171de7ca34e5ef8/transformed/jetified-viewbinding-8.2.2 because:
  Build cache is disabled
Skipping AarTransform: /home/runner/.gradle/caches/transforms-3/1879d540724927de8171de7ca34e5ef8/transformed/jetified-viewbinding-8.2.2 as it is up-to-date.
Transforming appcompat-resources-1.7.0.aar (androidx.appcompat:appcompat-resources:1.7.0) with JetifyTransform
Transforming appcompat-resources-1.7.0.aar (androidx.appcompat:appcompat-resources:1.7.0) with ExtractAarTransform
Transforming appcompat-resources-1.7.0.aar (androidx.appcompat:appcompat-resources:1.7.0) with AarTransform
Transforming appcompat-1.7.0.aar (androidx.appcompat:appcompat:1.7.0) with JetifyTransform
Transforming appcompat-1.7.0.aar (androidx.appcompat:appcompat:1.7.0) with ExtractAarTransform
Transforming appcompat-1.7.0.aar (androidx.appcompat:appcompat:1.7.0) with AarTransform
Transforming viewpager2-1.1.0-beta02.aar (androidx.viewpager2:viewpager2:1.1.0-beta02) with JetifyTransform
Transforming viewpager2-1.1.0-beta02.aar (androidx.viewpager2:viewpager2:1.1.0-beta02) with ExtractAarTransform
Transforming viewpager2-1.1.0-beta02.aar (androidx.viewpager2:viewpager2:1.1.0-beta02) with AarTransform
Transforming recyclerview-1.3.2.aar (androidx.recyclerview:recyclerview:1.3.2) with JetifyTransform
Transforming recyclerview-1.3.2.aar (androidx.recyclerview:recyclerview:1.3.2) with ExtractAarTransform
Transforming recyclerview-1.3.2.aar (androidx.recyclerview:recyclerview:1.3.2) with AarTransform
Transforming cardview-1.0.0.aar (androidx.cardview:cardview:1.0.0) with JetifyTransform
Transforming cardview-1.0.0.aar (androidx.cardview:cardview:1.0.0) with ExtractAarTransform
Transforming cardview-1.0.0.aar (androidx.cardview:cardview:1.0.0) with AarTransform
Transforming emoji2-views-helper-1.3.0.aar (androidx.emoji2:emoji2-views-helper:1.3.0) with JetifyTransform
Transforming emoji2-views-helper-1.3.0.aar (androidx.emoji2:emoji2-views-helper:1.3.0) with ExtractAarTransform
Transforming emoji2-views-helper-1.3.0.aar (androidx.emoji2:emoji2-views-helper:1.3.0) with AarTransform
Transforming emoji2-1.3.0.aar (androidx.emoji2:emoji2:1.3.0) with JetifyTransform
Transforming emoji2-1.3.0.aar (androidx.emoji2:emoji2:1.3.0) with ExtractAarTransform
Transforming emoji2-1.3.0.aar (androidx.emoji2:emoji2:1.3.0) with AarTransform
Transforming fragment-1.5.4.aar (androidx.fragment:fragment:1.5.4) with JetifyTransform
Transforming fragment-1.5.4.aar (androidx.fragment:fragment:1.5.4) with ExtractAarTransform
Caching disabled for AarTransform: /home/runner/.gradle/caches/transforms-3/3e57dcd8b556ed36db83311191f6b3fb/transformed/material-1.12.0 because:
  Build cache is disabled
Skipping AarTransform: /home/runner/.gradle/caches/transforms-3/3e57dcd8b556ed36db83311191f6b3fb/transformed/material-1.12.0 as it is up-to-date.
Transforming fragment-1.5.4.aar (androidx.fragment:fragment:1.5.4) with AarTransform
Caching disabled for AarTransform: /home/runner/.gradle/caches/transforms-3/4986230a3613e9c8878387b9e002f926/transformed/constraintlayout-2.1.4 because:
  Build cache is disabled
Skipping AarTransform: /home/runner/.gradle/caches/transforms-3/4986230a3613e9c8878387b9e002f926/transformed/constraintlayout-2.1.4 as it is up-to-date.
Transforming activity-1.8.0.aar (androidx.activity:activity:1.8.0) with JetifyTransform
Transforming activity-1.8.0.aar (androidx.activity:activity:1.8.0) with ExtractAarTransform
Transforming activity-1.8.0.aar (androidx.activity:activity:1.8.0) with AarTransform
Caching disabled for AarTransform: /home/runner/.gradle/caches/transforms-3/713fa34b7934cd106f7af24b7c871473/transformed/jetified-viewpager2-1.1.0-beta02 because:
  Build cache is disabled
Skipping AarTransform: /home/runner/.gradle/caches/transforms-3/713fa34b7934cd106f7af24b7c871473/transformed/jetified-viewpager2-1.1.0-beta02 as it is up-to-date.
Transforming drawerlayout-1.1.1.aar (androidx.drawerlayout:drawerlayout:1.1.1) with JetifyTransform
Transforming drawerlayout-1.1.1.aar (androidx.drawerlayout:drawerlayout:1.1.1) with ExtractAarTransform
Transforming drawerlayout-1.1.1.aar (androidx.drawerlayout:drawerlayout:1.1.1) with AarTransform
Transforming coordinatorlayout-1.1.0.aar (androidx.coordinatorlayout:coordinatorlayout:1.1.0) with JetifyTransform
Transforming coordinatorlayout-1.1.0.aar (androidx.coordinatorlayout:coordinatorlayout:1.1.0) with ExtractAarTransform
Caching disabled for AarTransform: /home/runner/.gradle/caches/transforms-3/74c0aa74c6cd0d99699e92401439d9bc/transformed/appcompat-1.7.0 because:
  Build cache is disabled
Skipping AarTransform: /home/runner/.gradle/caches/transforms-3/74c0aa74c6cd0d99699e92401439d9bc/transformed/appcompat-1.7.0 as it is up-to-date.
Transforming coordinatorlayout-1.1.0.aar (androidx.coordinatorlayout:coordinatorlayout:1.1.0) with AarTransform
Transforming transition-1.5.0.aar (androidx.transition:transition:1.5.0) with JetifyTransform
Transforming transition-1.5.0.aar (androidx.transition:transition:1.5.0) with ExtractAarTransform
Transforming transition-1.5.0.aar (androidx.transition:transition:1.5.0) with AarTransform
Transforming dynamicanimation-1.0.0.aar (androidx.dynamicanimation:dynamicanimation:1.0.0) with JetifyTransform
Transforming dynamicanimation-1.0.0.aar (androidx.dynamicanimation:dynamicanimation:1.0.0) with ExtractAarTransform
Transforming dynamicanimation-1.0.0.aar (androidx.dynamicanimation:dynamicanimation:1.0.0) with AarTransform
Transforming vectordrawable-animated-1.1.0.aar (androidx.vectordrawable:vectordrawable-animated:1.1.0) with JetifyTransform
Transforming vectordrawable-animated-1.1.0.aar (androidx.vectordrawable:vectordrawable-animated:1.1.0) with ExtractAarTransform
Transforming vectordrawable-animated-1.1.0.aar (androidx.vectordrawable:vectordrawable-animated:1.1.0) with AarTransform
Transforming vectordrawable-1.1.0.aar (androidx.vectordrawable:vectordrawable:1.1.0) with JetifyTransform
Transforming vectordrawable-1.1.0.aar (androidx.vectordrawable:vectordrawable:1.1.0) with ExtractAarTransform
Transforming vectordrawable-1.1.0.aar (androidx.vectordrawable:vectordrawable:1.1.0) with AarTransform
Transforming vectordrawable-1.1.0.aar (androidx.vectordrawable:vectordrawable:1.1.0) with JetifyTransform
Transforming vectordrawable-1.1.0.aar (androidx.vectordrawable:vectordrawable:1.1.0) with ExtractAarTransform
Transforming vectordrawable-1.1.0.aar (androidx.vectordrawable:vectordrawable:1.1.0) with AarTransform
Transforming customview-poolingcontainer-1.0.0.aar (androidx.customview:customview-poolingcontainer:1.0.0) with JetifyTransform
Transforming customview-poolingcontainer-1.0.0.aar (androidx.customview:customview-poolingcontainer:1.0.0) with ExtractAarTransform
Transforming customview-poolingcontainer-1.0.0.aar (androidx.customview:customview-poolingcontainer:1.0.0) with AarTransform
Transforming savedstate-1.2.1.aar (androidx.savedstate:savedstate:1.2.1) with JetifyTransform
Caching disabled for AarTransform: /home/runner/.gradle/caches/transforms-3/4fe0dd632fb97ea5194ceec69f750c7c/transformed/recyclerview-1.3.2 because:
  Build cache is disabled
Skipping AarTransform: /home/runner/.gradle/caches/transforms-3/4fe0dd632fb97ea5194ceec69f750c7c/transformed/recyclerview-1.3.2 as it is up-to-date.
Transforming savedstate-1.2.1.aar (androidx.savedstate:savedstate:1.2.1) with ExtractAarTransform
Transforming savedstate-1.2.1.aar (androidx.savedstate:savedstate:1.2.1) with AarTransform
Transforming legacy-support-core-utils-1.0.0.aar (androidx.legacy:legacy-support-core-utils:1.0.0) with JetifyTransform
Transforming legacy-support-core-utils-1.0.0.aar (androidx.legacy:legacy-support-core-utils:1.0.0) with ExtractAarTransform
Transforming legacy-support-core-utils-1.0.0.aar (androidx.legacy:legacy-support-core-utils:1.0.0) with AarTransform
Transforming loader-1.0.0.aar (androidx.loader:loader:1.0.0) with JetifyTransform
Transforming loader-1.0.0.aar (androidx.loader:loader:1.0.0) with ExtractAarTransform
Transforming loader-1.0.0.aar (androidx.loader:loader:1.0.0) with AarTransform
Transforming loader-1.0.0.aar (androidx.loader:loader:1.0.0) with JetifyTransform
Transforming loader-1.0.0.aar (androidx.loader:loader:1.0.0) with ExtractAarTransform
Transforming loader-1.0.0.aar (androidx.loader:loader:1.0.0) with AarTransform
Transforming lifecycle-livedata-2.6.2.aar (androidx.lifecycle:lifecycle-livedata:2.6.2) with JetifyTransform
Transforming lifecycle-livedata-2.6.2.aar (androidx.lifecycle:lifecycle-livedata:2.6.2) with ExtractAarTransform
Transforming lifecycle-livedata-2.6.2.aar (androidx.lifecycle:lifecycle-livedata:2.6.2) with AarTransform
Transforming lifecycle-viewmodel-2.6.2.aar (androidx.lifecycle:lifecycle-viewmodel:2.6.2) with JetifyTransform
Transforming lifecycle-viewmodel-2.6.2.aar (androidx.lifecycle:lifecycle-viewmodel:2.6.2) with ExtractAarTransform
Transforming lifecycle-viewmodel-2.6.2.aar (androidx.lifecycle:lifecycle-viewmodel:2.6.2) with AarTransform
Transforming lifecycle-viewmodel-2.6.2.aar (androidx.lifecycle:lifecycle-viewmodel:2.6.2) with JetifyTransform
Transforming lifecycle-viewmodel-2.6.2.aar (androidx.lifecycle:lifecycle-viewmodel:2.6.2) with ExtractAarTransform
Transforming lifecycle-viewmodel-2.6.2.aar (androidx.lifecycle:lifecycle-viewmodel:2.6.2) with AarTransform
Transforming lifecycle-process-2.6.2.aar (androidx.lifecycle:lifecycle-process:2.6.2) with JetifyTransform
Transforming lifecycle-process-2.6.2.aar (androidx.lifecycle:lifecycle-process:2.6.2) with ExtractAarTransform
Caching disabled for AarTransform: /home/runner/.gradle/caches/transforms-3/82a5c5a65c7b536c87d9f811caae18d2/transformed/cardview-1.0.0 because:
  Build cache is disabled
Skipping AarTransform: /home/runner/.gradle/caches/transforms-3/82a5c5a65c7b536c87d9f811caae18d2/transformed/cardview-1.0.0 as it is up-to-date.
Transforming lifecycle-process-2.6.2.aar (androidx.lifecycle:lifecycle-process:2.6.2) with AarTransform
Transforming lifecycle-livedata-core-2.6.2.aar (androidx.lifecycle:lifecycle-livedata-core:2.6.2) with JetifyTransform
Transforming lifecycle-livedata-core-2.6.2.aar (androidx.lifecycle:lifecycle-livedata-core:2.6.2) with ExtractAarTransform
Transforming lifecycle-livedata-core-2.6.2.aar (androidx.lifecycle:lifecycle-livedata-core:2.6.2) with AarTransform
Transforming lifecycle-runtime-2.6.2.aar (androidx.lifecycle:lifecycle-runtime:2.6.2) with JetifyTransform
Transforming lifecycle-runtime-2.6.2.aar (androidx.lifecycle:lifecycle-runtime:2.6.2) with ExtractAarTransform
Transforming lifecycle-runtime-2.6.2.aar (androidx.lifecycle:lifecycle-runtime:2.6.2) with AarTransform
Transforming lifecycle-viewmodel-savedstate-2.6.2.aar (androidx.lifecycle:lifecycle-viewmodel-savedstate:2.6.2) with JetifyTransform
Transforming lifecycle-viewmodel-savedstate-2.6.2.aar (androidx.lifecycle:lifecycle-viewmodel-savedstate:2.6.2) with ExtractAarTransform
Transforming lifecycle-viewmodel-savedstate-2.6.2.aar (androidx.lifecycle:lifecycle-viewmodel-savedstate:2.6.2) with AarTransform
Transforming core-ktx-1.13.1.aar (androidx.core:core-ktx:1.13.1) with JetifyTransform
Transforming core-ktx-1.13.1.aar (androidx.core:core-ktx:1.13.1) with ExtractAarTransform
Transforming core-ktx-1.13.1.aar (androidx.core:core-ktx:1.13.1) with AarTransform
Transforming viewpager-1.0.0.aar (androidx.viewpager:viewpager:1.0.0) with JetifyTransform
Transforming viewpager-1.0.0.aar (androidx.viewpager:viewpager:1.0.0) with ExtractAarTransform
Transforming viewpager-1.0.0.aar (androidx.viewpager:viewpager:1.0.0) with AarTransform
Transforming customview-1.1.0.aar (androidx.customview:customview:1.1.0) with JetifyTransform
Transforming customview-1.1.0.aar (androidx.customview:customview:1.1.0) with ExtractAarTransform
Transforming customview-1.1.0.aar (androidx.customview:customview:1.1.0) with AarTransform
Transforming customview-1.1.0.aar (androidx.customview:customview:1.1.0) with JetifyTransform
Transforming customview-1.1.0.aar (androidx.customview:customview:1.1.0) with ExtractAarTransform
Transforming customview-1.1.0.aar (androidx.customview:customview:1.1.0) with AarTransform
Transforming customview-1.1.0.aar (androidx.customview:customview:1.1.0) with JetifyTransform
Transforming customview-1.1.0.aar (androidx.customview:customview:1.1.0) with ExtractAarTransform
Transforming customview-1.1.0.aar (androidx.customview:customview:1.1.0) with AarTransform
Transforming customview-1.1.0.aar (androidx.customview:customview:1.1.0) with JetifyTransform
Transforming customview-1.1.0.aar (androidx.customview:customview:1.1.0) with ExtractAarTransform
Transforming customview-1.1.0.aar (androidx.customview:customview:1.1.0) with AarTransform
Transforming core-1.13.1.aar (androidx.core:core:1.13.1) with JetifyTransform
Transforming core-1.13.1.aar (androidx.core:core:1.13.1) with ExtractAarTransform
Transforming core-1.13.1.aar (androidx.core:core:1.13.1) with AarTransform
Transforming core-1.13.1.aar (androidx.core:core:1.13.1) with JetifyTransform
Transforming core-1.13.1.aar (androidx.core:core:1.13.1) with ExtractAarTransform
Transforming core-1.13.1.aar (androidx.core:core:1.13.1) with AarTransform
Transforming core-1.13.1.aar (androidx.core:core:1.13.1) with JetifyTransform
Caching disabled for AarTransform: /home/runner/.gradle/caches/transforms-3/1fd4c804b162fdb57cf438768b0cdaff/transformed/jetified-emoji2-views-helper-1.3.0 because:
  Build cache is disabled
Skipping AarTransform: /home/runner/.gradle/caches/transforms-3/1fd4c804b162fdb57cf438768b0cdaff/transformed/jetified-emoji2-views-helper-1.3.0 as it is up-to-date.
Caching disabled for AarTransform: /home/runner/.gradle/caches/transforms-3/4071c0e51b732894357072270238bfc4/transformed/fragment-1.5.4 because:
  Build cache is disabled
Skipping AarTransform: /home/runner/.gradle/caches/transforms-3/4071c0e51b732894357072270238bfc4/transformed/fragment-1.5.4 as it is up-to-date.
Caching disabled for AarTransform: /home/runner/.gradle/caches/transforms-3/1233487f8a8b2c105e4478097ec9c397/transformed/jetified-emoji2-1.3.0 because:
  Build cache is disabled
Skipping AarTransform: /home/runner/.gradle/caches/transforms-3/1233487f8a8b2c105e4478097ec9c397/transformed/jetified-emoji2-1.3.0 as it is up-to-date.
Caching disabled for AarTransform: /home/runner/.gradle/caches/transforms-3/44cca806ce7b0a80822ea1332ac9a47d/transformed/jetified-activity-1.8.0 because:
  Build cache is disabled
Skipping AarTransform: /home/runner/.gradle/caches/transforms-3/44cca806ce7b0a80822ea1332ac9a47d/transformed/jetified-activity-1.8.0 as it is up-to-date.
Caching disabled for AarTransform: /home/runner/.gradle/caches/transforms-3/ed3d2cbbd0b7adc69330f4f5d5203a98/transformed/drawerlayout-1.1.1 because:
  Build cache is disabled
Skipping AarTransform: /home/runner/.gradle/caches/transforms-3/ed3d2cbbd0b7adc69330f4f5d5203a98/transformed/drawerlayout-1.1.1 as it is up-to-date.
Transforming core-1.13.1.aar (androidx.core:core:1.13.1) with ExtractAarTransform
Transforming core-1.13.1.aar (androidx.core:core:1.13.1) with AarTransform
Transforming core-1.13.1.aar (androidx.core:core:1.13.1) with JetifyTransform
Transforming core-1.13.1.aar (androidx.core:core:1.13.1) with ExtractAarTransform
Transforming core-1.13.1.aar (androidx.core:core:1.13.1) with AarTransform
Transforming core-1.13.1.aar (androidx.core:core:1.13.1) with JetifyTransform
Transforming core-1.13.1.aar (androidx.core:core:1.13.1) with ExtractAarTransform
Transforming core-1.13.1.aar (androidx.core:core:1.13.1) with AarTransform
Transforming core-1.13.1.aar (androidx.core:core:1.13.1) with JetifyTransform
Transforming core-1.13.1.aar (androidx.core:core:1.13.1) with ExtractAarTransform
Transforming core-1.13.1.aar (androidx.core:core:1.13.1) with AarTransform
Transforming core-1.13.1.aar (androidx.core:core:1.13.1) with JetifyTransform
Transforming core-1.13.1.aar (androidx.core:core:1.13.1) with ExtractAarTransform
Transforming core-1.13.1.aar (androidx.core:core:1.13.1) with AarTransform
Transforming core-1.13.1.aar (androidx.core:core:1.13.1) with JetifyTransform
Transforming core-1.13.1.aar (androidx.core:core:1.13.1) with ExtractAarTransform
Transforming core-1.13.1.aar (androidx.core:core:1.13.1) with AarTransform
Transforming core-1.13.1.aar (androidx.core:core:1.13.1) with JetifyTransform
Transforming core-1.13.1.aar (androidx.core:core:1.13.1) with ExtractAarTransform
Transforming core-1.13.1.aar (androidx.core:core:1.13.1) with AarTransform
Transforming cursoradapter-1.0.0.aar (androidx.cursoradapter:cursoradapter:1.0.0) with JetifyTransform
Transforming cursoradapter-1.0.0.aar (androidx.cursoradapter:cursoradapter:1.0.0) with ExtractAarTransform
Transforming cursoradapter-1.0.0.aar (androidx.cursoradapter:cursoradapter:1.0.0) with AarTransform
Transforming profileinstaller-1.3.1.aar (androidx.profileinstaller:profileinstaller:1.3.1) with JetifyTransform
Transforming profileinstaller-1.3.1.aar (androidx.profileinstaller:profileinstaller:1.3.1) with ExtractAarTransform
Transforming profileinstaller-1.3.1.aar (androidx.profileinstaller:profileinstaller:1.3.1) with AarTransform
Transforming interpolator-1.0.0.aar (androidx.interpolator:interpolator:1.0.0) with JetifyTransform
Transforming interpolator-1.0.0.aar (androidx.interpolator:interpolator:1.0.0) with ExtractAarTransform
Transforming interpolator-1.0.0.aar (androidx.interpolator:interpolator:1.0.0) with AarTransform
Transforming interpolator-1.0.0.aar (androidx.interpolator:interpolator:1.0.0) with JetifyTransform
Transforming interpolator-1.0.0.aar (androidx.interpolator:interpolator:1.0.0) with ExtractAarTransform
Transforming interpolator-1.0.0.aar (androidx.interpolator:interpolator:1.0.0) with AarTransform
Transforming versionedparcelable-1.1.1.aar (androidx.versionedparcelable:versionedparcelable:1.1.1) with JetifyTransform
Transforming versionedparcelable-1.1.1.aar (androidx.versionedparcelable:versionedparcelable:1.1.1) with ExtractAarTransform
Transforming versionedparcelable-1.1.1.aar (androidx.versionedparcelable:versionedparcelable:1.1.1) with AarTransform
Transforming startup-runtime-1.1.1.aar (androidx.startup:startup-runtime:1.1.1) with JetifyTransform
Transforming startup-runtime-1.1.1.aar (androidx.startup:startup-runtime:1.1.1) with ExtractAarTransform
Transforming startup-runtime-1.1.1.aar (androidx.startup:startup-runtime:1.1.1) with AarTransform
Transforming tracing-1.0.0.aar (androidx.tracing:tracing:1.0.0) with JetifyTransform
Caching disabled for AarTransform: /home/runner/.gradle/caches/transforms-3/4dd287c9e959375dcd5b85d1a2ea3286/transformed/coordinatorlayout-1.1.0 because:
  Build cache is disabled
Skipping AarTransform: /home/runner/.gradle/caches/transforms-3/4dd287c9e959375dcd5b85d1a2ea3286/transformed/coordinatorlayout-1.1.0 as it is up-to-date.
Caching disabled for AarTransform: /home/runner/.gradle/caches/transforms-3/3d0855e7a81c50c07154eb213257a7d0/transformed/transition-1.5.0 because:
  Build cache is disabled
Skipping AarTransform: /home/runner/.gradle/caches/transforms-3/3d0855e7a81c50c07154eb213257a7d0/transformed/transition-1.5.0 as it is up-to-date.
Caching disabled for AarTransform: /home/runner/.gradle/caches/transforms-3/1ecbce35e8912ca07f18fb6a2d44712b/transformed/dynamicanimation-1.0.0 because:
  Build cache is disabled
Skipping AarTransform: /home/runner/.gradle/caches/transforms-3/1ecbce35e8912ca07f18fb6a2d44712b/transformed/dynamicanimation-1.0.0 as it is up-to-date.
Caching disabled for AarTransform: /home/runner/.gradle/caches/transforms-3/c18aa4e6712d645d90f2edd74129037f/transformed/vectordrawable-animated-1.1.0 because:
  Build cache is disabled
Skipping AarTransform: /home/runner/.gradle/caches/transforms-3/c18aa4e6712d645d90f2edd74129037f/transformed/vectordrawable-animated-1.1.0 as it is up-to-date.
Caching disabled for AarTransform: /home/runner/.gradle/caches/transforms-3/702d14a0481cc6e84239a971f0bdc7de/transformed/vectordrawable-1.1.0 because:
  Build cache is disabled
Skipping AarTransform: /home/runner/.gradle/caches/transforms-3/702d14a0481cc6e84239a971f0bdc7de/transformed/vectordrawable-1.1.0 as it is up-to-date.
Caching disabled for AarTransform: /home/runner/.gradle/caches/transforms-3/f70414e7656dffaa563fcba9e5ff730b/transformed/jetified-customview-poolingcontainer-1.0.0 because:
  Build cache is disabled
Skipping AarTransform: /home/runner/.gradle/caches/transforms-3/f70414e7656dffaa563fcba9e5ff730b/transformed/jetified-customview-poolingcontainer-1.0.0 as it is up-to-date.
Caching disabled for AarTransform: /home/runner/.gradle/caches/transforms-3/8b48d9a1197a83570f6bb7952b8a480a/transformed/jetified-savedstate-1.2.1 because:
  Build cache is disabled
Skipping AarTransform: /home/runner/.gradle/caches/transforms-3/8b48d9a1197a83570f6bb7952b8a480a/transformed/jetified-savedstate-1.2.1 as it is up-to-date.
Transforming tracing-1.0.0.aar (androidx.tracing:tracing:1.0.0) with ExtractAarTransform
Transforming tracing-1.0.0.aar (androidx.tracing:tracing:1.0.0) with AarTransform
Transforming core-runtime-2.2.0.aar (androidx.arch.core:core-runtime:2.2.0) with JetifyTransform
Transforming core-runtime-2.2.0.aar (androidx.arch.core:core-runtime:2.2.0) with ExtractAarTransform
Transforming core-runtime-2.2.0.aar (androidx.arch.core:core-runtime:2.2.0) with AarTransform
Transforming documentfile-1.0.0.aar (androidx.documentfile:documentfile:1.0.0) with JetifyTransform
Transforming documentfile-1.0.0.aar (androidx.documentfile:documentfile:1.0.0) with ExtractAarTransform
Transforming documentfile-1.0.0.aar (androidx.documentfile:documentfile:1.0.0) with AarTransform
Transforming localbroadcastmanager-1.0.0.aar (androidx.localbroadcastmanager:localbroadcastmanager:1.0.0) with JetifyTransform
Transforming localbroadcastmanager-1.0.0.aar (androidx.localbroadcastmanager:localbroadcastmanager:1.0.0) with ExtractAarTransform
Transforming localbroadcastmanager-1.0.0.aar (androidx.localbroadcastmanager:localbroadcastmanager:1.0.0) with AarTransform
Caching disabled for AarTransform: /home/runner/.gradle/caches/transforms-3/5c1b5b9a526a64418a8284af4df1eb4c/transformed/legacy-support-core-utils-1.0.0 because:
  Build cache is disabled
Skipping AarTransform: /home/runner/.gradle/caches/transforms-3/5c1b5b9a526a64418a8284af4df1eb4c/transformed/legacy-support-core-utils-1.0.0 as it is up-to-date.
Caching disabled for AarTransform: /home/runner/.gradle/caches/transforms-3/6a9264e91d0ccd23be7ae30d89a364d7/transformed/loader-1.0.0 because:
  Build cache is disabled
Skipping AarTransform: /home/runner/.gradle/caches/transforms-3/6a9264e91d0ccd23be7ae30d89a364d7/transformed/loader-1.0.0 as it is up-to-date.
Transforming print-1.0.0.aar (androidx.print:print:1.0.0) with JetifyTransform
Transforming print-1.0.0.aar (androidx.print:print:1.0.0) with ExtractAarTransform
Transforming print-1.0.0.aar (androidx.print:print:1.0.0) with AarTransform
Transforming annotation-experimental-1.4.0.aar (androidx.annotation:annotation-experimental:1.4.0) with JetifyTransform
Transforming annotation-experimental-1.4.0.aar (androidx.annotation:annotation-experimental:1.4.0) with ExtractAarTransform
Transforming annotation-experimental-1.4.0.aar (androidx.annotation:annotation-experimental:1.4.0) with AarTransform
Caching disabled for AarTransform: /home/runner/.gradle/caches/transforms-3/624afa1baae8c07bfc048ad484610af6/transformed/lifecycle-livedata-2.6.2 because:
  Build cache is disabled
Skipping AarTransform: /home/runner/.gradle/caches/transforms-3/624afa1baae8c07bfc048ad484610af6/transformed/lifecycle-livedata-2.6.2 as it is up-to-date.
Caching disabled for AarTransform: /home/runner/.gradle/caches/transforms-3/a506b1e067453748ce849a5d1a931b4f/transformed/lifecycle-viewmodel-2.6.2 because:
  Build cache is disabled
Skipping AarTransform: /home/runner/.gradle/caches/transforms-3/a506b1e067453748ce849a5d1a931b4f/transformed/lifecycle-viewmodel-2.6.2 as it is up-to-date.
Caching disabled for AarTransform: /home/runner/.gradle/caches/transforms-3/ee63f22118ed27eb76e1f3c7f951274b/transformed/jetified-lifecycle-process-2.6.2 because:
  Build cache is disabled
Skipping AarTransform: /home/runner/.gradle/caches/transforms-3/ee63f22118ed27eb76e1f3c7f951274b/transformed/jetified-lifecycle-process-2.6.2 as it is up-to-date.
Caching disabled for AarTransform: /home/runner/.gradle/caches/transforms-3/971e8374cd892e93232b043b81dff083/transformed/jetified-lifecycle-viewmodel-savedstate-2.6.2 because:
  Build cache is disabled
Skipping AarTransform: /home/runner/.gradle/caches/transforms-3/971e8374cd892e93232b043b81dff083/transformed/jetified-lifecycle-viewmodel-savedstate-2.6.2 as it is up-to-date.
Caching disabled for AarTransform: /home/runner/.gradle/caches/transforms-3/a197f00907f8191fab772747b4069be9/transformed/lifecycle-livedata-core-2.6.2 because:
  Build cache is disabled
Skipping AarTransform: /home/runner/.gradle/caches/transforms-3/a197f00907f8191fab772747b4069be9/transformed/lifecycle-livedata-core-2.6.2 as it is up-to-date.
Caching disabled for AarTransform: /home/runner/.gradle/caches/transforms-3/b6a473a89888b3521ce2a8d540f5ca52/transformed/lifecycle-runtime-2.6.2 because:
  Build cache is disabled
Skipping AarTransform: /home/runner/.gradle/caches/transforms-3/b6a473a89888b3521ce2a8d540f5ca52/transformed/lifecycle-runtime-2.6.2 as it is up-to-date.
Caching disabled for AarTransform: /home/runner/.gradle/caches/transforms-3/6067425117552f8d4b6344907978c123/transformed/jetified-core-ktx-1.13.1 because:
  Build cache is disabled
Skipping AarTransform: /home/runner/.gradle/caches/transforms-3/6067425117552f8d4b6344907978c123/transformed/jetified-core-ktx-1.13.1 as it is up-to-date.
Caching disabled for AarTransform: /home/runner/.gradle/caches/transforms-3/459c47dff4ea0349f10e153b2dd57879/transformed/customview-1.1.0 because:
  Build cache is disabled
Skipping AarTransform: /home/runner/.gradle/caches/transforms-3/459c47dff4ea0349f10e153b2dd57879/transformed/customview-1.1.0 as it is up-to-date.
Caching disabled for AarTransform: /home/runner/.gradle/caches/transforms-3/762497eb291fa256c893d1902ec3b4ac/transformed/viewpager-1.0.0 because:
  Build cache is disabled
Skipping AarTransform: /home/runner/.gradle/caches/transforms-3/762497eb291fa256c893d1902ec3b4ac/transformed/viewpager-1.0.0 as it is up-to-date.
Caching disabled for AarTransform: /home/runner/.gradle/caches/transforms-3/11f0a53180ace0fffdd006f40bfc2008/transformed/core-1.13.1 because:
  Build cache is disabled
Skipping AarTransform: /home/runner/.gradle/caches/transforms-3/11f0a53180ace0fffdd006f40bfc2008/transformed/core-1.13.1 as it is up-to-date.
Caching disabled for AarTransform: /home/runner/.gradle/caches/transforms-3/f3b45a409efc9cd62f29ba84d5ea95cc/transformed/cursoradapter-1.0.0 because:
  Build cache is disabled
Skipping AarTransform: /home/runner/.gradle/caches/transforms-3/f3b45a409efc9cd62f29ba84d5ea95cc/transformed/cursoradapter-1.0.0 as it is up-to-date.
Caching disabled for AarTransform: /home/runner/.gradle/caches/transforms-3/dcac8580948742d9679b4cc476009a8c/transformed/jetified-profileinstaller-1.3.1 because:
  Build cache is disabled
Skipping AarTransform: /home/runner/.gradle/caches/transforms-3/dcac8580948742d9679b4cc476009a8c/transformed/jetified-profileinstaller-1.3.1 as it is up-to-date.
Caching disabled for AarTransform: /home/runner/.gradle/caches/transforms-3/6b9bb6a8c71662ca631e197a9e065197/transformed/interpolator-1.0.0 because:
  Build cache is disabled
Skipping AarTransform: /home/runner/.gradle/caches/transforms-3/6b9bb6a8c71662ca631e197a9e065197/transformed/interpolator-1.0.0 as it is up-to-date.
Caching disabled for AarTransform: /home/runner/.gradle/caches/transforms-3/929f9fa80841e5d7d97393a6896db7a1/transformed/jetified-startup-runtime-1.1.1 because:
  Build cache is disabled
Skipping AarTransform: /home/runner/.gradle/caches/transforms-3/929f9fa80841e5d7d97393a6896db7a1/transformed/jetified-startup-runtime-1.1.1 as it is up-to-date.
Caching disabled for AarTransform: /home/runner/.gradle/caches/transforms-3/ce160dbbfa3de34d01d231cdb832e663/transformed/jetified-tracing-1.0.0 because:
  Build cache is disabled
Skipping AarTransform: /home/runner/.gradle/caches/transforms-3/ce160dbbfa3de34d01d231cdb832e663/transformed/jetified-tracing-1.0.0 as it is up-to-date.
Caching disabled for AarTransform: /home/runner/.gradle/caches/transforms-3/0c857eaa378e1c798341155dbc28d9bd/transformed/versionedparcelable-1.1.1 because:
  Build cache is disabled
Skipping AarTransform: /home/runner/.gradle/caches/transforms-3/0c857eaa378e1c798341155dbc28d9bd/transformed/versionedparcelable-1.1.1 as it is up-to-date.
Caching disabled for AarTransform: /home/runner/.gradle/caches/transforms-3/f93fd9f7f264506b697bc40ed42a22df/transformed/documentfile-1.0.0 because:
  Build cache is disabled
Skipping AarTransform: /home/runner/.gradle/caches/transforms-3/f93fd9f7f264506b697bc40ed42a22df/transformed/documentfile-1.0.0 as it is up-to-date.
Caching disabled for AarTransform: /home/runner/.gradle/caches/transforms-3/00e51715982b78af096ea2b29d7737a5/transformed/core-runtime-2.2.0 because:
  Build cache is disabled
Skipping AarTransform: /home/runner/.gradle/caches/transforms-3/00e51715982b78af096ea2b29d7737a5/transformed/core-runtime-2.2.0 as it is up-to-date.
Caching disabled for AarTransform: /home/runner/.gradle/caches/transforms-3/74f1f93840a9c8a79ad563434633a795/transformed/localbroadcastmanager-1.0.0 because:
  Build cache is disabled
Skipping AarTransform: /home/runner/.gradle/caches/transforms-3/74f1f93840a9c8a79ad563434633a795/transformed/localbroadcastmanager-1.0.0 as it is up-to-date.
Caching disabled for AarTransform: /home/runner/.gradle/caches/transforms-3/de9d9b9757fdff3a4223c6aa6c8ab886/transformed/print-1.0.0 because:
  Build cache is disabled
Skipping AarTransform: /home/runner/.gradle/caches/transforms-3/de9d9b9757fdff3a4223c6aa6c8ab886/transformed/print-1.0.0 as it is up-to-date.
Caching disabled for AarTransform: /home/runner/.gradle/caches/transforms-3/040541bbba9c66137e3b065555d548f5/transformed/jetified-annotation-experimental-1.4.0 because:
  Build cache is disabled
Skipping AarTransform: /home/runner/.gradle/caches/transforms-3/040541bbba9c66137e3b065555d548f5/transformed/jetified-annotation-experimental-1.4.0 as it is up-to-date.
Caching disabled for AarTransform: /home/runner/.gradle/caches/transforms-3/2c9e1932f079309d8c980731046895b1/transformed/jetified-appcompat-resources-1.7.0 because:
  Build cache is disabled
Skipping AarTransform: /home/runner/.gradle/caches/transforms-3/2c9e1932f079309d8c980731046895b1/transformed/jetified-appcompat-resources-1.7.0 as it is up-to-date.
Transforming viewbinding-8.2.2.aar (androidx.databinding:viewbinding:8.2.2) with JetifyTransform
Transforming viewbinding-8.2.2.aar (androidx.databinding:viewbinding:8.2.2) with ExtractAarTransform
Transforming viewbinding-8.2.2.aar (androidx.databinding:viewbinding:8.2.2) with AarTransform
Transforming material-1.12.0.aar (com.google.android.material:material:1.12.0) with JetifyTransform
Transforming material-1.12.0.aar (com.google.android.material:material:1.12.0) with ExtractAarTransform
Transforming material-1.12.0.aar (com.google.android.material:material:1.12.0) with AarTransform
Transforming constraintlayout-2.1.4.aar (androidx.constraintlayout:constraintlayout:2.1.4) with JetifyTransform
Transforming constraintlayout-2.1.4.aar (androidx.constraintlayout:constraintlayout:2.1.4) with ExtractAarTransform
Transforming constraintlayout-2.1.4.aar (androidx.constraintlayout:constraintlayout:2.1.4) with AarTransform
Transforming appcompat-resources-1.7.0.aar (androidx.appcompat:appcompat-resources:1.7.0) with JetifyTransform
Transforming appcompat-resources-1.7.0.aar (androidx.appcompat:appcompat-resources:1.7.0) with ExtractAarTransform
Transforming appcompat-resources-1.7.0.aar (androidx.appcompat:appcompat-resources:1.7.0) with AarTransform
Transforming appcompat-1.7.0.aar (androidx.appcompat:appcompat:1.7.0) with JetifyTransform
Transforming appcompat-1.7.0.aar (androidx.appcompat:appcompat:1.7.0) with ExtractAarTransform
Transforming appcompat-1.7.0.aar (androidx.appcompat:appcompat:1.7.0) with AarTransform
Transforming viewpager2-1.1.0-beta02.aar (androidx.viewpager2:viewpager2:1.1.0-beta02) with JetifyTransform
Transforming viewpager2-1.1.0-beta02.aar (androidx.viewpager2:viewpager2:1.1.0-beta02) with ExtractAarTransform
Transforming viewpager2-1.1.0-beta02.aar (androidx.viewpager2:viewpager2:1.1.0-beta02) with AarTransform
Transforming recyclerview-1.3.2.aar (androidx.recyclerview:recyclerview:1.3.2) with JetifyTransform
Transforming recyclerview-1.3.2.aar (androidx.recyclerview:recyclerview:1.3.2) with ExtractAarTransform
Transforming recyclerview-1.3.2.aar (androidx.recyclerview:recyclerview:1.3.2) with AarTransform
Transforming cardview-1.0.0.aar (androidx.cardview:cardview:1.0.0) with JetifyTransform
Transforming cardview-1.0.0.aar (androidx.cardview:cardview:1.0.0) with ExtractAarTransform
Transforming cardview-1.0.0.aar (androidx.cardview:cardview:1.0.0) with AarTransform
Transforming emoji2-views-helper-1.3.0.aar (androidx.emoji2:emoji2-views-helper:1.3.0) with JetifyTransform
Transforming emoji2-views-helper-1.3.0.aar (androidx.emoji2:emoji2-views-helper:1.3.0) with ExtractAarTransform
Transforming emoji2-views-helper-1.3.0.aar (androidx.emoji2:emoji2-views-helper:1.3.0) with AarTransform
Transforming emoji2-1.3.0.aar (androidx.emoji2:emoji2:1.3.0) with JetifyTransform
Transforming emoji2-1.3.0.aar (androidx.emoji2:emoji2:1.3.0) with ExtractAarTransform
Transforming emoji2-1.3.0.aar (androidx.emoji2:emoji2:1.3.0) with AarTransform
Transforming fragment-1.5.4.aar (androidx.fragment:fragment:1.5.4) with JetifyTransform
Transforming fragment-1.5.4.aar (androidx.fragment:fragment:1.5.4) with ExtractAarTransform
Caching disabled for AarTransform: /home/runner/.gradle/caches/transforms-3/1879d540724927de8171de7ca34e5ef8/transformed/jetified-viewbinding-8.2.2 because:
  Build cache is disabled
Transforming fragment-1.5.4.aar (androidx.fragment:fragment:1.5.4) with AarTransform
Transforming activity-1.8.0.aar (androidx.activity:activity:1.8.0) with JetifyTransform
Transforming activity-1.8.0.aar (androidx.activity:activity:1.8.0) with ExtractAarTransform
Skipping AarTransform: /home/runner/.gradle/caches/transforms-3/1879d540724927de8171de7ca34e5ef8/transformed/jetified-viewbinding-8.2.2 as it is up-to-date.
Transforming activity-1.8.0.aar (androidx.activity:activity:1.8.0) with AarTransform
Transforming drawerlayout-1.1.1.aar (androidx.drawerlayout:drawerlayout:1.1.1) with JetifyTransform
Transforming drawerlayout-1.1.1.aar (androidx.drawerlayout:drawerlayout:1.1.1) with ExtractAarTransform
Transforming drawerlayout-1.1.1.aar (androidx.drawerlayout:drawerlayout:1.1.1) with AarTransform
Transforming coordinatorlayout-1.1.0.aar (androidx.coordinatorlayout:coordinatorlayout:1.1.0) with JetifyTransform
Transforming coordinatorlayout-1.1.0.aar (androidx.coordinatorlayout:coordinatorlayout:1.1.0) with ExtractAarTransform
Transforming coordinatorlayout-1.1.0.aar (androidx.coordinatorlayout:coordinatorlayout:1.1.0) with AarTransform
Transforming transition-1.5.0.aar (androidx.transition:transition:1.5.0) with JetifyTransform
Transforming transition-1.5.0.aar (androidx.transition:transition:1.5.0) with ExtractAarTransform
Caching disabled for AarTransform: /home/runner/.gradle/caches/transforms-3/3e57dcd8b556ed36db83311191f6b3fb/transformed/material-1.12.0 because:
  Build cache is disabled
Skipping AarTransform: /home/runner/.gradle/caches/transforms-3/3e57dcd8b556ed36db83311191f6b3fb/transformed/material-1.12.0 as it is up-to-date.
Caching disabled for AarTransform: /home/runner/.gradle/caches/transforms-3/2c9e1932f079309d8c980731046895b1/transformed/jetified-appcompat-resources-1.7.0 because:
  Build cache is disabled
Skipping AarTransform: /home/runner/.gradle/caches/transforms-3/2c9e1932f079309d8c980731046895b1/transformed/jetified-appcompat-resources-1.7.0 as it is up-to-date.
Transforming transition-1.5.0.aar (androidx.transition:transition:1.5.0) with AarTransform
Transforming dynamicanimation-1.0.0.aar (androidx.dynamicanimation:dynamicanimation:1.0.0) with JetifyTransform
Transforming dynamicanimation-1.0.0.aar (androidx.dynamicanimation:dynamicanimation:1.0.0) with ExtractAarTransform
Transforming dynamicanimation-1.0.0.aar (androidx.dynamicanimation:dynamicanimation:1.0.0) with AarTransform
Transforming vectordrawable-animated-1.1.0.aar (androidx.vectordrawable:vectordrawable-animated:1.1.0) with JetifyTransform
Transforming vectordrawable-animated-1.1.0.aar (androidx.vectordrawable:vectordrawable-animated:1.1.0) with ExtractAarTransform
Transforming vectordrawable-animated-1.1.0.aar (androidx.vectordrawable:vectordrawable-animated:1.1.0) with AarTransform
Transforming vectordrawable-1.1.0.aar (androidx.vectordrawable:vectordrawable:1.1.0) with JetifyTransform
Transforming vectordrawable-1.1.0.aar (androidx.vectordrawable:vectordrawable:1.1.0) with ExtractAarTransform
Transforming vectordrawable-1.1.0.aar (androidx.vectordrawable:vectordrawable:1.1.0) with AarTransform
Transforming vectordrawable-1.1.0.aar (androidx.vectordrawable:vectordrawable:1.1.0) with JetifyTransform
Transforming vectordrawable-1.1.0.aar (androidx.vectordrawable:vectordrawable:1.1.0) with ExtractAarTransform
Transforming vectordrawable-1.1.0.aar (androidx.vectordrawable:vectordrawable:1.1.0) with AarTransform
Transforming customview-poolingcontainer-1.0.0.aar (androidx.customview:customview-poolingcontainer:1.0.0) with JetifyTransform
Transforming customview-poolingcontainer-1.0.0.aar (androidx.customview:customview-poolingcontainer:1.0.0) with ExtractAarTransform
Transforming customview-poolingcontainer-1.0.0.aar (androidx.customview:customview-poolingcontainer:1.0.0) with AarTransform
Transforming savedstate-1.2.1.aar (androidx.savedstate:savedstate:1.2.1) with JetifyTransform
Caching disabled for AarTransform: /home/runner/.gradle/caches/transforms-3/74c0aa74c6cd0d99699e92401439d9bc/transformed/appcompat-1.7.0 because:
  Build cache is disabled
Transforming savedstate-1.2.1.aar (androidx.savedstate:savedstate:1.2.1) with ExtractAarTransform
Skipping AarTransform: /home/runner/.gradle/caches/transforms-3/74c0aa74c6cd0d99699e92401439d9bc/transformed/appcompat-1.7.0 as it is up-to-date.
Transforming savedstate-1.2.1.aar (androidx.savedstate:savedstate:1.2.1) with AarTransform
Transforming legacy-support-core-utils-1.0.0.aar (androidx.legacy:legacy-support-core-utils:1.0.0) with JetifyTransform
Transforming legacy-support-core-utils-1.0.0.aar (androidx.legacy:legacy-support-core-utils:1.0.0) with ExtractAarTransform
Transforming legacy-support-core-utils-1.0.0.aar (androidx.legacy:legacy-support-core-utils:1.0.0) with AarTransform
Transforming loader-1.0.0.aar (androidx.loader:loader:1.0.0) with JetifyTransform
Transforming loader-1.0.0.aar (androidx.loader:loader:1.0.0) with ExtractAarTransform
Transforming loader-1.0.0.aar (androidx.loader:loader:1.0.0) with AarTransform
Transforming loader-1.0.0.aar (androidx.loader:loader:1.0.0) with JetifyTransform
Transforming loader-1.0.0.aar (androidx.loader:loader:1.0.0) with ExtractAarTransform
Transforming loader-1.0.0.aar (androidx.loader:loader:1.0.0) with AarTransform
Transforming lifecycle-livedata-2.6.2.aar (androidx.lifecycle:lifecycle-livedata:2.6.2) with JetifyTransform
Transforming lifecycle-livedata-2.6.2.aar (androidx.lifecycle:lifecycle-livedata:2.6.2) with ExtractAarTransform
Caching disabled for AarTransform: /home/runner/.gradle/caches/transforms-3/4fe0dd632fb97ea5194ceec69f750c7c/transformed/recyclerview-1.3.2 because:
  Build cache is disabled
Transforming lifecycle-livedata-2.6.2.aar (androidx.lifecycle:lifecycle-livedata:2.6.2) with AarTransform
Skipping AarTransform: /home/runner/.gradle/caches/transforms-3/4fe0dd632fb97ea5194ceec69f750c7c/transformed/recyclerview-1.3.2 as it is up-to-date.
Transforming lifecycle-viewmodel-2.6.2.aar (androidx.lifecycle:lifecycle-viewmodel:2.6.2) with JetifyTransform
Transforming lifecycle-viewmodel-2.6.2.aar (androidx.lifecycle:lifecycle-viewmodel:2.6.2) with ExtractAarTransform
Transforming lifecycle-viewmodel-2.6.2.aar (androidx.lifecycle:lifecycle-viewmodel:2.6.2) with AarTransform
Transforming lifecycle-viewmodel-2.6.2.aar (androidx.lifecycle:lifecycle-viewmodel:2.6.2) with JetifyTransform
Transforming lifecycle-viewmodel-2.6.2.aar (androidx.lifecycle:lifecycle-viewmodel:2.6.2) with ExtractAarTransform
Transforming lifecycle-viewmodel-2.6.2.aar (androidx.lifecycle:lifecycle-viewmodel:2.6.2) with AarTransform
Transforming lifecycle-process-2.6.2.aar (androidx.lifecycle:lifecycle-process:2.6.2) with JetifyTransform
Caching disabled for AarTransform: /home/runner/.gradle/caches/transforms-3/713fa34b7934cd106f7af24b7c871473/transformed/jetified-viewpager2-1.1.0-beta02 because:
  Build cache is disabled
Skipping AarTransform: /home/runner/.gradle/caches/transforms-3/713fa34b7934cd106f7af24b7c871473/transformed/jetified-viewpager2-1.1.0-beta02 as it is up-to-date.
Caching disabled for AarTransform: /home/runner/.gradle/caches/transforms-3/82a5c5a65c7b536c87d9f811caae18d2/transformed/cardview-1.0.0 because:
  Build cache is disabled
Skipping AarTransform: /home/runner/.gradle/caches/transforms-3/82a5c5a65c7b536c87d9f811caae18d2/transformed/cardview-1.0.0 as it is up-to-date.
Caching disabled for AarTransform: /home/runner/.gradle/caches/transforms-3/1fd4c804b162fdb57cf438768b0cdaff/transformed/jetified-emoji2-views-helper-1.3.0 because:
  Build cache is disabled
Skipping AarTransform: /home/runner/.gradle/caches/transforms-3/1fd4c804b162fdb57cf438768b0cdaff/transformed/jetified-emoji2-views-helper-1.3.0 as it is up-to-date.
Transforming lifecycle-process-2.6.2.aar (androidx.lifecycle:lifecycle-process:2.6.2) with ExtractAarTransform
Transforming lifecycle-process-2.6.2.aar (androidx.lifecycle:lifecycle-process:2.6.2) with AarTransform
Transforming lifecycle-livedata-core-2.6.2.aar (androidx.lifecycle:lifecycle-livedata-core:2.6.2) with JetifyTransform
Transforming lifecycle-livedata-core-2.6.2.aar (androidx.lifecycle:lifecycle-livedata-core:2.6.2) with ExtractAarTransform
Transforming lifecycle-livedata-core-2.6.2.aar (androidx.lifecycle:lifecycle-livedata-core:2.6.2) with AarTransform
Transforming lifecycle-runtime-2.6.2.aar (androidx.lifecycle:lifecycle-runtime:2.6.2) with JetifyTransform
Transforming lifecycle-runtime-2.6.2.aar (androidx.lifecycle:lifecycle-runtime:2.6.2) with ExtractAarTransform
Transforming lifecycle-runtime-2.6.2.aar (androidx.lifecycle:lifecycle-runtime:2.6.2) with AarTransform
Transforming lifecycle-viewmodel-savedstate-2.6.2.aar (androidx.lifecycle:lifecycle-viewmodel-savedstate:2.6.2) with JetifyTransform
Transforming lifecycle-viewmodel-savedstate-2.6.2.aar (androidx.lifecycle:lifecycle-viewmodel-savedstate:2.6.2) with ExtractAarTransform
Transforming lifecycle-viewmodel-savedstate-2.6.2.aar (androidx.lifecycle:lifecycle-viewmodel-savedstate:2.6.2) with AarTransform
Transforming core-ktx-1.13.1.aar (androidx.core:core-ktx:1.13.1) with JetifyTransform
Transforming core-ktx-1.13.1.aar (androidx.core:core-ktx:1.13.1) with ExtractAarTransform
Transforming core-ktx-1.13.1.aar (androidx.core:core-ktx:1.13.1) with AarTransform
Transforming viewpager-1.0.0.aar (androidx.viewpager:viewpager:1.0.0) with JetifyTransform
Transforming viewpager-1.0.0.aar (androidx.viewpager:viewpager:1.0.0) with ExtractAarTransform
Transforming viewpager-1.0.0.aar (androidx.viewpager:viewpager:1.0.0) with AarTransform
Transforming customview-1.1.0.aar (androidx.customview:customview:1.1.0) with JetifyTransform
Transforming customview-1.1.0.aar (androidx.customview:customview:1.1.0) with ExtractAarTransform
Transforming customview-1.1.0.aar (androidx.customview:customview:1.1.0) with AarTransform
Transforming customview-1.1.0.aar (androidx.customview:customview:1.1.0) with JetifyTransform
Transforming customview-1.1.0.aar (androidx.customview:customview:1.1.0) with ExtractAarTransform
Transforming customview-1.1.0.aar (androidx.customview:customview:1.1.0) with AarTransform
Transforming customview-1.1.0.aar (androidx.customview:customview:1.1.0) with JetifyTransform
Transforming customview-1.1.0.aar (androidx.customview:customview:1.1.0) with ExtractAarTransform
Transforming customview-1.1.0.aar (androidx.customview:customview:1.1.0) with AarTransform
Transforming customview-1.1.0.aar (androidx.customview:customview:1.1.0) with JetifyTransform
Transforming customview-1.1.0.aar (androidx.customview:customview:1.1.0) with ExtractAarTransform
Transforming customview-1.1.0.aar (androidx.customview:customview:1.1.0) with AarTransform
Transforming core-1.13.1.aar (androidx.core:core:1.13.1) with JetifyTransform
Transforming core-1.13.1.aar (androidx.core:core:1.13.1) with ExtractAarTransform
Transforming core-1.13.1.aar (androidx.core:core:1.13.1) with AarTransform
Transforming core-1.13.1.aar (androidx.core:core:1.13.1) with JetifyTransform
Transforming core-1.13.1.aar (androidx.core:core:1.13.1) with ExtractAarTransform
Transforming core-1.13.1.aar (androidx.core:core:1.13.1) with AarTransform
Transforming core-1.13.1.aar (androidx.core:core:1.13.1) with JetifyTransform
Transforming core-1.13.1.aar (androidx.core:core:1.13.1) with ExtractAarTransform
Transforming core-1.13.1.aar (androidx.core:core:1.13.1) with AarTransform
Transforming core-1.13.1.aar (androidx.core:core:1.13.1) with JetifyTransform
Transforming core-1.13.1.aar (androidx.core:core:1.13.1) with ExtractAarTransform
Caching disabled for AarTransform: /home/runner/.gradle/caches/transforms-3/1233487f8a8b2c105e4478097ec9c397/transformed/jetified-emoji2-1.3.0 because:
  Build cache is disabled
Transforming core-1.13.1.aar (androidx.core:core:1.13.1) with AarTransform
Skipping AarTransform: /home/runner/.gradle/caches/transforms-3/1233487f8a8b2c105e4478097ec9c397/transformed/jetified-emoji2-1.3.0 as it is up-to-date.
Caching disabled for AarTransform: /home/runner/.gradle/caches/transforms-3/4071c0e51b732894357072270238bfc4/transformed/fragment-1.5.4 because:
  Build cache is disabled
Skipping AarTransform: /home/runner/.gradle/caches/transforms-3/4071c0e51b732894357072270238bfc4/transformed/fragment-1.5.4 as it is up-to-date.
Caching disabled for AarTransform: /home/runner/.gradle/caches/transforms-3/44cca806ce7b0a80822ea1332ac9a47d/transformed/jetified-activity-1.8.0 because:
  Build cache is disabled
Skipping AarTransform: /home/runner/.gradle/caches/transforms-3/44cca806ce7b0a80822ea1332ac9a47d/transformed/jetified-activity-1.8.0 as it is up-to-date.
Caching disabled for AarTransform: /home/runner/.gradle/caches/transforms-3/ed3d2cbbd0b7adc69330f4f5d5203a98/transformed/drawerlayout-1.1.1 because:
  Build cache is disabled
Skipping AarTransform: /home/runner/.gradle/caches/transforms-3/ed3d2cbbd0b7adc69330f4f5d5203a98/transformed/drawerlayout-1.1.1 as it is up-to-date.
Transforming core-1.13.1.aar (androidx.core:core:1.13.1) with JetifyTransform
Transforming core-1.13.1.aar (androidx.core:core:1.13.1) with ExtractAarTransform
Transforming core-1.13.1.aar (androidx.core:core:1.13.1) with AarTransform
Transforming core-1.13.1.aar (androidx.core:core:1.13.1) with JetifyTransform
Transforming core-1.13.1.aar (androidx.core:core:1.13.1) with ExtractAarTransform
Transforming core-1.13.1.aar (androidx.core:core:1.13.1) with AarTransform
Transforming core-1.13.1.aar (androidx.core:core:1.13.1) with JetifyTransform
Transforming core-1.13.1.aar (androidx.core:core:1.13.1) with ExtractAarTransform
Caching disabled for AarTransform: /home/runner/.gradle/caches/transforms-3/4dd287c9e959375dcd5b85d1a2ea3286/transformed/coordinatorlayout-1.1.0 because:
  Build cache is disabled
Transforming core-1.13.1.aar (androidx.core:core:1.13.1) with AarTransform
Transforming core-1.13.1.aar (androidx.core:core:1.13.1) with JetifyTransform
Transforming core-1.13.1.aar (androidx.core:core:1.13.1) with ExtractAarTransform
Transforming core-1.13.1.aar (androidx.core:core:1.13.1) with AarTransform
Caching disabled for AarTransform: /home/runner/.gradle/caches/transforms-3/3d0855e7a81c50c07154eb213257a7d0/transformed/transition-1.5.0 because:
  Build cache is disabled
Skipping AarTransform: /home/runner/.gradle/caches/transforms-3/3d0855e7a81c50c07154eb213257a7d0/transformed/transition-1.5.0 as it is up-to-date.
Skipping AarTransform: /home/runner/.gradle/caches/transforms-3/4dd287c9e959375dcd5b85d1a2ea3286/transformed/coordinatorlayout-1.1.0 as it is up-to-date.
Transforming core-1.13.1.aar (androidx.core:core:1.13.1) with JetifyTransform
Transforming core-1.13.1.aar (androidx.core:core:1.13.1) with ExtractAarTransform
Transforming core-1.13.1.aar (androidx.core:core:1.13.1) with AarTransform
Transforming cursoradapter-1.0.0.aar (androidx.cursoradapter:cursoradapter:1.0.0) with JetifyTransform
Transforming cursoradapter-1.0.0.aar (androidx.cursoradapter:cursoradapter:1.0.0) with ExtractAarTransform
Transforming cursoradapter-1.0.0.aar (androidx.cursoradapter:cursoradapter:1.0.0) with AarTransform
Transforming profileinstaller-1.3.1.aar (androidx.profileinstaller:profileinstaller:1.3.1) with JetifyTransform
Transforming profileinstaller-1.3.1.aar (androidx.profileinstaller:profileinstaller:1.3.1) with ExtractAarTransform
Transforming profileinstaller-1.3.1.aar (androidx.profileinstaller:profileinstaller:1.3.1) with AarTransform
Caching disabled for AarTransform: /home/runner/.gradle/caches/transforms-3/1ecbce35e8912ca07f18fb6a2d44712b/transformed/dynamicanimation-1.0.0 because:
  Build cache is disabled
Skipping AarTransform: /home/runner/.gradle/caches/transforms-3/1ecbce35e8912ca07f18fb6a2d44712b/transformed/dynamicanimation-1.0.0 as it is up-to-date.
Caching disabled for AarTransform: /home/runner/.gradle/caches/transforms-3/c18aa4e6712d645d90f2edd74129037f/transformed/vectordrawable-animated-1.1.0 because:
  Build cache is disabled
Skipping AarTransform: /home/runner/.gradle/caches/transforms-3/c18aa4e6712d645d90f2edd74129037f/transformed/vectordrawable-animated-1.1.0 as it is up-to-date.
Transforming interpolator-1.0.0.aar (androidx.interpolator:interpolator:1.0.0) with JetifyTransform
Transforming interpolator-1.0.0.aar (androidx.interpolator:interpolator:1.0.0) with ExtractAarTransform
Transforming interpolator-1.0.0.aar (androidx.interpolator:interpolator:1.0.0) with AarTransform
Transforming interpolator-1.0.0.aar (androidx.interpolator:interpolator:1.0.0) with JetifyTransform
Transforming interpolator-1.0.0.aar (androidx.interpolator:interpolator:1.0.0) with ExtractAarTransform
Transforming interpolator-1.0.0.aar (androidx.interpolator:interpolator:1.0.0) with AarTransform
Transforming versionedparcelable-1.1.1.aar (androidx.versionedparcelable:versionedparcelable:1.1.1) with JetifyTransform
Transforming versionedparcelable-1.1.1.aar (androidx.versionedparcelable:versionedparcelable:1.1.1) with ExtractAarTransform
Transforming versionedparcelable-1.1.1.aar (androidx.versionedparcelable:versionedparcelable:1.1.1) with AarTransform
Transforming startup-runtime-1.1.1.aar (androidx.startup:startup-runtime:1.1.1) with JetifyTransform
Transforming startup-runtime-1.1.1.aar (androidx.startup:startup-runtime:1.1.1) with ExtractAarTransform
Transforming startup-runtime-1.1.1.aar (androidx.startup:startup-runtime:1.1.1) with AarTransform
Transforming tracing-1.0.0.aar (androidx.tracing:tracing:1.0.0) with JetifyTransform
Transforming tracing-1.0.0.aar (androidx.tracing:tracing:1.0.0) with ExtractAarTransform
Transforming tracing-1.0.0.aar (androidx.tracing:tracing:1.0.0) with AarTransform
Transforming core-runtime-2.2.0.aar (androidx.arch.core:core-runtime:2.2.0) with JetifyTransform
Transforming core-runtime-2.2.0.aar (androidx.arch.core:core-runtime:2.2.0) with ExtractAarTransform
Transforming core-runtime-2.2.0.aar (androidx.arch.core:core-runtime:2.2.0) with AarTransform
Transforming documentfile-1.0.0.aar (androidx.documentfile:documentfile:1.0.0) with JetifyTransform
Transforming documentfile-1.0.0.aar (androidx.documentfile:documentfile:1.0.0) with ExtractAarTransform
Transforming documentfile-1.0.0.aar (androidx.documentfile:documentfile:1.0.0) with AarTransform
Transforming localbroadcastmanager-1.0.0.aar (androidx.localbroadcastmanager:localbroadcastmanager:1.0.0) with JetifyTransform
Transforming localbroadcastmanager-1.0.0.aar (androidx.localbroadcastmanager:localbroadcastmanager:1.0.0) with ExtractAarTransform
Transforming localbroadcastmanager-1.0.0.aar (androidx.localbroadcastmanager:localbroadcastmanager:1.0.0) with AarTransform
Transforming print-1.0.0.aar (androidx.print:print:1.0.0) with JetifyTransform
Caching disabled for AarTransform: /home/runner/.gradle/caches/transforms-3/702d14a0481cc6e84239a971f0bdc7de/transformed/vectordrawable-1.1.0 because:
  Build cache is disabled
Skipping AarTransform: /home/runner/.gradle/caches/transforms-3/702d14a0481cc6e84239a971f0bdc7de/transformed/vectordrawable-1.1.0 as it is up-to-date.
Caching disabled for AarTransform: /home/runner/.gradle/caches/transforms-3/8b48d9a1197a83570f6bb7952b8a480a/transformed/jetified-savedstate-1.2.1 because:
  Build cache is disabled
Skipping AarTransform: /home/runner/.gradle/caches/transforms-3/8b48d9a1197a83570f6bb7952b8a480a/transformed/jetified-savedstate-1.2.1 as it is up-to-date.
Caching disabled for AarTransform: /home/runner/.gradle/caches/transforms-3/f70414e7656dffaa563fcba9e5ff730b/transformed/jetified-customview-poolingcontainer-1.0.0 because:
  Build cache is disabled
Skipping AarTransform: /home/runner/.gradle/caches/transforms-3/f70414e7656dffaa563fcba9e5ff730b/transformed/jetified-customview-poolingcontainer-1.0.0 as it is up-to-date.
Caching disabled for AarTransform: /home/runner/.gradle/caches/transforms-3/5c1b5b9a526a64418a8284af4df1eb4c/transformed/legacy-support-core-utils-1.0.0 because:
  Build cache is disabled
Skipping AarTransform: /home/runner/.gradle/caches/transforms-3/5c1b5b9a526a64418a8284af4df1eb4c/transformed/legacy-support-core-utils-1.0.0 as it is up-to-date.
Transforming print-1.0.0.aar (androidx.print:print:1.0.0) with ExtractAarTransform
Transforming print-1.0.0.aar (androidx.print:print:1.0.0) with AarTransform
Transforming annotation-experimental-1.4.0.aar (androidx.annotation:annotation-experimental:1.4.0) with JetifyTransform
Transforming annotation-experimental-1.4.0.aar (androidx.annotation:annotation-experimental:1.4.0) with ExtractAarTransform
Transforming annotation-experimental-1.4.0.aar (androidx.annotation:annotation-experimental:1.4.0) with AarTransform
Caching disabled for AarTransform: /home/runner/.gradle/caches/transforms-3/6a9264e91d0ccd23be7ae30d89a364d7/transformed/loader-1.0.0 because:
  Build cache is disabled
Skipping AarTransform: /home/runner/.gradle/caches/transforms-3/6a9264e91d0ccd23be7ae30d89a364d7/transformed/loader-1.0.0 as it is up-to-date.
Caching disabled for AarTransform: /home/runner/.gradle/caches/transforms-3/624afa1baae8c07bfc048ad484610af6/transformed/lifecycle-livedata-2.6.2 because:
  Build cache is disabled
Skipping AarTransform: /home/runner/.gradle/caches/transforms-3/624afa1baae8c07bfc048ad484610af6/transformed/lifecycle-livedata-2.6.2 as it is up-to-date.
Caching disabled for AarTransform: /home/runner/.gradle/caches/transforms-3/a506b1e067453748ce849a5d1a931b4f/transformed/lifecycle-viewmodel-2.6.2 because:
  Build cache is disabled
Skipping AarTransform: /home/runner/.gradle/caches/transforms-3/a506b1e067453748ce849a5d1a931b4f/transformed/lifecycle-viewmodel-2.6.2 as it is up-to-date.
Caching disabled for AarTransform: /home/runner/.gradle/caches/transforms-3/ee63f22118ed27eb76e1f3c7f951274b/transformed/jetified-lifecycle-process-2.6.2 because:
  Build cache is disabled
Skipping AarTransform: /home/runner/.gradle/caches/transforms-3/ee63f22118ed27eb76e1f3c7f951274b/transformed/jetified-lifecycle-process-2.6.2 as it is up-to-date.
Caching disabled for AarTransform: /home/runner/.gradle/caches/transforms-3/a197f00907f8191fab772747b4069be9/transformed/lifecycle-livedata-core-2.6.2 because:
  Build cache is disabled
Skipping AarTransform: /home/runner/.gradle/caches/transforms-3/a197f00907f8191fab772747b4069be9/transformed/lifecycle-livedata-core-2.6.2 as it is up-to-date.
Caching disabled for AarTransform: /home/runner/.gradle/caches/transforms-3/6067425117552f8d4b6344907978c123/transformed/jetified-core-ktx-1.13.1 because:
  Build cache is disabled
Skipping AarTransform: /home/runner/.gradle/caches/transforms-3/6067425117552f8d4b6344907978c123/transformed/jetified-core-ktx-1.13.1 as it is up-to-date.
Caching disabled for AarTransform: /home/runner/.gradle/caches/transforms-3/b6a473a89888b3521ce2a8d540f5ca52/transformed/lifecycle-runtime-2.6.2 because:
  Build cache is disabled
Skipping AarTransform: /home/runner/.gradle/caches/transforms-3/b6a473a89888b3521ce2a8d540f5ca52/transformed/lifecycle-runtime-2.6.2 as it is up-to-date.
Caching disabled for AarTransform: /home/runner/.gradle/caches/transforms-3/971e8374cd892e93232b043b81dff083/transformed/jetified-lifecycle-viewmodel-savedstate-2.6.2 because:
  Build cache is disabled
Skipping AarTransform: /home/runner/.gradle/caches/transforms-3/971e8374cd892e93232b043b81dff083/transformed/jetified-lifecycle-viewmodel-savedstate-2.6.2 as it is up-to-date.
Caching disabled for AarTransform: /home/runner/.gradle/caches/transforms-3/762497eb291fa256c893d1902ec3b4ac/transformed/viewpager-1.0.0 because:
  Build cache is disabled
Skipping AarTransform: /home/runner/.gradle/caches/transforms-3/762497eb291fa256c893d1902ec3b4ac/transformed/viewpager-1.0.0 as it is up-to-date.
Caching disabled for AarTransform: /home/runner/.gradle/caches/transforms-3/459c47dff4ea0349f10e153b2dd57879/transformed/customview-1.1.0 because:
  Build cache is disabled
Skipping AarTransform: /home/runner/.gradle/caches/transforms-3/459c47dff4ea0349f10e153b2dd57879/transformed/customview-1.1.0 as it is up-to-date.
Caching disabled for AarTransform: /home/runner/.gradle/caches/transforms-3/11f0a53180ace0fffdd006f40bfc2008/transformed/core-1.13.1 because:
  Build cache is disabled
Skipping AarTransform: /home/runner/.gradle/caches/transforms-3/11f0a53180ace0fffdd006f40bfc2008/transformed/core-1.13.1 as it is up-to-date.
Caching disabled for AarTransform: /home/runner/.gradle/caches/transforms-3/f3b45a409efc9cd62f29ba84d5ea95cc/transformed/cursoradapter-1.0.0 because:
  Build cache is disabled
Skipping AarTransform: /home/runner/.gradle/caches/transforms-3/f3b45a409efc9cd62f29ba84d5ea95cc/transformed/cursoradapter-1.0.0 as it is up-to-date.
Caching disabled for AarTransform: /home/runner/.gradle/caches/transforms-3/dcac8580948742d9679b4cc476009a8c/transformed/jetified-profileinstaller-1.3.1 because:
  Build cache is disabled
Skipping AarTransform: /home/runner/.gradle/caches/transforms-3/dcac8580948742d9679b4cc476009a8c/transformed/jetified-profileinstaller-1.3.1 as it is up-to-date.
Caching disabled for AarTransform: /home/runner/.gradle/caches/transforms-3/6b9bb6a8c71662ca631e197a9e065197/transformed/interpolator-1.0.0 because:
  Build cache is disabled
Skipping AarTransform: /home/runner/.gradle/caches/transforms-3/6b9bb6a8c71662ca631e197a9e065197/transformed/interpolator-1.0.0 as it is up-to-date.
Caching disabled for AarTransform: /home/runner/.gradle/caches/transforms-3/0c857eaa378e1c798341155dbc28d9bd/transformed/versionedparcelable-1.1.1 because:
  Build cache is disabled
Skipping AarTransform: /home/runner/.gradle/caches/transforms-3/0c857eaa378e1c798341155dbc28d9bd/transformed/versionedparcelable-1.1.1 as it is up-to-date.
Caching disabled for AarTransform: /home/runner/.gradle/caches/transforms-3/ce160dbbfa3de34d01d231cdb832e663/transformed/jetified-tracing-1.0.0 because:
  Build cache is disabled
Skipping AarTransform: /home/runner/.gradle/caches/transforms-3/ce160dbbfa3de34d01d231cdb832e663/transformed/jetified-tracing-1.0.0 as it is up-to-date.
Caching disabled for AarTransform: /home/runner/.gradle/caches/transforms-3/00e51715982b78af096ea2b29d7737a5/transformed/core-runtime-2.2.0 because:
  Build cache is disabled
Skipping AarTransform: /home/runner/.gradle/caches/transforms-3/00e51715982b78af096ea2b29d7737a5/transformed/core-runtime-2.2.0 as it is up-to-date.
Caching disabled for AarTransform: /home/runner/.gradle/caches/transforms-3/f93fd9f7f264506b697bc40ed42a22df/transformed/documentfile-1.0.0 because:
  Build cache is disabled
Caching disabled for AarTransform: /home/runner/.gradle/caches/transforms-3/929f9fa80841e5d7d97393a6896db7a1/transformed/jetified-startup-runtime-1.1.1 because:
  Build cache is disabled
Skipping AarTransform: /home/runner/.gradle/caches/transforms-3/929f9fa80841e5d7d97393a6896db7a1/transformed/jetified-startup-runtime-1.1.1 as it is up-to-date.
Skipping AarTransform: /home/runner/.gradle/caches/transforms-3/f93fd9f7f264506b697bc40ed42a22df/transformed/documentfile-1.0.0 as it is up-to-date.
Caching disabled for AarTransform: /home/runner/.gradle/caches/transforms-3/74f1f93840a9c8a79ad563434633a795/transformed/localbroadcastmanager-1.0.0 because:
  Build cache is disabled
Skipping AarTransform: /home/runner/.gradle/caches/transforms-3/74f1f93840a9c8a79ad563434633a795/transformed/localbroadcastmanager-1.0.0 as it is up-to-date.
Caching disabled for AarTransform: /home/runner/.gradle/caches/transforms-3/040541bbba9c66137e3b065555d548f5/transformed/jetified-annotation-experimental-1.4.0 because:
  Build cache is disabled
Caching disabled for AarTransform: /home/runner/.gradle/caches/transforms-3/de9d9b9757fdff3a4223c6aa6c8ab886/transformed/print-1.0.0 because:
  Build cache is disabled
Skipping AarTransform: /home/runner/.gradle/caches/transforms-3/de9d9b9757fdff3a4223c6aa6c8ab886/transformed/print-1.0.0 as it is up-to-date.
Caching disabled for AarTransform: /home/runner/.gradle/caches/transforms-3/4986230a3613e9c8878387b9e002f926/transformed/constraintlayout-2.1.4 because:
  Build cache is disabled
Skipping AarTransform: /home/runner/.gradle/caches/transforms-3/4986230a3613e9c8878387b9e002f926/transformed/constraintlayout-2.1.4 as it is up-to-date.
Skipping AarTransform: /home/runner/.gradle/caches/transforms-3/040541bbba9c66137e3b065555d548f5/transformed/jetified-annotation-experimental-1.4.0 as it is up-to-date.
Caching disabled for task ':app:processDebugMainManifest' because:
  Build cache is disabled
Task ':app:processDebugMainManifest' is not up-to-date because:
  No history is available.
Watching 38 directories to track changes
Watching 37 directories to track changes
Watching 36 directories to track changes
Loading library manifest /home/runner/.gradle/caches/transforms-3/1879d540724927de8171de7ca34e5ef8/transformed/jetified-viewbinding-8.2.2/AndroidManifest.xml
Loading library manifest /home/runner/.gradle/caches/transforms-3/3e57dcd8b556ed36db83311191f6b3fb/transformed/material-1.12.0/AndroidManifest.xml
Loading library manifest /home/runner/.gradle/caches/transforms-3/4986230a3613e9c8878387b9e002f926/transformed/constraintlayout-2.1.4/AndroidManifest.xml
Loading library manifest /home/runner/.gradle/caches/transforms-3/2c9e1932f079309d8c980731046895b1/transformed/jetified-appcompat-resources-1.7.0/AndroidManifest.xml
Loading library manifest /home/runner/.gradle/caches/transforms-3/74c0aa74c6cd0d99699e92401439d9bc/transformed/appcompat-1.7.0/AndroidManifest.xml
Loading library manifest /home/runner/.gradle/caches/transforms-3/713fa34b7934cd106f7af24b7c871473/transformed/jetified-viewpager2-1.1.0-beta02/AndroidManifest.xml
Loading library manifest /home/runner/.gradle/caches/transforms-3/4fe0dd632fb97ea5194ceec69f750c7c/transformed/recyclerview-1.3.2/AndroidManifest.xml
Loading library manifest /home/runner/.gradle/caches/transforms-3/82a5c5a65c7b536c87d9f811caae18d2/transformed/cardview-1.0.0/AndroidManifest.xml
Loading library manifest /home/runner/.gradle/caches/transforms-3/1fd4c804b162fdb57cf438768b0cdaff/transformed/jetified-emoji2-views-helper-1.3.0/AndroidManifest.xml
Loading library manifest /home/runner/.gradle/caches/transforms-3/1233487f8a8b2c105e4478097ec9c397/transformed/jetified-emoji2-1.3.0/AndroidManifest.xml
Loading library manifest /home/runner/.gradle/caches/transforms-3/4071c0e51b732894357072270238bfc4/transformed/fragment-1.5.4/AndroidManifest.xml
Loading library manifest /home/runner/.gradle/caches/transforms-3/44cca806ce7b0a80822ea1332ac9a47d/transformed/jetified-activity-1.8.0/AndroidManifest.xml
Loading library manifest /home/runner/.gradle/caches/transforms-3/ed3d2cbbd0b7adc69330f4f5d5203a98/transformed/drawerlayout-1.1.1/AndroidManifest.xml
Loading library manifest /home/runner/.gradle/caches/transforms-3/4dd287c9e959375dcd5b85d1a2ea3286/transformed/coordinatorlayout-1.1.0/AndroidManifest.xml
Loading library manifest /home/runner/.gradle/caches/transforms-3/3d0855e7a81c50c07154eb213257a7d0/transformed/transition-1.5.0/AndroidManifest.xml
Loading library manifest /home/runner/.gradle/caches/transforms-3/1ecbce35e8912ca07f18fb6a2d44712b/transformed/dynamicanimation-1.0.0/AndroidManifest.xml
Loading library manifest /home/runner/.gradle/caches/transforms-3/c18aa4e6712d645d90f2edd74129037f/transformed/vectordrawable-animated-1.1.0/AndroidManifest.xml
Loading library manifest /home/runner/.gradle/caches/transforms-3/702d14a0481cc6e84239a971f0bdc7de/transformed/vectordrawable-1.1.0/AndroidManifest.xml
Loading library manifest /home/runner/.gradle/caches/transforms-3/f70414e7656dffaa563fcba9e5ff730b/transformed/jetified-customview-poolingcontainer-1.0.0/AndroidManifest.xml
Loading library manifest /home/runner/.gradle/caches/transforms-3/8b48d9a1197a83570f6bb7952b8a480a/transformed/jetified-savedstate-1.2.1/AndroidManifest.xml
Loading library manifest /home/runner/.gradle/caches/transforms-3/5c1b5b9a526a64418a8284af4df1eb4c/transformed/legacy-support-core-utils-1.0.0/AndroidManifest.xml
Loading library manifest /home/runner/.gradle/caches/transforms-3/6a9264e91d0ccd23be7ae30d89a364d7/transformed/loader-1.0.0/AndroidManifest.xml
Loading library manifest /home/runner/.gradle/caches/transforms-3/624afa1baae8c07bfc048ad484610af6/transformed/lifecycle-livedata-2.6.2/AndroidManifest.xml
Loading library manifest /home/runner/.gradle/caches/transforms-3/a506b1e067453748ce849a5d1a931b4f/transformed/lifecycle-viewmodel-2.6.2/AndroidManifest.xml
Loading library manifest /home/runner/.gradle/caches/transforms-3/ee63f22118ed27eb76e1f3c7f951274b/transformed/jetified-lifecycle-process-2.6.2/AndroidManifest.xml
Loading library manifest /home/runner/.gradle/caches/transforms-3/a197f00907f8191fab772747b4069be9/transformed/lifecycle-livedata-core-2.6.2/AndroidManifest.xml
Loading library manifest /home/runner/.gradle/caches/transforms-3/b6a473a89888b3521ce2a8d540f5ca52/transformed/lifecycle-runtime-2.6.2/AndroidManifest.xml
Loading library manifest /home/runner/.gradle/caches/transforms-3/971e8374cd892e93232b043b81dff083/transformed/jetified-lifecycle-viewmodel-savedstate-2.6.2/AndroidManifest.xml
Loading library manifest /home/runner/.gradle/caches/transforms-3/6067425117552f8d4b6344907978c123/transformed/jetified-core-ktx-1.13.1/AndroidManifest.xml
Loading library manifest /home/runner/.gradle/caches/transforms-3/762497eb291fa256c893d1902ec3b4ac/transformed/viewpager-1.0.0/AndroidManifest.xml
Loading library manifest /home/runner/.gradle/caches/transforms-3/459c47dff4ea0349f10e153b2dd57879/transformed/customview-1.1.0/AndroidManifest.xml
Loading library manifest /home/runner/.gradle/caches/transforms-3/11f0a53180ace0fffdd006f40bfc2008/transformed/core-1.13.1/AndroidManifest.xml
Loading library manifest /home/runner/.gradle/caches/transforms-3/f3b45a409efc9cd62f29ba84d5ea95cc/transformed/cursoradapter-1.0.0/AndroidManifest.xml
Loading library manifest /home/runner/.gradle/caches/transforms-3/dcac8580948742d9679b4cc476009a8c/transformed/jetified-profileinstaller-1.3.1/AndroidManifest.xml
Loading library manifest /home/runner/.gradle/caches/transforms-3/6b9bb6a8c71662ca631e197a9e065197/transformed/interpolator-1.0.0/AndroidManifest.xml
Loading library manifest /home/runner/.gradle/caches/transforms-3/0c857eaa378e1c798341155dbc28d9bd/transformed/versionedparcelable-1.1.1/AndroidManifest.xml
Loading library manifest /home/runner/.gradle/caches/transforms-3/929f9fa80841e5d7d97393a6896db7a1/transformed/jetified-startup-runtime-1.1.1/AndroidManifest.xml
Loading library manifest /home/runner/.gradle/caches/transforms-3/ce160dbbfa3de34d01d231cdb832e663/transformed/jetified-tracing-1.0.0/AndroidManifest.xml
Loading library manifest /home/runner/.gradle/caches/transforms-3/00e51715982b78af096ea2b29d7737a5/transformed/core-runtime-2.2.0/AndroidManifest.xml
Loading library manifest /home/runner/.gradle/caches/transforms-3/f93fd9f7f264506b697bc40ed42a22df/transformed/documentfile-1.0.0/AndroidManifest.xml
Loading library manifest /home/runner/.gradle/caches/transforms-3/74f1f93840a9c8a79ad563434633a795/transformed/localbroadcastmanager-1.0.0/AndroidManifest.xml
Loading library manifest /home/runner/.gradle/caches/transforms-3/de9d9b9757fdff3a4223c6aa6c8ab886/transformed/print-1.0.0/AndroidManifest.xml
Loading library manifest /home/runner/.gradle/caches/transforms-3/040541bbba9c66137e3b065555d548f5/transformed/jetified-annotation-experimental-1.4.0/AndroidManifest.xml
Merging main manifest /home/runner/work/vcg-lang/vcg-lang/editor/android/app/src/main/AndroidManifest.xml

Merging library manifest /home/runner/.gradle/caches/transforms-3/1879d540724927de8171de7ca34e5ef8/transformed/jetified-viewbinding-8.2.2/AndroidManifest.xml
Merging manifest with lower [androidx.databinding:viewbinding:8.2.2] AndroidManifest.xml:2:1-7:12
uses-sdk defined in both files...
Merging uses-sdk with lower [androidx.databinding:viewbinding:8.2.2] AndroidManifest.xml:5:5-44
Merging library manifest /home/runner/.gradle/caches/transforms-3/3e57dcd8b556ed36db83311191f6b3fb/transformed/material-1.12.0/AndroidManifest.xml
Merging manifest with lower [com.google.android.material:material:1.12.0] AndroidManifest.xml:17:1-24:12
uses-sdk defined in both files...
Merging uses-sdk with lower [com.google.android.material:material:1.12.0] AndroidManifest.xml:20:5-44
application defined in both files...
Merging application with lower [com.google.android.material:material:1.12.0] AndroidManifest.xml:22:5-20
Merging library manifest /home/runner/.gradle/caches/transforms-3/4986230a3613e9c8878387b9e002f926/transformed/constraintlayout-2.1.4/AndroidManifest.xml
Merging manifest with lower [androidx.constraintlayout:constraintlayout:2.1.4] AndroidManifest.xml:2:1-11:12
uses-sdk defined in both files...
Merging uses-sdk with lower [androidx.constraintlayout:constraintlayout:2.1.4] AndroidManifest.xml:5:5-7:41
application defined in both files...
Merging application with lower [androidx.constraintlayout:constraintlayout:2.1.4] AndroidManifest.xml:9:5-20
Merging library manifest /home/runner/.gradle/caches/transforms-3/2c9e1932f079309d8c980731046895b1/transformed/jetified-appcompat-resources-1.7.0/AndroidManifest.xml
Merging manifest with lower [androidx.appcompat:appcompat-resources:1.7.0] AndroidManifest.xml:2:1-7:12
uses-sdk defined in both files...
Merging uses-sdk with lower [androidx.appcompat:appcompat-resources:1.7.0] AndroidManifest.xml:5:5-44
Merging library manifest /home/runner/.gradle/caches/transforms-3/74c0aa74c6cd0d99699e92401439d9bc/transformed/appcompat-1.7.0/AndroidManifest.xml
Merging manifest with lower [androidx.appcompat:appcompat:1.7.0] AndroidManifest.xml:2:1-7:12
uses-sdk defined in both files...
Merging uses-sdk with lower [androidx.appcompat:appcompat:1.7.0] AndroidManifest.xml:5:5-44
Merging library manifest /home/runner/.gradle/caches/transforms-3/713fa34b7934cd106f7af24b7c871473/transformed/jetified-viewpager2-1.1.0-beta02/AndroidManifest.xml
Merging manifest with lower [androidx.viewpager2:viewpager2:1.1.0-beta02] AndroidManifest.xml:2:1-7:12
uses-sdk defined in both files...
Merging uses-sdk with lower [androidx.viewpager2:viewpager2:1.1.0-beta02] AndroidManifest.xml:5:5-44
Merging library manifest /home/runner/.gradle/caches/transforms-3/4fe0dd632fb97ea5194ceec69f750c7c/transformed/recyclerview-1.3.2/AndroidManifest.xml
Merging manifest with lower [androidx.recyclerview:recyclerview:1.3.2] AndroidManifest.xml:17:1-22:12
uses-sdk defined in both files...
Merging uses-sdk with lower [androidx.recyclerview:recyclerview:1.3.2] AndroidManifest.xml:20:5-44
Merging library manifest /home/runner/.gradle/caches/transforms-3/82a5c5a65c7b536c87d9f811caae18d2/transformed/cardview-1.0.0/AndroidManifest.xml
Merging manifest with lower [androidx.cardview:cardview:1.0.0] AndroidManifest.xml:17:1-22:12
uses-sdk defined in both files...
Merging uses-sdk with lower [androidx.cardview:cardview:1.0.0] AndroidManifest.xml:20:5-44
Merging library manifest /home/runner/.gradle/caches/transforms-3/1fd4c804b162fdb57cf438768b0cdaff/transformed/jetified-emoji2-views-helper-1.3.0/AndroidManifest.xml
Merging manifest with lower [androidx.emoji2:emoji2-views-helper:1.3.0] AndroidManifest.xml:2:1-7:12
uses-sdk defined in both files...
Merging uses-sdk with lower [androidx.emoji2:emoji2-views-helper:1.3.0] AndroidManifest.xml:5:5-44
Merging library manifest /home/runner/.gradle/caches/transforms-3/1233487f8a8b2c105e4478097ec9c397/transformed/jetified-emoji2-1.3.0/AndroidManifest.xml
Merging manifest with lower [androidx.emoji2:emoji2:1.3.0] AndroidManifest.xml:17:1-35:12
uses-sdk defined in both files...
Merging uses-sdk with lower [androidx.emoji2:emoji2:1.3.0] AndroidManifest.xml:21:5-44
application defined in both files...
Merging application with lower [androidx.emoji2:emoji2:1.3.0] AndroidManifest.xml:23:5-33:19
Adopted [provider: null]
Merging library manifest /home/runner/.gradle/caches/transforms-3/4071c0e51b732894357072270238bfc4/transformed/fragment-1.5.4/AndroidManifest.xml
Merging manifest with lower [androidx.fragment:fragment:1.5.4] AndroidManifest.xml:17:1-24:12
uses-sdk defined in both files...
Merging uses-sdk with lower [androidx.fragment:fragment:1.5.4] AndroidManifest.xml:20:5-22:41
Merging library manifest /home/runner/.gradle/caches/transforms-3/44cca806ce7b0a80822ea1332ac9a47d/transformed/jetified-activity-1.8.0/AndroidManifest.xml
Merging manifest with lower [androidx.activity:activity:1.8.0] AndroidManifest.xml:17:1-22:12
uses-sdk defined in both files...
Merging uses-sdk with lower [androidx.activity:activity:1.8.0] AndroidManifest.xml:20:5-44
Merging library manifest /home/runner/.gradle/caches/transforms-3/ed3d2cbbd0b7adc69330f4f5d5203a98/transformed/drawerlayout-1.1.1/AndroidManifest.xml
Merging manifest with lower [androidx.drawerlayout:drawerlayout:1.1.1] AndroidManifest.xml:17:1-24:12
uses-sdk defined in both files...
Merging uses-sdk with lower [androidx.drawerlayout:drawerlayout:1.1.1] AndroidManifest.xml:20:5-22:41
Merging library manifest /home/runner/.gradle/caches/transforms-3/4dd287c9e959375dcd5b85d1a2ea3286/transformed/coordinatorlayout-1.1.0/AndroidManifest.xml
Merging manifest with lower [androidx.coordinatorlayout:coordinatorlayout:1.1.0] AndroidManifest.xml:17:1-24:12
uses-sdk defined in both files...
Merging uses-sdk with lower [androidx.coordinatorlayout:coordinatorlayout:1.1.0] AndroidManifest.xml:20:5-22:41
Merging library manifest /home/runner/.gradle/caches/transforms-3/3d0855e7a81c50c07154eb213257a7d0/transformed/transition-1.5.0/AndroidManifest.xml
Merging manifest with lower [androidx.transition:transition:1.5.0] AndroidManifest.xml:2:1-7:12
uses-sdk defined in both files...
Merging uses-sdk with lower [androidx.transition:transition:1.5.0] AndroidManifest.xml:5:5-44
Merging library manifest /home/runner/.gradle/caches/transforms-3/1ecbce35e8912ca07f18fb6a2d44712b/transformed/dynamicanimation-1.0.0/AndroidManifest.xml
Merging manifest with lower [androidx.dynamicanimation:dynamicanimation:1.0.0] AndroidManifest.xml:17:1-22:12
uses-sdk defined in both files...
Merging uses-sdk with lower [androidx.dynamicanimation:dynamicanimation:1.0.0] AndroidManifest.xml:20:5-44
Merging library manifest /home/runner/.gradle/caches/transforms-3/c18aa4e6712d645d90f2edd74129037f/transformed/vectordrawable-animated-1.1.0/AndroidManifest.xml
Merging manifest with lower [androidx.vectordrawable:vectordrawable-animated:1.1.0] AndroidManifest.xml:17:1-24:12
uses-sdk defined in both files...
Merging uses-sdk with lower [androidx.vectordrawable:vectordrawable-animated:1.1.0] AndroidManifest.xml:20:5-22:41
Merging library manifest /home/runner/.gradle/caches/transforms-3/702d14a0481cc6e84239a971f0bdc7de/transformed/vectordrawable-1.1.0/AndroidManifest.xml
Merging manifest with lower [androidx.vectordrawable:vectordrawable:1.1.0] AndroidManifest.xml:17:1-24:12
uses-sdk defined in both files...
Merging uses-sdk with lower [androidx.vectordrawable:vectordrawable:1.1.0] AndroidManifest.xml:20:5-22:41
Merging library manifest /home/runner/.gradle/caches/transforms-3/f70414e7656dffaa563fcba9e5ff730b/transformed/jetified-customview-poolingcontainer-1.0.0/AndroidManifest.xml
Merging manifest with lower [androidx.customview:customview-poolingcontainer:1.0.0] AndroidManifest.xml:17:1-23:12
uses-sdk defined in both files...
Merging uses-sdk with lower [androidx.customview:customview-poolingcontainer:1.0.0] AndroidManifest.xml:20:5-21:38
Merging library manifest /home/runner/.gradle/caches/transforms-3/8b48d9a1197a83570f6bb7952b8a480a/transformed/jetified-savedstate-1.2.1/AndroidManifest.xml
Merging manifest with lower [androidx.savedstate:savedstate:1.2.1] AndroidManifest.xml:17:1-22:12
uses-sdk defined in both files...
Merging uses-sdk with lower [androidx.savedstate:savedstate:1.2.1] AndroidManifest.xml:20:5-44
Merging library manifest /home/runner/.gradle/caches/transforms-3/5c1b5b9a526a64418a8284af4df1eb4c/transformed/legacy-support-core-utils-1.0.0/AndroidManifest.xml
Merging manifest with lower [androidx.legacy:legacy-support-core-utils:1.0.0] AndroidManifest.xml:17:1-22:12
uses-sdk defined in both files...
Merging uses-sdk with lower [androidx.legacy:legacy-support-core-utils:1.0.0] AndroidManifest.xml:20:5-44
Merging library manifest /home/runner/.gradle/caches/transforms-3/6a9264e91d0ccd23be7ae30d89a364d7/transformed/loader-1.0.0/AndroidManifest.xml
Merging manifest with lower [androidx.loader:loader:1.0.0] AndroidManifest.xml:17:1-22:12
uses-sdk defined in both files...
Merging uses-sdk with lower [androidx.loader:loader:1.0.0] AndroidManifest.xml:20:5-44
Merging library manifest /home/runner/.gradle/caches/transforms-3/624afa1baae8c07bfc048ad484610af6/transformed/lifecycle-livedata-2.6.2/AndroidManifest.xml
Merging manifest with lower [androidx.lifecycle:lifecycle-livedata:2.6.2] AndroidManifest.xml:17:1-22:12
uses-sdk defined in both files...
Merging uses-sdk with lower [androidx.lifecycle:lifecycle-livedata:2.6.2] AndroidManifest.xml:20:5-44
Merging library manifest /home/runner/.gradle/caches/transforms-3/a506b1e067453748ce849a5d1a931b4f/transformed/lifecycle-viewmodel-2.6.2/AndroidManifest.xml
Merging manifest with lower [androidx.lifecycle:lifecycle-viewmodel:2.6.2] AndroidManifest.xml:17:1-22:12
uses-sdk defined in both files...
Merging uses-sdk with lower [androidx.lifecycle:lifecycle-viewmodel:2.6.2] AndroidManifest.xml:20:5-44
Merging library manifest /home/runner/.gradle/caches/transforms-3/ee63f22118ed27eb76e1f3c7f951274b/transformed/jetified-lifecycle-process-2.6.2/AndroidManifest.xml
Merging manifest with lower [androidx.lifecycle:lifecycle-process:2.6.2] AndroidManifest.xml:17:1-35:12
uses-sdk defined in both files...
Merging uses-sdk with lower [androidx.lifecycle:lifecycle-process:2.6.2] AndroidManifest.xml:21:5-44
application defined in both files...
Merging application with lower [androidx.lifecycle:lifecycle-process:2.6.2] AndroidManifest.xml:23:5-33:19
provider#androidx.startup.InitializationProvider defined in both files...
Merging provider#androidx.startup.InitializationProvider with lower [androidx.lifecycle:lifecycle-process:2.6.2] AndroidManifest.xml:24:9-32:20
Adopted [meta-data: null]
Merging library manifest /home/runner/.gradle/caches/transforms-3/a197f00907f8191fab772747b4069be9/transformed/lifecycle-livedata-core-2.6.2/AndroidManifest.xml
Merging manifest with lower [androidx.lifecycle:lifecycle-livedata-core:2.6.2] AndroidManifest.xml:17:1-22:12
uses-sdk defined in both files...
Merging uses-sdk with lower [androidx.lifecycle:lifecycle-livedata-core:2.6.2] AndroidManifest.xml:20:5-44
Merging library manifest /home/runner/.gradle/caches/transforms-3/b6a473a89888b3521ce2a8d540f5ca52/transformed/lifecycle-runtime-2.6.2/AndroidManifest.xml
Merging manifest with lower [androidx.lifecycle:lifecycle-runtime:2.6.2] AndroidManifest.xml:2:1-7:12
uses-sdk defined in both files...
Merging uses-sdk with lower [androidx.lifecycle:lifecycle-runtime:2.6.2] AndroidManifest.xml:5:5-44
Merging library manifest /home/runner/.gradle/caches/transforms-3/971e8374cd892e93232b043b81dff083/transformed/jetified-lifecycle-viewmodel-savedstate-2.6.2/AndroidManifest.xml
Merging manifest with lower [androidx.lifecycle:lifecycle-viewmodel-savedstate:2.6.2] AndroidManifest.xml:17:1-22:12
uses-sdk defined in both files...
Merging uses-sdk with lower [androidx.lifecycle:lifecycle-viewmodel-savedstate:2.6.2] AndroidManifest.xml:20:5-44
Merging library manifest /home/runner/.gradle/caches/transforms-3/6067425117552f8d4b6344907978c123/transformed/jetified-core-ktx-1.13.1/AndroidManifest.xml
Merging manifest with lower [androidx.core:core-ktx:1.13.1] AndroidManifest.xml:2:1-7:12
uses-sdk defined in both files...
Merging uses-sdk with lower [androidx.core:core-ktx:1.13.1] AndroidManifest.xml:5:5-44
Merging library manifest /home/runner/.gradle/caches/transforms-3/762497eb291fa256c893d1902ec3b4ac/transformed/viewpager-1.0.0/AndroidManifest.xml
Merging manifest with lower [androidx.viewpager:viewpager:1.0.0] AndroidManifest.xml:17:1-22:12
uses-sdk defined in both files...
Merging uses-sdk with lower [androidx.viewpager:viewpager:1.0.0] AndroidManifest.xml:20:5-44
Merging library manifest /home/runner/.gradle/caches/transforms-3/459c47dff4ea0349f10e153b2dd57879/transformed/customview-1.1.0/AndroidManifest.xml
Merging manifest with lower [androidx.customview:customview:1.1.0] AndroidManifest.xml:17:1-24:12
uses-sdk defined in both files...
Merging uses-sdk with lower [androidx.customview:customview:1.1.0] AndroidManifest.xml:20:5-22:41
Merging library manifest /home/runner/.gradle/caches/transforms-3/11f0a53180ace0fffdd006f40bfc2008/transformed/core-1.13.1/AndroidManifest.xml
Merging manifest with lower [androidx.core:core:1.13.1] AndroidManifest.xml:17:1-30:12
uses-sdk defined in both files...
Merging uses-sdk with lower [androidx.core:core:1.13.1] AndroidManifest.xml:20:5-44
Adopted [permission: null]
Adopted [uses-permission: null]
application defined in both files...
Merging application with lower [androidx.core:core:1.13.1] AndroidManifest.xml:28:5-89
Merging library manifest /home/runner/.gradle/caches/transforms-3/f3b45a409efc9cd62f29ba84d5ea95cc/transformed/cursoradapter-1.0.0/AndroidManifest.xml
Merging manifest with lower [androidx.cursoradapter:cursoradapter:1.0.0] AndroidManifest.xml:17:1-22:12
uses-sdk defined in both files...
Merging uses-sdk with lower [androidx.cursoradapter:cursoradapter:1.0.0] AndroidManifest.xml:20:5-44
Merging library manifest /home/runner/.gradle/caches/transforms-3/dcac8580948742d9679b4cc476009a8c/transformed/jetified-profileinstaller-1.3.1/AndroidManifest.xml
Merging manifest with lower [androidx.profileinstaller:profileinstaller:1.3.1] AndroidManifest.xml:17:1-55:12
uses-sdk defined in both files...
Merging uses-sdk with lower [androidx.profileinstaller:profileinstaller:1.3.1] AndroidManifest.xml:21:5-44
application defined in both files...
Merging application with lower [androidx.profileinstaller:profileinstaller:1.3.1] AndroidManifest.xml:23:5-53:19
provider#androidx.startup.InitializationProvider defined in both files...
Merging provider#androidx.startup.InitializationProvider with lower [androidx.profileinstaller:profileinstaller:1.3.1] AndroidManifest.xml:24:9-32:20
Adopted [meta-data: null]
Adopted [receiver: null]
Merging library manifest /home/runner/.gradle/caches/transforms-3/6b9bb6a8c71662ca631e197a9e065197/transformed/interpolator-1.0.0/AndroidManifest.xml
Merging manifest with lower [androidx.interpolator:interpolator:1.0.0] AndroidManifest.xml:17:1-22:12
uses-sdk defined in both files...
Merging uses-sdk with lower [androidx.interpolator:interpolator:1.0.0] AndroidManifest.xml:20:5-44
Merging library manifest /home/runner/.gradle/caches/transforms-3/0c857eaa378e1c798341155dbc28d9bd/transformed/versionedparcelable-1.1.1/AndroidManifest.xml
Merging manifest with lower [androidx.versionedparcelable:versionedparcelable:1.1.1] AndroidManifest.xml:17:1-27:12
uses-sdk defined in both files...
Merging uses-sdk with lower [androidx.versionedparcelable:versionedparcelable:1.1.1] AndroidManifest.xml:20:5-22:41
application defined in both files...
Merging application with lower [androidx.versionedparcelable:versionedparcelable:1.1.1] AndroidManifest.xml:24:5-25:19
Merging library manifest /home/runner/.gradle/caches/transforms-3/929f9fa80841e5d7d97393a6896db7a1/transformed/jetified-startup-runtime-1.1.1/AndroidManifest.xml
Merging manifest with lower [androidx.startup:startup-runtime:1.1.1] AndroidManifest.xml:17:1-33:12
uses-sdk defined in both files...
Merging uses-sdk with lower [androidx.startup:startup-runtime:1.1.1] AndroidManifest.xml:21:5-23:41
application defined in both files...
Merging application with lower [androidx.startup:startup-runtime:1.1.1] AndroidManifest.xml:25:5-31:19
provider#androidx.startup.InitializationProvider defined in both files...
Merging provider#androidx.startup.InitializationProvider with lower [androidx.startup:startup-runtime:1.1.1] AndroidManifest.xml:26:9-30:34
Merging library manifest /home/runner/.gradle/caches/transforms-3/ce160dbbfa3de34d01d231cdb832e663/transformed/jetified-tracing-1.0.0/AndroidManifest.xml
Merging manifest with lower [androidx.tracing:tracing:1.0.0] AndroidManifest.xml:17:1-24:12
uses-sdk defined in both files...
Merging uses-sdk with lower [androidx.tracing:tracing:1.0.0] AndroidManifest.xml:20:5-22:41
Merging library manifest /home/runner/.gradle/caches/transforms-3/00e51715982b78af096ea2b29d7737a5/transformed/core-runtime-2.2.0/AndroidManifest.xml
Merging manifest with lower [androidx.arch.core:core-runtime:2.2.0] AndroidManifest.xml:17:1-22:12
uses-sdk defined in both files...
Merging uses-sdk with lower [androidx.arch.core:core-runtime:2.2.0] AndroidManifest.xml:20:5-44
Merging library manifest /home/runner/.gradle/caches/transforms-3/f93fd9f7f264506b697bc40ed42a22df/transformed/documentfile-1.0.0/AndroidManifest.xml
Merging manifest with lower [androidx.documentfile:documentfile:1.0.0] AndroidManifest.xml:17:1-22:12
uses-sdk defined in both files...
Merging uses-sdk with lower [androidx.documentfile:documentfile:1.0.0] AndroidManifest.xml:20:5-44
Merging library manifest /home/runner/.gradle/caches/transforms-3/74f1f93840a9c8a79ad563434633a795/transformed/localbroadcastmanager-1.0.0/AndroidManifest.xml
Merging manifest with lower [androidx.localbroadcastmanager:localbroadcastmanager:1.0.0] AndroidManifest.xml:17:1-22:12
uses-sdk defined in both files...
Merging uses-sdk with lower [androidx.localbroadcastmanager:localbroadcastmanager:1.0.0] AndroidManifest.xml:20:5-44
Merging library manifest /home/runner/.gradle/caches/transforms-3/de9d9b9757fdff3a4223c6aa6c8ab886/transformed/print-1.0.0/AndroidManifest.xml
Merging manifest with lower [androidx.print:print:1.0.0] AndroidManifest.xml:17:1-22:12
uses-sdk defined in both files...
Merging uses-sdk with lower [androidx.print:print:1.0.0] AndroidManifest.xml:20:5-44
Merging library manifest /home/runner/.gradle/caches/transforms-3/040541bbba9c66137e3b065555d548f5/transformed/jetified-annotation-experimental-1.4.0/AndroidManifest.xml
Merging manifest with lower [androidx.annotation:annotation-experimental:1.4.0] AndroidManifest.xml:2:1-7:12
uses-sdk defined in both files...
Merging uses-sdk with lower [androidx.annotation:annotation-experimental:1.4.0] AndroidManifest.xml:5:5-44
Merging result: SUCCESS
1<?xml version="1.0" encoding="utf-8"?>
2<manifest xmlns:android="http://schemas.android.com/apk/res/android"
3    package="com.syrianvcg.editor.debug"
4    android:versionCode="2"
5    android:versionName="2.0.0" >
6
7    <uses-sdk
8        android:minSdkVersion="26"
9        android:targetSdkVersion="34" />
10
11    <uses-permission
11-->/home/runner/work/vcg-lang/vcg-lang/editor/android/app/src/main/AndroidManifest.xml:4:5-5:37
12        android:name="android.permission.READ_EXTERNAL_STORAGE"
12-->/home/runner/work/vcg-lang/vcg-lang/editor/android/app/src/main/AndroidManifest.xml:4:22-77
13        android:maxSdkVersion="32" />
13-->/home/runner/work/vcg-lang/vcg-lang/editor/android/app/src/main/AndroidManifest.xml:5:9-35
14    <uses-permission
14-->/home/runner/work/vcg-lang/vcg-lang/editor/android/app/src/main/AndroidManifest.xml:6:5-7:37
15        android:name="android.permission.WRITE_EXTERNAL_STORAGE"
15-->/home/runner/work/vcg-lang/vcg-lang/editor/android/app/src/main/AndroidManifest.xml:6:22-78
16        android:maxSdkVersion="29" />
16-->/home/runner/work/vcg-lang/vcg-lang/editor/android/app/src/main/AndroidManifest.xml:7:9-35
17    <uses-permission android:name="android.permission.READ_MEDIA_IMAGES" />
17-->/home/runner/work/vcg-lang/vcg-lang/editor/android/app/src/main/AndroidManifest.xml:8:5-75
17-->/home/runner/work/vcg-lang/vcg-lang/editor/android/app/src/main/AndroidManifest.xml:8:22-73
18    <uses-permission android:name="android.permission.INTERNET" />
18-->/home/runner/work/vcg-lang/vcg-lang/editor/android/app/src/main/AndroidManifest.xml:9:5-66
18-->/home/runner/work/vcg-lang/vcg-lang/editor/android/app/src/main/AndroidManifest.xml:9:22-64
19
20    <permission
20-->[androidx.core:core:1.13.1] /home/runner/.gradle/caches/transforms-3/11f0a53180ace0fffdd006f40bfc2008/transformed/core-1.13.1/AndroidManifest.xml:22:5-24:47
21        android:name="com.syrianvcg.editor.debug.DYNAMIC_RECEIVER_NOT_EXPORTED_PERMISSION"
21-->[androidx.core:core:1.13.1] /home/runner/.gradle/caches/transforms-3/11f0a53180ace0fffdd006f40bfc2008/transformed/core-1.13.1/AndroidManifest.xml:23:9-81
22        android:protectionLevel="signature" />
22-->[androidx.core:core:1.13.1] /home/runner/.gradle/caches/transforms-3/11f0a53180ace0fffdd006f40bfc2008/transformed/core-1.13.1/AndroidManifest.xml:24:9-44
23
24    <uses-permission android:name="com.syrianvcg.editor.debug.DYNAMIC_RECEIVER_NOT_EXPORTED_PERMISSION" />
24-->[androidx.core:core:1.13.1] /home/runner/.gradle/caches/transforms-3/11f0a53180ace0fffdd006f40bfc2008/transformed/core-1.13.1/AndroidManifest.xml:26:5-97
24-->[androidx.core:core:1.13.1] /home/runner/.gradle/caches/transforms-3/11f0a53180ace0fffdd006f40bfc2008/transformed/core-1.13.1/AndroidManifest.xml:26:22-94
25
26    <application
26-->/home/runner/work/vcg-lang/vcg-lang/editor/android/app/src/main/AndroidManifest.xml:11:5-53:19
27        android:allowBackup="true"
27-->/home/runner/work/vcg-lang/vcg-lang/editor/android/app/src/main/AndroidManifest.xml:12:9-35
28        android:appComponentFactory="androidx.core.app.CoreComponentFactory"
28-->[androidx.core:core:1.13.1] /home/runner/.gradle/caches/transforms-3/11f0a53180ace0fffdd006f40bfc2008/transformed/core-1.13.1/AndroidManifest.xml:28:18-86
29        android:debuggable="true"
30        android:extractNativeLibs="false"
31        android:hardwareAccelerated="true"
31-->/home/runner/work/vcg-lang/vcg-lang/editor/android/app/src/main/AndroidManifest.xml:18:9-43
32        android:icon="@mipmap/ic_launcher"
32-->/home/runner/work/vcg-lang/vcg-lang/editor/android/app/src/main/AndroidManifest.xml:13:9-43
33        android:label="@string/app_name"
33-->/home/runner/work/vcg-lang/vcg-lang/editor/android/app/src/main/AndroidManifest.xml:14:9-41
34        android:roundIcon="@mipmap/ic_launcher_round"
34-->/home/runner/work/vcg-lang/vcg-lang/editor/android/app/src/main/AndroidManifest.xml:15:9-54
35        android:supportsRtl="true"
35-->/home/runner/work/vcg-lang/vcg-lang/editor/android/app/src/main/AndroidManifest.xml:16:9-35
36        android:theme="@style/Theme.VCGEditor" >
36-->/home/runner/work/vcg-lang/vcg-lang/editor/android/app/src/main/AndroidManifest.xml:17:9-47
37        <activity
37-->/home/runner/work/vcg-lang/vcg-lang/editor/android/app/src/main/AndroidManifest.xml:20:9-29:20
38            android:name="com.syrianvcg.editor.SplashActivity"
38-->/home/runner/work/vcg-lang/vcg-lang/editor/android/app/src/main/AndroidManifest.xml:21:13-43
39            android:exported="true"
39-->/home/runner/work/vcg-lang/vcg-lang/editor/android/app/src/main/AndroidManifest.xml:22:13-36
40            android:screenOrientation="portrait"
40-->/home/runner/work/vcg-lang/vcg-lang/editor/android/app/src/main/AndroidManifest.xml:23:13-49
41            android:theme="@style/Theme.VCGEditor.Splash" >
41-->/home/runner/work/vcg-lang/vcg-lang/editor/android/app/src/main/AndroidManifest.xml:24:13-58
42            <intent-filter>
42-->/home/runner/work/vcg-lang/vcg-lang/editor/android/app/src/main/AndroidManifest.xml:25:13-28:29
43                <action android:name="android.intent.action.MAIN" />
43-->/home/runner/work/vcg-lang/vcg-lang/editor/android/app/src/main/AndroidManifest.xml:26:17-69
43-->/home/runner/work/vcg-lang/vcg-lang/editor/android/app/src/main/AndroidManifest.xml:26:25-66
44
45                <category android:name="android.intent.category.LAUNCHER" />
45-->/home/runner/work/vcg-lang/vcg-lang/editor/android/app/src/main/AndroidManifest.xml:27:17-77
45-->/home/runner/work/vcg-lang/vcg-lang/editor/android/app/src/main/AndroidManifest.xml:27:27-74
46            </intent-filter>
47        </activity>
48        <activity
48-->/home/runner/work/vcg-lang/vcg-lang/editor/android/app/src/main/AndroidManifest.xml:31:9-35:57
49            android:name="com.syrianvcg.editor.MainActivity"
49-->/home/runner/work/vcg-lang/vcg-lang/editor/android/app/src/main/AndroidManifest.xml:32:13-41
50            android:exported="false"
50-->/home/runner/work/vcg-lang/vcg-lang/editor/android/app/src/main/AndroidManifest.xml:33:13-37
51            android:screenOrientation="portrait"
51-->/home/runner/work/vcg-lang/vcg-lang/editor/android/app/src/main/AndroidManifest.xml:34:13-49
52            android:windowSoftInputMode="adjustResize" />
52-->/home/runner/work/vcg-lang/vcg-lang/editor/android/app/src/main/AndroidManifest.xml:35:13-55
53        <activity
53-->/home/runner/work/vcg-lang/vcg-lang/editor/android/app/src/main/AndroidManifest.xml:37:9-41:57
54            android:name="com.syrianvcg.editor.EditorActivity"
54-->/home/runner/work/vcg-lang/vcg-lang/editor/android/app/src/main/AndroidManifest.xml:38:13-43
55            android:exported="false"
55-->/home/runner/work/vcg-lang/vcg-lang/editor/android/app/src/main/AndroidManifest.xml:39:13-37
56            android:screenOrientation="portrait"
56-->/home/runner/work/vcg-lang/vcg-lang/editor/android/app/src/main/AndroidManifest.xml:40:13-49
57            android:windowSoftInputMode="adjustResize" />
57-->/home/runner/work/vcg-lang/vcg-lang/editor/android/app/src/main/AndroidManifest.xml:41:13-55
58        <activity
58-->/home/runner/work/vcg-lang/vcg-lang/editor/android/app/src/main/AndroidManifest.xml:43:9-46:51
59            android:name="com.syrianvcg.editor.OutputActivity"
59-->/home/runner/work/vcg-lang/vcg-lang/editor/android/app/src/main/AndroidManifest.xml:44:13-43
60            android:exported="false"
60-->/home/runner/work/vcg-lang/vcg-lang/editor/android/app/src/main/AndroidManifest.xml:45:13-37
61            android:screenOrientation="portrait" />
61-->/home/runner/work/vcg-lang/vcg-lang/editor/android/app/src/main/AndroidManifest.xml:46:13-49
62        <activity
62-->/home/runner/work/vcg-lang/vcg-lang/editor/android/app/src/main/AndroidManifest.xml:48:9-51:51
63            android:name="com.syrianvcg.editor.SettingsActivity"
63-->/home/runner/work/vcg-lang/vcg-lang/editor/android/app/src/main/AndroidManifest.xml:49:13-45
64            android:exported="false"
64-->/home/runner/work/vcg-lang/vcg-lang/editor/android/app/src/main/AndroidManifest.xml:50:13-37
65            android:screenOrientation="portrait" />
65-->/home/runner/work/vcg-lang/vcg-lang/editor/android/app/src/main/AndroidManifest.xml:51:13-49
66
67        <provider
67-->[androidx.emoji2:emoji2:1.3.0] /home/runner/.gradle/caches/transforms-3/1233487f8a8b2c105e4478097ec9c397/transformed/jetified-emoji2-1.3.0/AndroidManifest.xml:24:9-32:20
68            android:name="androidx.startup.InitializationProvider"
68-->[androidx.emoji2:emoji2:1.3.0] /home/runner/.gradle/caches/transforms-3/1233487f8a8b2c105e4478097ec9c397/transformed/jetified-emoji2-1.3.0/AndroidManifest.xml:25:13-67
69            android:authorities="com.syrianvcg.editor.debug.androidx-startup"
69-->[androidx.emoji2:emoji2:1.3.0] /home/runner/.gradle/caches/transforms-3/1233487f8a8b2c105e4478097ec9c397/transformed/jetified-emoji2-1.3.0/AndroidManifest.xml:26:13-68
70            android:exported="false" >
70-->[androidx.emoji2:emoji2:1.3.0] /home/runner/.gradle/caches/transforms-3/1233487f8a8b2c105e4478097ec9c397/transformed/jetified-emoji2-1.3.0/AndroidManifest.xml:27:13-37
71            <meta-data
71-->[androidx.emoji2:emoji2:1.3.0] /home/runner/.gradle/caches/transforms-3/1233487f8a8b2c105e4478097ec9c397/transformed/jetified-emoji2-1.3.0/AndroidManifest.xml:29:13-31:52
72                android:name="androidx.emoji2.text.EmojiCompatInitializer"
72-->[androidx.emoji2:emoji2:1.3.0] /home/runner/.gradle/caches/transforms-3/1233487f8a8b2c105e4478097ec9c397/transformed/jetified-emoji2-1.3.0/AndroidManifest.xml:30:17-75
73                android:value="androidx.startup" />
73-->[androidx.emoji2:emoji2:1.3.0] /home/runner/.gradle/caches/transforms-3/1233487f8a8b2c105e4478097ec9c397/transformed/jetified-emoji2-1.3.0/AndroidManifest.xml:31:17-49
74            <meta-data
74-->[androidx.lifecycle:lifecycle-process:2.6.2] /home/runner/.gradle/caches/transforms-3/ee63f22118ed27eb76e1f3c7f951274b/transformed/jetified-lifecycle-process-2.6.2/AndroidManifest.xml:29:13-31:52
75                android:name="androidx.lifecycle.ProcessLifecycleInitializer"
75-->[androidx.lifecycle:lifecycle-process:2.6.2] /home/runner/.gradle/caches/transforms-3/ee63f22118ed27eb76e1f3c7f951274b/transformed/jetified-lifecycle-process-2.6.2/AndroidManifest.xml:30:17-78
76                android:value="androidx.startup" />
76-->[androidx.lifecycle:lifecycle-process:2.6.2] /home/runner/.gradle/caches/transforms-3/ee63f22118ed27eb76e1f3c7f951274b/transformed/jetified-lifecycle-process-2.6.2/AndroidManifest.xml:31:17-49
77            <meta-data
77-->[androidx.profileinstaller:profileinstaller:1.3.1] /home/runner/.gradle/caches/transforms-3/dcac8580948742d9679b4cc476009a8c/transformed/jetified-profileinstaller-1.3.1/AndroidManifest.xml:29:13-31:52
78                android:name="androidx.profileinstaller.ProfileInstallerInitializer"
78-->[androidx.profileinstaller:profileinstaller:1.3.1] /home/runner/.gradle/caches/transforms-3/dcac8580948742d9679b4cc476009a8c/transformed/jetified-profileinstaller-1.3.1/AndroidManifest.xml:30:17-85
79                android:value="androidx.startup" />
79-->[androidx.profileinstaller:profileinstaller:1.3.1] /home/runner/.gradle/caches/transforms-3/dcac8580948742d9679b4cc476009a8c/transformed/jetified-profileinstaller-1.3.1/AndroidManifest.xml:31:17-49
80        </provider>
81
82        <receiver
82-->[androidx.profileinstaller:profileinstaller:1.3.1] /home/runner/.gradle/caches/transforms-3/dcac8580948742d9679b4cc476009a8c/transformed/jetified-profileinstaller-1.3.1/AndroidManifest.xml:34:9-52:20
83            android:name="androidx.profileinstaller.ProfileInstallReceiver"
83-->[androidx.profileinstaller:profileinstaller:1.3.1] /home/runner/.gradle/caches/transforms-3/dcac8580948742d9679b4cc476009a8c/transformed/jetified-profileinstaller-1.3.1/AndroidManifest.xml:35:13-76
84            android:directBootAware="false"
84-->[androidx.profileinstaller:profileinstaller:1.3.1] /home/runner/.gradle/caches/transforms-3/dcac8580948742d9679b4cc476009a8c/transformed/jetified-profileinstaller-1.3.1/AndroidManifest.xml:36:13-44
85            android:enabled="true"
85-->[androidx.profileinstaller:profileinstaller:1.3.1] /home/runner/.gradle/caches/transforms-3/dcac8580948742d9679b4cc476009a8c/transformed/jetified-profileinstaller-1.3.1/AndroidManifest.xml:37:13-35
86            android:exported="true"
86-->[androidx.profileinstaller:profileinstaller:1.3.1] /home/runner/.gradle/caches/transforms-3/dcac8580948742d9679b4cc476009a8c/transformed/jetified-profileinstaller-1.3.1/AndroidManifest.xml:38:13-36
87            android:permission="android.permission.DUMP" >
87-->[androidx.profileinstaller:profileinstaller:1.3.1] /home/runner/.gradle/caches/transforms-3/dcac8580948742d9679b4cc476009a8c/transformed/jetified-profileinstaller-1.3.1/AndroidManifest.xml:39:13-57
88            <intent-filter>
88-->[androidx.profileinstaller:profileinstaller:1.3.1] /home/runner/.gradle/caches/transforms-3/dcac8580948742d9679b4cc476009a8c/transformed/jetified-profileinstaller-1.3.1/AndroidManifest.xml:40:13-42:29
89                <action android:name="androidx.profileinstaller.action.INSTALL_PROFILE" />
89-->[androidx.profileinstaller:profileinstaller:1.3.1] /home/runner/.gradle/caches/transforms-3/dcac8580948742d9679b4cc476009a8c/transformed/jetified-profileinstaller-1.3.1/AndroidManifest.xml:41:17-91
89-->[androidx.profileinstaller:profileinstaller:1.3.1] /home/runner/.gradle/caches/transforms-3/dcac8580948742d9679b4cc476009a8c/transformed/jetified-profileinstaller-1.3.1/AndroidManifest.xml:41:25-88
90            </intent-filter>
91            <intent-filter>
91-->[androidx.profileinstaller:profileinstaller:1.3.1] /home/runner/.gradle/caches/transforms-3/dcac8580948742d9679b4cc476009a8c/transformed/jetified-profileinstaller-1.3.1/AndroidManifest.xml:43:13-45:29
92                <action android:name="androidx.profileinstaller.action.SKIP_FILE" />
92-->[androidx.profileinstaller:profileinstaller:1.3.1] /home/runner/.gradle/caches/transforms-3/dcac8580948742d9679b4cc476009a8c/transformed/jetified-profileinstaller-1.3.1/AndroidManifest.xml:44:17-85
92-->[androidx.profileinstaller:profileinstaller:1.3.1] /home/runner/.gradle/caches/transforms-3/dcac8580948742d9679b4cc476009a8c/transformed/jetified-profileinstaller-1.3.1/AndroidManifest.xml:44:25-82
93            </intent-filter>
94            <intent-filter>
94-->[androidx.profileinstaller:profileinstaller:1.3.1] /home/runner/.gradle/caches/transforms-3/dcac8580948742d9679b4cc476009a8c/transformed/jetified-profileinstaller-1.3.1/AndroidManifest.xml:46:13-48:29
95                <action android:name="androidx.profileinstaller.action.SAVE_PROFILE" />
95-->[androidx.profileinstaller:profileinstaller:1.3.1] /home/runner/.gradle/caches/transforms-3/dcac8580948742d9679b4cc476009a8c/transformed/jetified-profileinstaller-1.3.1/AndroidManifest.xml:47:17-88
95-->[androidx.profileinstaller:profileinstaller:1.3.1] /home/runner/.gradle/caches/transforms-3/dcac8580948742d9679b4cc476009a8c/transformed/jetified-profileinstaller-1.3.1/AndroidManifest.xml:47:25-85
96            </intent-filter>
97            <intent-filter>
97-->[androidx.profileinstaller:profileinstaller:1.3.1] /home/runner/.gradle/caches/transforms-3/dcac8580948742d9679b4cc476009a8c/transformed/jetified-profileinstaller-1.3.1/AndroidManifest.xml:49:13-51:29
98                <action android:name="androidx.profileinstaller.action.BENCHMARK_OPERATION" />
98-->[androidx.profileinstaller:profileinstaller:1.3.1] /home/runner/.gradle/caches/transforms-3/dcac8580948742d9679b4cc476009a8c/transformed/jetified-profileinstaller-1.3.1/AndroidManifest.xml:50:17-95
98-->[androidx.profileinstaller:profileinstaller:1.3.1] /home/runner/.gradle/caches/transforms-3/dcac8580948742d9679b4cc476009a8c/transformed/jetified-profileinstaller-1.3.1/AndroidManifest.xml:50:25-92
99            </intent-filter>
100        </receiver>
101    </application>
102
103</manifest>

Merged manifest saved to /home/runner/work/vcg-lang/vcg-lang/editor/android/app/build/intermediates/merged_manifest/debug/AndroidManifest.xml
Watching 167 directories to track changes
Watching 168 directories to track changes
Watching 169 directories to track changes
Resolve mutations for :app:dataBindingGenBaseClassesDebug (Thread[Execution worker Thread 3,5,main]) started.
:app:dataBindingGenBaseClassesDebug (Thread[Execution worker Thread 3,5,main]) started.

> Task :app:dataBindingGenBaseClassesDebug
Watching 170 directories to track changes
Watching 171 directories to track changes
Watching 172 directories to track changes
Transforming viewbinding-8.2.2.aar (androidx.databinding:viewbinding:8.2.2) with JetifyTransform
Transforming viewbinding-8.2.2.aar (androidx.databinding:viewbinding:8.2.2) with ExtractAarTransform
Transforming viewbinding-8.2.2.aar (androidx.databinding:viewbinding:8.2.2) with LibrarySymbolTableTransform
Transforming material-1.12.0.aar (com.google.android.material:material:1.12.0) with JetifyTransform
Transforming material-1.12.0.aar (com.google.android.material:material:1.12.0) with ExtractAarTransform
Transforming material-1.12.0.aar (com.google.android.material:material:1.12.0) with LibrarySymbolTableTransform
Transforming constraintlayout-2.1.4.aar (androidx.constraintlayout:constraintlayout:2.1.4) with JetifyTransform
Transforming constraintlayout-2.1.4.aar (androidx.constraintlayout:constraintlayout:2.1.4) with ExtractAarTransform
Transforming constraintlayout-2.1.4.aar (androidx.constraintlayout:constraintlayout:2.1.4) with LibrarySymbolTableTransform
Caching disabled for LibrarySymbolTableTransform: /home/runner/.gradle/caches/transforms-3/1879d540724927de8171de7ca34e5ef8/transformed/jetified-viewbinding-8.2.2 because:
  Build cache is disabled
Skipping LibrarySymbolTableTransform: /home/runner/.gradle/caches/transforms-3/1879d540724927de8171de7ca34e5ef8/transformed/jetified-viewbinding-8.2.2 as it is up-to-date.
Transforming appcompat-resources-1.7.0.aar (androidx.appcompat:appcompat-resources:1.7.0) with JetifyTransform
Transforming appcompat-resources-1.7.0.aar (androidx.appcompat:appcompat-resources:1.7.0) with ExtractAarTransform
Transforming appcompat-resources-1.7.0.aar (androidx.appcompat:appcompat-resources:1.7.0) with LibrarySymbolTableTransform
Transforming appcompat-1.7.0.aar (androidx.appcompat:appcompat:1.7.0) with JetifyTransform
Transforming appcompat-1.7.0.aar (androidx.appcompat:appcompat:1.7.0) with ExtractAarTransform
Transforming appcompat-1.7.0.aar (androidx.appcompat:appcompat:1.7.0) with LibrarySymbolTableTransform
Transforming viewpager2-1.1.0-beta02.aar (androidx.viewpager2:viewpager2:1.1.0-beta02) with JetifyTransform
Transforming viewpager2-1.1.0-beta02.aar (androidx.viewpager2:viewpager2:1.1.0-beta02) with ExtractAarTransform
Transforming viewpager2-1.1.0-beta02.aar (androidx.viewpager2:viewpager2:1.1.0-beta02) with LibrarySymbolTableTransform
Transforming recyclerview-1.3.2.aar (androidx.recyclerview:recyclerview:1.3.2) with JetifyTransform
Transforming recyclerview-1.3.2.aar (androidx.recyclerview:recyclerview:1.3.2) with ExtractAarTransform
Transforming recyclerview-1.3.2.aar (androidx.recyclerview:recyclerview:1.3.2) with LibrarySymbolTableTransform
Transforming cardview-1.0.0.aar (androidx.cardview:cardview:1.0.0) with JetifyTransform
Transforming cardview-1.0.0.aar (androidx.cardview:cardview:1.0.0) with ExtractAarTransform
Transforming cardview-1.0.0.aar (androidx.cardview:cardview:1.0.0) with LibrarySymbolTableTransform
Transforming emoji2-views-helper-1.3.0.aar (androidx.emoji2:emoji2-views-helper:1.3.0) with JetifyTransform
Transforming emoji2-views-helper-1.3.0.aar (androidx.emoji2:emoji2-views-helper:1.3.0) with ExtractAarTransform
Transforming emoji2-views-helper-1.3.0.aar (androidx.emoji2:emoji2-views-helper:1.3.0) with LibrarySymbolTableTransform
Transforming emoji2-1.3.0.aar (androidx.emoji2:emoji2:1.3.0) with JetifyTransform
Transforming emoji2-1.3.0.aar (androidx.emoji2:emoji2:1.3.0) with ExtractAarTransform
Transforming emoji2-1.3.0.aar (androidx.emoji2:emoji2:1.3.0) with LibrarySymbolTableTransform
Transforming fragment-1.5.4.aar (androidx.fragment:fragment:1.5.4) with JetifyTransform
Transforming fragment-1.5.4.aar (androidx.fragment:fragment:1.5.4) with ExtractAarTransform
Transforming fragment-1.5.4.aar (androidx.fragment:fragment:1.5.4) with LibrarySymbolTableTransform
Transforming activity-1.8.0.aar (androidx.activity:activity:1.8.0) with JetifyTransform
Transforming activity-1.8.0.aar (androidx.activity:activity:1.8.0) with ExtractAarTransform
Transforming activity-1.8.0.aar (androidx.activity:activity:1.8.0) with LibrarySymbolTableTransform
Transforming drawerlayout-1.1.1.aar (androidx.drawerlayout:drawerlayout:1.1.1) with JetifyTransform
Transforming drawerlayout-1.1.1.aar (androidx.drawerlayout:drawerlayout:1.1.1) with ExtractAarTransform
Transforming drawerlayout-1.1.1.aar (androidx.drawerlayout:drawerlayout:1.1.1) with LibrarySymbolTableTransform
Transforming coordinatorlayout-1.1.0.aar (androidx.coordinatorlayout:coordinatorlayout:1.1.0) with JetifyTransform
Transforming coordinatorlayout-1.1.0.aar (androidx.coordinatorlayout:coordinatorlayout:1.1.0) with ExtractAarTransform
Transforming coordinatorlayout-1.1.0.aar (androidx.coordinatorlayout:coordinatorlayout:1.1.0) with LibrarySymbolTableTransform
Transforming transition-1.5.0.aar (androidx.transition:transition:1.5.0) with JetifyTransform
Transforming transition-1.5.0.aar (androidx.transition:transition:1.5.0) with ExtractAarTransform
Transforming transition-1.5.0.aar (androidx.transition:transition:1.5.0) with LibrarySymbolTableTransform
Transforming dynamicanimation-1.0.0.aar (androidx.dynamicanimation:dynamicanimation:1.0.0) with JetifyTransform
Transforming dynamicanimation-1.0.0.aar (androidx.dynamicanimation:dynamicanimation:1.0.0) with ExtractAarTransform
Transforming dynamicanimation-1.0.0.aar (androidx.dynamicanimation:dynamicanimation:1.0.0) with LibrarySymbolTableTransform
Transforming vectordrawable-animated-1.1.0.aar (androidx.vectordrawable:vectordrawable-animated:1.1.0) with JetifyTransform
Transforming vectordrawable-animated-1.1.0.aar (androidx.vectordrawable:vectordrawable-animated:1.1.0) with ExtractAarTransform
Transforming vectordrawable-animated-1.1.0.aar (androidx.vectordrawable:vectordrawable-animated:1.1.0) with LibrarySymbolTableTransform
Transforming vectordrawable-1.1.0.aar (androidx.vectordrawable:vectordrawable:1.1.0) with JetifyTransform
Transforming vectordrawable-1.1.0.aar (androidx.vectordrawable:vectordrawable:1.1.0) with ExtractAarTransform
Transforming vectordrawable-1.1.0.aar (androidx.vectordrawable:vectordrawable:1.1.0) with LibrarySymbolTableTransform
Transforming vectordrawable-1.1.0.aar (androidx.vectordrawable:vectordrawable:1.1.0) with JetifyTransform
Transforming vectordrawable-1.1.0.aar (androidx.vectordrawable:vectordrawable:1.1.0) with ExtractAarTransform
Transforming vectordrawable-1.1.0.aar (androidx.vectordrawable:vectordrawable:1.1.0) with LibrarySymbolTableTransform
Transforming customview-poolingcontainer-1.0.0.aar (androidx.customview:customview-poolingcontainer:1.0.0) with JetifyTransform
Transforming customview-poolingcontainer-1.0.0.aar (androidx.customview:customview-poolingcontainer:1.0.0) with ExtractAarTransform
Transforming customview-poolingcontainer-1.0.0.aar (androidx.customview:customview-poolingcontainer:1.0.0) with LibrarySymbolTableTransform
Transforming savedstate-1.2.1.aar (androidx.savedstate:savedstate:1.2.1) with JetifyTransform
Transforming savedstate-1.2.1.aar (androidx.savedstate:savedstate:1.2.1) with ExtractAarTransform
Transforming savedstate-1.2.1.aar (androidx.savedstate:savedstate:1.2.1) with LibrarySymbolTableTransform
Transforming legacy-support-core-utils-1.0.0.aar (androidx.legacy:legacy-support-core-utils:1.0.0) with JetifyTransform
Transforming legacy-support-core-utils-1.0.0.aar (androidx.legacy:legacy-support-core-utils:1.0.0) with ExtractAarTransform
Transforming legacy-support-core-utils-1.0.0.aar (androidx.legacy:legacy-support-core-utils:1.0.0) with LibrarySymbolTableTransform
Transforming loader-1.0.0.aar (androidx.loader:loader:1.0.0) with JetifyTransform
Transforming loader-1.0.0.aar (androidx.loader:loader:1.0.0) with ExtractAarTransform
Transforming loader-1.0.0.aar (androidx.loader:loader:1.0.0) with LibrarySymbolTableTransform
Transforming loader-1.0.0.aar (androidx.loader:loader:1.0.0) with JetifyTransform
Transforming loader-1.0.0.aar (androidx.loader:loader:1.0.0) with ExtractAarTransform
Transforming loader-1.0.0.aar (androidx.loader:loader:1.0.0) with LibrarySymbolTableTransform
Transforming lifecycle-livedata-2.6.2.aar (androidx.lifecycle:lifecycle-livedata:2.6.2) with JetifyTransform
Transforming lifecycle-livedata-2.6.2.aar (androidx.lifecycle:lifecycle-livedata:2.6.2) with ExtractAarTransform
Transforming lifecycle-livedata-2.6.2.aar (androidx.lifecycle:lifecycle-livedata:2.6.2) with LibrarySymbolTableTransform
Transforming lifecycle-viewmodel-2.6.2.aar (androidx.lifecycle:lifecycle-viewmodel:2.6.2) with JetifyTransform
Transforming lifecycle-viewmodel-2.6.2.aar (androidx.lifecycle:lifecycle-viewmodel:2.6.2) with ExtractAarTransform
Transforming lifecycle-viewmodel-2.6.2.aar (androidx.lifecycle:lifecycle-viewmodel:2.6.2) with LibrarySymbolTableTransform
Transforming lifecycle-viewmodel-2.6.2.aar (androidx.lifecycle:lifecycle-viewmodel:2.6.2) with JetifyTransform
Transforming lifecycle-viewmodel-2.6.2.aar (androidx.lifecycle:lifecycle-viewmodel:2.6.2) with ExtractAarTransform
Transforming lifecycle-viewmodel-2.6.2.aar (androidx.lifecycle:lifecycle-viewmodel:2.6.2) with LibrarySymbolTableTransform
Transforming lifecycle-process-2.6.2.aar (androidx.lifecycle:lifecycle-process:2.6.2) with JetifyTransform
Transforming lifecycle-process-2.6.2.aar (androidx.lifecycle:lifecycle-process:2.6.2) with ExtractAarTransform
Transforming lifecycle-process-2.6.2.aar (androidx.lifecycle:lifecycle-process:2.6.2) with LibrarySymbolTableTransform
Transforming lifecycle-livedata-core-2.6.2.aar (androidx.lifecycle:lifecycle-livedata-core:2.6.2) with JetifyTransform
Transforming lifecycle-livedata-core-2.6.2.aar (androidx.lifecycle:lifecycle-livedata-core:2.6.2) with ExtractAarTransform
Transforming lifecycle-livedata-core-2.6.2.aar (androidx.lifecycle:lifecycle-livedata-core:2.6.2) with LibrarySymbolTableTransform
Transforming lifecycle-runtime-2.6.2.aar (androidx.lifecycle:lifecycle-runtime:2.6.2) with JetifyTransform
Transforming lifecycle-runtime-2.6.2.aar (androidx.lifecycle:lifecycle-runtime:2.6.2) with ExtractAarTransform
Transforming lifecycle-runtime-2.6.2.aar (androidx.lifecycle:lifecycle-runtime:2.6.2) with LibrarySymbolTableTransform
Transforming lifecycle-viewmodel-savedstate-2.6.2.aar (androidx.lifecycle:lifecycle-viewmodel-savedstate:2.6.2) with JetifyTransform
Transforming lifecycle-viewmodel-savedstate-2.6.2.aar (androidx.lifecycle:lifecycle-viewmodel-savedstate:2.6.2) with ExtractAarTransform
Transforming lifecycle-viewmodel-savedstate-2.6.2.aar (androidx.lifecycle:lifecycle-viewmodel-savedstate:2.6.2) with LibrarySymbolTableTransform
Transforming core-ktx-1.13.1.aar (androidx.core:core-ktx:1.13.1) with JetifyTransform
Transforming core-ktx-1.13.1.aar (androidx.core:core-ktx:1.13.1) with ExtractAarTransform
Transforming core-ktx-1.13.1.aar (androidx.core:core-ktx:1.13.1) with LibrarySymbolTableTransform
Transforming viewpager-1.0.0.aar (androidx.viewpager:viewpager:1.0.0) with JetifyTransform
Transforming viewpager-1.0.0.aar (androidx.viewpager:viewpager:1.0.0) with ExtractAarTransform
Transforming viewpager-1.0.0.aar (androidx.viewpager:viewpager:1.0.0) with LibrarySymbolTableTransform
Transforming customview-1.1.0.aar (androidx.customview:customview:1.1.0) with JetifyTransform
Transforming customview-1.1.0.aar (androidx.customview:customview:1.1.0) with ExtractAarTransform
Transforming customview-1.1.0.aar (androidx.customview:customview:1.1.0) with LibrarySymbolTableTransform
Transforming customview-1.1.0.aar (androidx.customview:customview:1.1.0) with JetifyTransform
Transforming customview-1.1.0.aar (androidx.customview:customview:1.1.0) with ExtractAarTransform
Transforming customview-1.1.0.aar (androidx.customview:customview:1.1.0) with LibrarySymbolTableTransform
Transforming customview-1.1.0.aar (androidx.customview:customview:1.1.0) with JetifyTransform
Transforming customview-1.1.0.aar (androidx.customview:customview:1.1.0) with ExtractAarTransform
Transforming customview-1.1.0.aar (androidx.customview:customview:1.1.0) with LibrarySymbolTableTransform
Transforming customview-1.1.0.aar (androidx.customview:customview:1.1.0) with JetifyTransform
Transforming customview-1.1.0.aar (androidx.customview:customview:1.1.0) with ExtractAarTransform
Transforming customview-1.1.0.aar (androidx.customview:customview:1.1.0) with LibrarySymbolTableTransform
Transforming core-1.13.1.aar (androidx.core:core:1.13.1) with JetifyTransform
Transforming core-1.13.1.aar (androidx.core:core:1.13.1) with ExtractAarTransform
Transforming core-1.13.1.aar (androidx.core:core:1.13.1) with LibrarySymbolTableTransform
Transforming core-1.13.1.aar (androidx.core:core:1.13.1) with JetifyTransform
Transforming core-1.13.1.aar (androidx.core:core:1.13.1) with ExtractAarTransform
Transforming core-1.13.1.aar (androidx.core:core:1.13.1) with LibrarySymbolTableTransform
Transforming core-1.13.1.aar (androidx.core:core:1.13.1) with JetifyTransform
Transforming core-1.13.1.aar (androidx.core:core:1.13.1) with ExtractAarTransform
Transforming core-1.13.1.aar (androidx.core:core:1.13.1) with LibrarySymbolTableTransform
Transforming core-1.13.1.aar (androidx.core:core:1.13.1) with JetifyTransform
Transforming core-1.13.1.aar (androidx.core:core:1.13.1) with ExtractAarTransform
Transforming core-1.13.1.aar (androidx.core:core:1.13.1) with LibrarySymbolTableTransform
Transforming core-1.13.1.aar (androidx.core:core:1.13.1) with JetifyTransform
Caching disabled for LibrarySymbolTableTransform: /home/runner/.gradle/caches/transforms-3/3e57dcd8b556ed36db83311191f6b3fb/transformed/material-1.12.0 because:
  Build cache is disabled
Transforming core-1.13.1.aar (androidx.core:core:1.13.1) with ExtractAarTransform
Transforming core-1.13.1.aar (androidx.core:core:1.13.1) with LibrarySymbolTableTransform
Skipping LibrarySymbolTableTransform: /home/runner/.gradle/caches/transforms-3/3e57dcd8b556ed36db83311191f6b3fb/transformed/material-1.12.0 as it is up-to-date.
Transforming core-1.13.1.aar (androidx.core:core:1.13.1) with JetifyTransform
Caching disabled for LibrarySymbolTableTransform: /home/runner/.gradle/caches/transforms-3/4986230a3613e9c8878387b9e002f926/transformed/constraintlayout-2.1.4 because:
  Build cache is disabled
Skipping LibrarySymbolTableTransform: /home/runner/.gradle/caches/transforms-3/4986230a3613e9c8878387b9e002f926/transformed/constraintlayout-2.1.4 as it is up-to-date.
Caching disabled for LibrarySymbolTableTransform: /home/runner/.gradle/caches/transforms-3/2c9e1932f079309d8c980731046895b1/transformed/jetified-appcompat-resources-1.7.0 because:
  Build cache is disabled
Skipping LibrarySymbolTableTransform: /home/runner/.gradle/caches/transforms-3/2c9e1932f079309d8c980731046895b1/transformed/jetified-appcompat-resources-1.7.0 as it is up-to-date.
Transforming core-1.13.1.aar (androidx.core:core:1.13.1) with ExtractAarTransform
Transforming core-1.13.1.aar (androidx.core:core:1.13.1) with LibrarySymbolTableTransform
Transforming core-1.13.1.aar (androidx.core:core:1.13.1) with JetifyTransform
Transforming core-1.13.1.aar (androidx.core:core:1.13.1) with ExtractAarTransform
Transforming core-1.13.1.aar (androidx.core:core:1.13.1) with LibrarySymbolTableTransform
Transforming core-1.13.1.aar (androidx.core:core:1.13.1) with JetifyTransform
Transforming core-1.13.1.aar (androidx.core:core:1.13.1) with ExtractAarTransform
Transforming core-1.13.1.aar (androidx.core:core:1.13.1) with LibrarySymbolTableTransform
Transforming core-1.13.1.aar (androidx.core:core:1.13.1) with JetifyTransform
Transforming core-1.13.1.aar (androidx.core:core:1.13.1) with ExtractAarTransform
Transforming core-1.13.1.aar (androidx.core:core:1.13.1) with LibrarySymbolTableTransform
Transforming cursoradapter-1.0.0.aar (androidx.cursoradapter:cursoradapter:1.0.0) with JetifyTransform
Transforming cursoradapter-1.0.0.aar (androidx.cursoradapter:cursoradapter:1.0.0) with ExtractAarTransform
Transforming cursoradapter-1.0.0.aar (androidx.cursoradapter:cursoradapter:1.0.0) with LibrarySymbolTableTransform
Transforming profileinstaller-1.3.1.aar (androidx.profileinstaller:profileinstaller:1.3.1) with JetifyTransform
Transforming profileinstaller-1.3.1.aar (androidx.profileinstaller:profileinstaller:1.3.1) with ExtractAarTransform
Transforming profileinstaller-1.3.1.aar (androidx.profileinstaller:profileinstaller:1.3.1) with LibrarySymbolTableTransform
Transforming interpolator-1.0.0.aar (androidx.interpolator:interpolator:1.0.0) with JetifyTransform
Transforming interpolator-1.0.0.aar (androidx.interpolator:interpolator:1.0.0) with ExtractAarTransform
Transforming interpolator-1.0.0.aar (androidx.interpolator:interpolator:1.0.0) with LibrarySymbolTableTransform
Transforming interpolator-1.0.0.aar (androidx.interpolator:interpolator:1.0.0) with JetifyTransform
Transforming interpolator-1.0.0.aar (androidx.interpolator:interpolator:1.0.0) with ExtractAarTransform
Transforming interpolator-1.0.0.aar (androidx.interpolator:interpolator:1.0.0) with LibrarySymbolTableTransform
Transforming versionedparcelable-1.1.1.aar (androidx.versionedparcelable:versionedparcelable:1.1.1) with JetifyTransform
Transforming versionedparcelable-1.1.1.aar (androidx.versionedparcelable:versionedparcelable:1.1.1) with ExtractAarTransform
Transforming versionedparcelable-1.1.1.aar (androidx.versionedparcelable:versionedparcelable:1.1.1) with LibrarySymbolTableTransform
Transforming startup-runtime-1.1.1.aar (androidx.startup:startup-runtime:1.1.1) with JetifyTransform
Transforming startup-runtime-1.1.1.aar (androidx.startup:startup-runtime:1.1.1) with ExtractAarTransform
Transforming startup-runtime-1.1.1.aar (androidx.startup:startup-runtime:1.1.1) with LibrarySymbolTableTransform
Transforming tracing-1.0.0.aar (androidx.tracing:tracing:1.0.0) with JetifyTransform
Transforming tracing-1.0.0.aar (androidx.tracing:tracing:1.0.0) with ExtractAarTransform
Transforming tracing-1.0.0.aar (androidx.tracing:tracing:1.0.0) with LibrarySymbolTableTransform
Transforming core-runtime-2.2.0.aar (androidx.arch.core:core-runtime:2.2.0) with JetifyTransform
Transforming core-runtime-2.2.0.aar (androidx.arch.core:core-runtime:2.2.0) with ExtractAarTransform
Transforming core-runtime-2.2.0.aar (androidx.arch.core:core-runtime:2.2.0) with LibrarySymbolTableTransform
Transforming documentfile-1.0.0.aar (androidx.documentfile:documentfile:1.0.0) with JetifyTransform
Transforming documentfile-1.0.0.aar (androidx.documentfile:documentfile:1.0.0) with ExtractAarTransform
Transforming documentfile-1.0.0.aar (androidx.documentfile:documentfile:1.0.0) with LibrarySymbolTableTransform
Transforming localbroadcastmanager-1.0.0.aar (androidx.localbroadcastmanager:localbroadcastmanager:1.0.0) with JetifyTransform
Transforming localbroadcastmanager-1.0.0.aar (androidx.localbroadcastmanager:localbroadcastmanager:1.0.0) with ExtractAarTransform
Transforming localbroadcastmanager-1.0.0.aar (androidx.localbroadcastmanager:localbroadcastmanager:1.0.0) with LibrarySymbolTableTransform
Transforming print-1.0.0.aar (androidx.print:print:1.0.0) with JetifyTransform
Caching disabled for LibrarySymbolTableTransform: /home/runner/.gradle/caches/transforms-3/74c0aa74c6cd0d99699e92401439d9bc/transformed/appcompat-1.7.0 because:
  Build cache is disabled
Transforming print-1.0.0.aar (androidx.print:print:1.0.0) with ExtractAarTransform
Skipping LibrarySymbolTableTransform: /home/runner/.gradle/caches/transforms-3/74c0aa74c6cd0d99699e92401439d9bc/transformed/appcompat-1.7.0 as it is up-to-date.
Transforming print-1.0.0.aar (androidx.print:print:1.0.0) with LibrarySymbolTableTransform
Transforming annotation-experimental-1.4.0.aar (androidx.annotation:annotation-experimental:1.4.0) with JetifyTransform
Transforming annotation-experimental-1.4.0.aar (androidx.annotation:annotation-experimental:1.4.0) with ExtractAarTransform
Caching disabled for LibrarySymbolTableTransform: /home/runner/.gradle/caches/transforms-3/713fa34b7934cd106f7af24b7c871473/transformed/jetified-viewpager2-1.1.0-beta02 because:
  Build cache is disabled
Skipping LibrarySymbolTableTransform: /home/runner/.gradle/caches/transforms-3/713fa34b7934cd106f7af24b7c871473/transformed/jetified-viewpager2-1.1.0-beta02 as it is up-to-date.
Transforming annotation-experimental-1.4.0.aar (androidx.annotation:annotation-experimental:1.4.0) with LibrarySymbolTableTransform
Caching disabled for LibrarySymbolTableTransform: /home/runner/.gradle/caches/transforms-3/4fe0dd632fb97ea5194ceec69f750c7c/transformed/recyclerview-1.3.2 because:
  Build cache is disabled
Skipping LibrarySymbolTableTransform: /home/runner/.gradle/caches/transforms-3/4fe0dd632fb97ea5194ceec69f750c7c/transformed/recyclerview-1.3.2 as it is up-to-date.
Caching disabled for LibrarySymbolTableTransform: /home/runner/.gradle/caches/transforms-3/1fd4c804b162fdb57cf438768b0cdaff/transformed/jetified-emoji2-views-helper-1.3.0 because:
  Build cache is disabled
Skipping LibrarySymbolTableTransform: /home/runner/.gradle/caches/transforms-3/1fd4c804b162fdb57cf438768b0cdaff/transformed/jetified-emoji2-views-helper-1.3.0 as it is up-to-date.
Caching disabled for LibrarySymbolTableTransform: /home/runner/.gradle/caches/transforms-3/1233487f8a8b2c105e4478097ec9c397/transformed/jetified-emoji2-1.3.0 because:
  Build cache is disabled
Skipping LibrarySymbolTableTransform: /home/runner/.gradle/caches/transforms-3/1233487f8a8b2c105e4478097ec9c397/transformed/jetified-emoji2-1.3.0 as it is up-to-date.
Caching disabled for LibrarySymbolTableTransform: /home/runner/.gradle/caches/transforms-3/82a5c5a65c7b536c87d9f811caae18d2/transformed/cardview-1.0.0 because:
  Build cache is disabled
Skipping LibrarySymbolTableTransform: /home/runner/.gradle/caches/transforms-3/82a5c5a65c7b536c87d9f811caae18d2/transformed/cardview-1.0.0 as it is up-to-date.
Caching disabled for LibrarySymbolTableTransform: /home/runner/.gradle/caches/transforms-3/4071c0e51b732894357072270238bfc4/transformed/fragment-1.5.4 because:
  Build cache is disabled
Skipping LibrarySymbolTableTransform: /home/runner/.gradle/caches/transforms-3/4071c0e51b732894357072270238bfc4/transformed/fragment-1.5.4 as it is up-to-date.
Caching disabled for LibrarySymbolTableTransform: /home/runner/.gradle/caches/transforms-3/4dd287c9e959375dcd5b85d1a2ea3286/transformed/coordinatorlayout-1.1.0 because:
  Build cache is disabled
Skipping LibrarySymbolTableTransform: /home/runner/.gradle/caches/transforms-3/4dd287c9e959375dcd5b85d1a2ea3286/transformed/coordinatorlayout-1.1.0 as it is up-to-date.
Caching disabled for LibrarySymbolTableTransform: /home/runner/.gradle/caches/transforms-3/1ecbce35e8912ca07f18fb6a2d44712b/transformed/dynamicanimation-1.0.0 because:
  Build cache is disabled
Skipping LibrarySymbolTableTransform: /home/runner/.gradle/caches/transforms-3/1ecbce35e8912ca07f18fb6a2d44712b/transformed/dynamicanimation-1.0.0 as it is up-to-date.
Caching disabled for LibrarySymbolTableTransform: /home/runner/.gradle/caches/transforms-3/3d0855e7a81c50c07154eb213257a7d0/transformed/transition-1.5.0 because:
  Build cache is disabled
Skipping LibrarySymbolTableTransform: /home/runner/.gradle/caches/transforms-3/3d0855e7a81c50c07154eb213257a7d0/transformed/transition-1.5.0 as it is up-to-date.
Caching disabled for LibrarySymbolTableTransform: /home/runner/.gradle/caches/transforms-3/c18aa4e6712d645d90f2edd74129037f/transformed/vectordrawable-animated-1.1.0 because:
  Build cache is disabled
Skipping LibrarySymbolTableTransform: /home/runner/.gradle/caches/transforms-3/c18aa4e6712d645d90f2edd74129037f/transformed/vectordrawable-animated-1.1.0 as it is up-to-date.
Caching disabled for LibrarySymbolTableTransform: /home/runner/.gradle/caches/transforms-3/44cca806ce7b0a80822ea1332ac9a47d/transformed/jetified-activity-1.8.0 because:
  Build cache is disabled
Skipping LibrarySymbolTableTransform: /home/runner/.gradle/caches/transforms-3/44cca806ce7b0a80822ea1332ac9a47d/transformed/jetified-activity-1.8.0 as it is up-to-date.
Caching disabled for LibrarySymbolTableTransform: /home/runner/.gradle/caches/transforms-3/ed3d2cbbd0b7adc69330f4f5d5203a98/transformed/drawerlayout-1.1.1 because:
  Build cache is disabled
Skipping LibrarySymbolTableTransform: /home/runner/.gradle/caches/transforms-3/ed3d2cbbd0b7adc69330f4f5d5203a98/transformed/drawerlayout-1.1.1 as it is up-to-date.
Caching disabled for LibrarySymbolTableTransform: /home/runner/.gradle/caches/transforms-3/702d14a0481cc6e84239a971f0bdc7de/transformed/vectordrawable-1.1.0 because:
  Build cache is disabled
Skipping LibrarySymbolTableTransform: /home/runner/.gradle/caches/transforms-3/702d14a0481cc6e84239a971f0bdc7de/transformed/vectordrawable-1.1.0 as it is up-to-date.
Caching disabled for LibrarySymbolTableTransform: /home/runner/.gradle/caches/transforms-3/f70414e7656dffaa563fcba9e5ff730b/transformed/jetified-customview-poolingcontainer-1.0.0 because:
  Build cache is disabled
Caching disabled for LibrarySymbolTableTransform: /home/runner/.gradle/caches/transforms-3/5c1b5b9a526a64418a8284af4df1eb4c/transformed/legacy-support-core-utils-1.0.0 because:
  Build cache is disabled
Skipping LibrarySymbolTableTransform: /home/runner/.gradle/caches/transforms-3/f70414e7656dffaa563fcba9e5ff730b/transformed/jetified-customview-poolingcontainer-1.0.0 as it is up-to-date.
Skipping LibrarySymbolTableTransform: /home/runner/.gradle/caches/transforms-3/5c1b5b9a526a64418a8284af4df1eb4c/transformed/legacy-support-core-utils-1.0.0 as it is up-to-date.
Caching disabled for LibrarySymbolTableTransform: /home/runner/.gradle/caches/transforms-3/6a9264e91d0ccd23be7ae30d89a364d7/transformed/loader-1.0.0 because:
  Build cache is disabled
Skipping LibrarySymbolTableTransform: /home/runner/.gradle/caches/transforms-3/6a9264e91d0ccd23be7ae30d89a364d7/transformed/loader-1.0.0 as it is up-to-date.
Caching disabled for LibrarySymbolTableTransform: /home/runner/.gradle/caches/transforms-3/8b48d9a1197a83570f6bb7952b8a480a/transformed/jetified-savedstate-1.2.1 because:
  Build cache is disabled
Skipping LibrarySymbolTableTransform: /home/runner/.gradle/caches/transforms-3/8b48d9a1197a83570f6bb7952b8a480a/transformed/jetified-savedstate-1.2.1 as it is up-to-date.
Caching disabled for LibrarySymbolTableTransform: /home/runner/.gradle/caches/transforms-3/624afa1baae8c07bfc048ad484610af6/transformed/lifecycle-livedata-2.6.2 because:
  Build cache is disabled
Skipping LibrarySymbolTableTransform: /home/runner/.gradle/caches/transforms-3/624afa1baae8c07bfc048ad484610af6/transformed/lifecycle-livedata-2.6.2 as it is up-to-date.
Caching disabled for LibrarySymbolTableTransform: /home/runner/.gradle/caches/transforms-3/a506b1e067453748ce849a5d1a931b4f/transformed/lifecycle-viewmodel-2.6.2 because:
  Build cache is disabled
Skipping LibrarySymbolTableTransform: /home/runner/.gradle/caches/transforms-3/a506b1e067453748ce849a5d1a931b4f/transformed/lifecycle-viewmodel-2.6.2 as it is up-to-date.
Caching disabled for LibrarySymbolTableTransform: /home/runner/.gradle/caches/transforms-3/ee63f22118ed27eb76e1f3c7f951274b/transformed/jetified-lifecycle-process-2.6.2 because:
  Build cache is disabled
Skipping LibrarySymbolTableTransform: /home/runner/.gradle/caches/transforms-3/ee63f22118ed27eb76e1f3c7f951274b/transformed/jetified-lifecycle-process-2.6.2 as it is up-to-date.
Caching disabled for LibrarySymbolTableTransform: /home/runner/.gradle/caches/transforms-3/a197f00907f8191fab772747b4069be9/transformed/lifecycle-livedata-core-2.6.2 because:
  Build cache is disabled
Skipping LibrarySymbolTableTransform: /home/runner/.gradle/caches/transforms-3/a197f00907f8191fab772747b4069be9/transformed/lifecycle-livedata-core-2.6.2 as it is up-to-date.
Caching disabled for LibrarySymbolTableTransform: /home/runner/.gradle/caches/transforms-3/b6a473a89888b3521ce2a8d540f5ca52/transformed/lifecycle-runtime-2.6.2 because:
  Build cache is disabled
Caching disabled for LibrarySymbolTableTransform: /home/runner/.gradle/caches/transforms-3/971e8374cd892e93232b043b81dff083/transformed/jetified-lifecycle-viewmodel-savedstate-2.6.2 because:
  Build cache is disabled
Caching disabled for LibrarySymbolTableTransform: /home/runner/.gradle/caches/transforms-3/6067425117552f8d4b6344907978c123/transformed/jetified-core-ktx-1.13.1 because:
  Build cache is disabled
Skipping LibrarySymbolTableTransform: /home/runner/.gradle/caches/transforms-3/971e8374cd892e93232b043b81dff083/transformed/jetified-lifecycle-viewmodel-savedstate-2.6.2 as it is up-to-date.
Skipping LibrarySymbolTableTransform: /home/runner/.gradle/caches/transforms-3/6067425117552f8d4b6344907978c123/transformed/jetified-core-ktx-1.13.1 as it is up-to-date.
Skipping LibrarySymbolTableTransform: /home/runner/.gradle/caches/transforms-3/b6a473a89888b3521ce2a8d540f5ca52/transformed/lifecycle-runtime-2.6.2 as it is up-to-date.
Caching disabled for LibrarySymbolTableTransform: /home/runner/.gradle/caches/transforms-3/762497eb291fa256c893d1902ec3b4ac/transformed/viewpager-1.0.0 because:
  Build cache is disabled
Skipping LibrarySymbolTableTransform: /home/runner/.gradle/caches/transforms-3/762497eb291fa256c893d1902ec3b4ac/transformed/viewpager-1.0.0 as it is up-to-date.
Caching disabled for LibrarySymbolTableTransform: /home/runner/.gradle/caches/transforms-3/459c47dff4ea0349f10e153b2dd57879/transformed/customview-1.1.0 because:
  Build cache is disabled
Skipping LibrarySymbolTableTransform: /home/runner/.gradle/caches/transforms-3/459c47dff4ea0349f10e153b2dd57879/transformed/customview-1.1.0 as it is up-to-date.
Caching disabled for LibrarySymbolTableTransform: /home/runner/.gradle/caches/transforms-3/11f0a53180ace0fffdd006f40bfc2008/transformed/core-1.13.1 because:
  Build cache is disabled
Skipping LibrarySymbolTableTransform: /home/runner/.gradle/caches/transforms-3/11f0a53180ace0fffdd006f40bfc2008/transformed/core-1.13.1 as it is up-to-date.
Caching disabled for LibrarySymbolTableTransform: /home/runner/.gradle/caches/transforms-3/dcac8580948742d9679b4cc476009a8c/transformed/jetified-profileinstaller-1.3.1 because:
  Build cache is disabled
Skipping LibrarySymbolTableTransform: /home/runner/.gradle/caches/transforms-3/dcac8580948742d9679b4cc476009a8c/transformed/jetified-profileinstaller-1.3.1 as it is up-to-date.
Caching disabled for LibrarySymbolTableTransform: /home/runner/.gradle/caches/transforms-3/f3b45a409efc9cd62f29ba84d5ea95cc/transformed/cursoradapter-1.0.0 because:
  Build cache is disabled
Caching disabled for LibrarySymbolTableTransform: /home/runner/.gradle/caches/transforms-3/6b9bb6a8c71662ca631e197a9e065197/transformed/interpolator-1.0.0 because:
  Build cache is disabled
Skipping LibrarySymbolTableTransform: /home/runner/.gradle/caches/transforms-3/f3b45a409efc9cd62f29ba84d5ea95cc/transformed/cursoradapter-1.0.0 as it is up-to-date.
Skipping LibrarySymbolTableTransform: /home/runner/.gradle/caches/transforms-3/6b9bb6a8c71662ca631e197a9e065197/transformed/interpolator-1.0.0 as it is up-to-date.
Caching disabled for LibrarySymbolTableTransform: /home/runner/.gradle/caches/transforms-3/0c857eaa378e1c798341155dbc28d9bd/transformed/versionedparcelable-1.1.1 because:
  Build cache is disabled
Skipping LibrarySymbolTableTransform: /home/runner/.gradle/caches/transforms-3/0c857eaa378e1c798341155dbc28d9bd/transformed/versionedparcelable-1.1.1 as it is up-to-date.
Caching disabled for LibrarySymbolTableTransform: /home/runner/.gradle/caches/transforms-3/ce160dbbfa3de34d01d231cdb832e663/transformed/jetified-tracing-1.0.0 because:
  Build cache is disabled
Skipping LibrarySymbolTableTransform: /home/runner/.gradle/caches/transforms-3/ce160dbbfa3de34d01d231cdb832e663/transformed/jetified-tracing-1.0.0 as it is up-to-date.
Caching disabled for LibrarySymbolTableTransform: /home/runner/.gradle/caches/transforms-3/f93fd9f7f264506b697bc40ed42a22df/transformed/documentfile-1.0.0 because:
  Build cache is disabled
Caching disabled for LibrarySymbolTableTransform: /home/runner/.gradle/caches/transforms-3/00e51715982b78af096ea2b29d7737a5/transformed/core-runtime-2.2.0 because:
  Build cache is disabled
Skipping LibrarySymbolTableTransform: /home/runner/.gradle/caches/transforms-3/f93fd9f7f264506b697bc40ed42a22df/transformed/documentfile-1.0.0 as it is up-to-date.
Skipping LibrarySymbolTableTransform: /home/runner/.gradle/caches/transforms-3/00e51715982b78af096ea2b29d7737a5/transformed/core-runtime-2.2.0 as it is up-to-date.
Caching disabled for LibrarySymbolTableTransform: /home/runner/.gradle/caches/transforms-3/74f1f93840a9c8a79ad563434633a795/transformed/localbroadcastmanager-1.0.0 because:
  Build cache is disabled
Caching disabled for LibrarySymbolTableTransform: /home/runner/.gradle/caches/transforms-3/929f9fa80841e5d7d97393a6896db7a1/transformed/jetified-startup-runtime-1.1.1 because:
  Build cache is disabled
Skipping LibrarySymbolTableTransform: /home/runner/.gradle/caches/transforms-3/74f1f93840a9c8a79ad563434633a795/transformed/localbroadcastmanager-1.0.0 as it is up-to-date.
Skipping LibrarySymbolTableTransform: /home/runner/.gradle/caches/transforms-3/929f9fa80841e5d7d97393a6896db7a1/transformed/jetified-startup-runtime-1.1.1 as it is up-to-date.
Caching disabled for LibrarySymbolTableTransform: /home/runner/.gradle/caches/transforms-3/de9d9b9757fdff3a4223c6aa6c8ab886/transformed/print-1.0.0 because:
  Build cache is disabled
Caching disabled for LibrarySymbolTableTransform: /home/runner/.gradle/caches/transforms-3/040541bbba9c66137e3b065555d548f5/transformed/jetified-annotation-experimental-1.4.0 because:
  Build cache is disabled
Skipping LibrarySymbolTableTransform: /home/runner/.gradle/caches/transforms-3/de9d9b9757fdff3a4223c6aa6c8ab886/transformed/print-1.0.0 as it is up-to-date.
Skipping LibrarySymbolTableTransform: /home/runner/.gradle/caches/transforms-3/040541bbba9c66137e3b065555d548f5/transformed/jetified-annotation-experimental-1.4.0 as it is up-to-date.
Transforming viewbinding-8.2.2.aar (androidx.databinding:viewbinding:8.2.2) with JetifyTransform
Transforming viewbinding-8.2.2.aar (androidx.databinding:viewbinding:8.2.2) with ExtractAarTransform
Transforming viewbinding-8.2.2.aar (androidx.databinding:viewbinding:8.2.2) with AarTransform
Transforming material-1.12.0.aar (com.google.android.material:material:1.12.0) with JetifyTransform
Transforming material-1.12.0.aar (com.google.android.material:material:1.12.0) with ExtractAarTransform
Transforming material-1.12.0.aar (com.google.android.material:material:1.12.0) with AarTransform
Transforming appcompat-resources-1.7.0.aar (androidx.appcompat:appcompat-resources:1.7.0) with JetifyTransform
Transforming appcompat-resources-1.7.0.aar (androidx.appcompat:appcompat-resources:1.7.0) with ExtractAarTransform
Transforming appcompat-resources-1.7.0.aar (androidx.appcompat:appcompat-resources:1.7.0) with AarTransform
Caching disabled for AarTransform: /home/runner/.gradle/caches/transforms-3/1879d540724927de8171de7ca34e5ef8/transformed/jetified-viewbinding-8.2.2 because:
  Build cache is disabled
Skipping AarTransform: /home/runner/.gradle/caches/transforms-3/1879d540724927de8171de7ca34e5ef8/transformed/jetified-viewbinding-8.2.2 as it is up-to-date.
Transforming appcompat-1.7.0.aar (androidx.appcompat:appcompat:1.7.0) with JetifyTransform
Transforming appcompat-1.7.0.aar (androidx.appcompat:appcompat:1.7.0) with ExtractAarTransform
Transforming appcompat-1.7.0.aar (androidx.appcompat:appcompat:1.7.0) with AarTransform
Transforming viewpager2-1.1.0-beta02.aar (androidx.viewpager2:viewpager2:1.1.0-beta02) with JetifyTransform
Transforming viewpager2-1.1.0-beta02.aar (androidx.viewpager2:viewpager2:1.1.0-beta02) with ExtractAarTransform
Transforming viewpager2-1.1.0-beta02.aar (androidx.viewpager2:viewpager2:1.1.0-beta02) with AarTransform
Transforming recyclerview-1.3.2.aar (androidx.recyclerview:recyclerview:1.3.2) with JetifyTransform
Transforming recyclerview-1.3.2.aar (androidx.recyclerview:recyclerview:1.3.2) with ExtractAarTransform
Transforming recyclerview-1.3.2.aar (androidx.recyclerview:recyclerview:1.3.2) with AarTransform
Transforming cardview-1.0.0.aar (androidx.cardview:cardview:1.0.0) with JetifyTransform
Caching disabled for AarTransform: /home/runner/.gradle/caches/transforms-3/3e57dcd8b556ed36db83311191f6b3fb/transformed/material-1.12.0 because:
  Build cache is disabled
Skipping AarTransform: /home/runner/.gradle/caches/transforms-3/3e57dcd8b556ed36db83311191f6b3fb/transformed/material-1.12.0 as it is up-to-date.
Transforming cardview-1.0.0.aar (androidx.cardview:cardview:1.0.0) with ExtractAarTransform
Transforming cardview-1.0.0.aar (androidx.cardview:cardview:1.0.0) with AarTransform
Transforming fragment-1.5.4.aar (androidx.fragment:fragment:1.5.4) with JetifyTransform
Transforming fragment-1.5.4.aar (androidx.fragment:fragment:1.5.4) with ExtractAarTransform
Transforming fragment-1.5.4.aar (androidx.fragment:fragment:1.5.4) with AarTransform
Transforming activity-1.8.0.aar (androidx.activity:activity:1.8.0) with JetifyTransform
Transforming activity-1.8.0.aar (androidx.activity:activity:1.8.0) with ExtractAarTransform
Transforming activity-1.8.0.aar (androidx.activity:activity:1.8.0) with AarTransform
Transforming drawerlayout-1.1.1.aar (androidx.drawerlayout:drawerlayout:1.1.1) with JetifyTransform
Transforming drawerlayout-1.1.1.aar (androidx.drawerlayout:drawerlayout:1.1.1) with ExtractAarTransform
Transforming drawerlayout-1.1.1.aar (androidx.drawerlayout:drawerlayout:1.1.1) with AarTransform
Transforming coordinatorlayout-1.1.0.aar (androidx.coordinatorlayout:coordinatorlayout:1.1.0) with JetifyTransform
Transforming coordinatorlayout-1.1.0.aar (androidx.coordinatorlayout:coordinatorlayout:1.1.0) with ExtractAarTransform
Transforming coordinatorlayout-1.1.0.aar (androidx.coordinatorlayout:coordinatorlayout:1.1.0) with AarTransform
Transforming dynamicanimation-1.0.0.aar (androidx.dynamicanimation:dynamicanimation:1.0.0) with JetifyTransform
Transforming dynamicanimation-1.0.0.aar (androidx.dynamicanimation:dynamicanimation:1.0.0) with ExtractAarTransform
Transforming dynamicanimation-1.0.0.aar (androidx.dynamicanimation:dynamicanimation:1.0.0) with AarTransform
Transforming transition-1.5.0.aar (androidx.transition:transition:1.5.0) with JetifyTransform
Transforming transition-1.5.0.aar (androidx.transition:transition:1.5.0) with ExtractAarTransform
Transforming transition-1.5.0.aar (androidx.transition:transition:1.5.0) with AarTransform
Transforming vectordrawable-animated-1.1.0.aar (androidx.vectordrawable:vectordrawable-animated:1.1.0) with JetifyTransform
Transforming vectordrawable-animated-1.1.0.aar (androidx.vectordrawable:vectordrawable-animated:1.1.0) with ExtractAarTransform
Transforming vectordrawable-animated-1.1.0.aar (androidx.vectordrawable:vectordrawable-animated:1.1.0) with AarTransform
Transforming vectordrawable-1.1.0.aar (androidx.vectordrawable:vectordrawable:1.1.0) with JetifyTransform
Transforming vectordrawable-1.1.0.aar (androidx.vectordrawable:vectordrawable:1.1.0) with ExtractAarTransform
Transforming vectordrawable-1.1.0.aar (androidx.vectordrawable:vectordrawable:1.1.0) with AarTransform
Transforming vectordrawable-1.1.0.aar (androidx.vectordrawable:vectordrawable:1.1.0) with JetifyTransform
Transforming vectordrawable-1.1.0.aar (androidx.vectordrawable:vectordrawable:1.1.0) with ExtractAarTransform
Transforming vectordrawable-1.1.0.aar (androidx.vectordrawable:vectordrawable:1.1.0) with AarTransform
Transforming viewpager-1.0.0.aar (androidx.viewpager:viewpager:1.0.0) with JetifyTransform
Transforming viewpager-1.0.0.aar (androidx.viewpager:viewpager:1.0.0) with ExtractAarTransform
Transforming viewpager-1.0.0.aar (androidx.viewpager:viewpager:1.0.0) with AarTransform
Transforming customview-1.1.0.aar (androidx.customview:customview:1.1.0) with JetifyTransform
Transforming customview-1.1.0.aar (androidx.customview:customview:1.1.0) with ExtractAarTransform
Transforming customview-1.1.0.aar (androidx.customview:customview:1.1.0) with AarTransform
Transforming customview-1.1.0.aar (androidx.customview:customview:1.1.0) with JetifyTransform
Transforming customview-1.1.0.aar (androidx.customview:customview:1.1.0) with ExtractAarTransform
Transforming customview-1.1.0.aar (androidx.customview:customview:1.1.0) with AarTransform
Caching disabled for AarTransform: /home/runner/.gradle/caches/transforms-3/713fa34b7934cd106f7af24b7c871473/transformed/jetified-viewpager2-1.1.0-beta02 because:
  Build cache is disabled
Transforming customview-1.1.0.aar (androidx.customview:customview:1.1.0) with JetifyTransform
Transforming customview-1.1.0.aar (androidx.customview:customview:1.1.0) with ExtractAarTransform
Transforming customview-1.1.0.aar (androidx.customview:customview:1.1.0) with AarTransform
Transforming customview-1.1.0.aar (androidx.customview:customview:1.1.0) with JetifyTransform
Transforming customview-1.1.0.aar (androidx.customview:customview:1.1.0) with ExtractAarTransform
Transforming customview-1.1.0.aar (androidx.customview:customview:1.1.0) with AarTransform
Transforming legacy-support-core-utils-1.0.0.aar (androidx.legacy:legacy-support-core-utils:1.0.0) with JetifyTransform
Transforming legacy-support-core-utils-1.0.0.aar (androidx.legacy:legacy-support-core-utils:1.0.0) with ExtractAarTransform
Transforming legacy-support-core-utils-1.0.0.aar (androidx.legacy:legacy-support-core-utils:1.0.0) with AarTransform
Transforming loader-1.0.0.aar (androidx.loader:loader:1.0.0) with JetifyTransform
Transforming loader-1.0.0.aar (androidx.loader:loader:1.0.0) with ExtractAarTransform
Transforming loader-1.0.0.aar (androidx.loader:loader:1.0.0) with AarTransform
Transforming loader-1.0.0.aar (androidx.loader:loader:1.0.0) with JetifyTransform
Transforming loader-1.0.0.aar (androidx.loader:loader:1.0.0) with ExtractAarTransform
Caching disabled for AarTransform: /home/runner/.gradle/caches/transforms-3/2c9e1932f079309d8c980731046895b1/transformed/jetified-appcompat-resources-1.7.0 because:
  Build cache is disabled
Skipping AarTransform: /home/runner/.gradle/caches/transforms-3/2c9e1932f079309d8c980731046895b1/transformed/jetified-appcompat-resources-1.7.0 as it is up-to-date.
Skipping AarTransform: /home/runner/.gradle/caches/transforms-3/713fa34b7934cd106f7af24b7c871473/transformed/jetified-viewpager2-1.1.0-beta02 as it is up-to-date.
Transforming loader-1.0.0.aar (androidx.loader:loader:1.0.0) with AarTransform
Caching disabled for AarTransform: /home/runner/.gradle/caches/transforms-3/74c0aa74c6cd0d99699e92401439d9bc/transformed/appcompat-1.7.0 because:
  Build cache is disabled
Skipping AarTransform: /home/runner/.gradle/caches/transforms-3/74c0aa74c6cd0d99699e92401439d9bc/transformed/appcompat-1.7.0 as it is up-to-date.
Transforming lifecycle-livedata-2.6.2.aar (androidx.lifecycle:lifecycle-livedata:2.6.2) with JetifyTransform
Caching disabled for AarTransform: /home/runner/.gradle/caches/transforms-3/4fe0dd632fb97ea5194ceec69f750c7c/transformed/recyclerview-1.3.2 because:
  Build cache is disabled
Transforming lifecycle-livedata-2.6.2.aar (androidx.lifecycle:lifecycle-livedata:2.6.2) with ExtractAarTransform
Skipping AarTransform: /home/runner/.gradle/caches/transforms-3/4fe0dd632fb97ea5194ceec69f750c7c/transformed/recyclerview-1.3.2 as it is up-to-date.
Transforming lifecycle-livedata-2.6.2.aar (androidx.lifecycle:lifecycle-livedata:2.6.2) with AarTransform
Caching disabled for AarTransform: /home/runner/.gradle/caches/transforms-3/4071c0e51b732894357072270238bfc4/transformed/fragment-1.5.4 because:
  Build cache is disabled
Skipping AarTransform: /home/runner/.gradle/caches/transforms-3/4071c0e51b732894357072270238bfc4/transformed/fragment-1.5.4 as it is up-to-date.
Transforming lifecycle-livedata-core-2.6.2.aar (androidx.lifecycle:lifecycle-livedata-core:2.6.2) with JetifyTransform
Caching disabled for AarTransform: /home/runner/.gradle/caches/transforms-3/44cca806ce7b0a80822ea1332ac9a47d/transformed/jetified-activity-1.8.0 because:
  Build cache is disabled
Transforming lifecycle-livedata-core-2.6.2.aar (androidx.lifecycle:lifecycle-livedata-core:2.6.2) with ExtractAarTransform
Transforming lifecycle-livedata-core-2.6.2.aar (androidx.lifecycle:lifecycle-livedata-core:2.6.2) with AarTransform
Caching disabled for AarTransform: /home/runner/.gradle/caches/transforms-3/82a5c5a65c7b536c87d9f811caae18d2/transformed/cardview-1.0.0 because:
  Build cache is disabled
Skipping AarTransform: /home/runner/.gradle/caches/transforms-3/44cca806ce7b0a80822ea1332ac9a47d/transformed/jetified-activity-1.8.0 as it is up-to-date.
Transforming lifecycle-viewmodel-2.6.2.aar (androidx.lifecycle:lifecycle-viewmodel:2.6.2) with JetifyTransform
Skipping AarTransform: /home/runner/.gradle/caches/transforms-3/82a5c5a65c7b536c87d9f811caae18d2/transformed/cardview-1.0.0 as it is up-to-date.
Transforming lifecycle-viewmodel-2.6.2.aar (androidx.lifecycle:lifecycle-viewmodel:2.6.2) with ExtractAarTransform
Transforming lifecycle-viewmodel-2.6.2.aar (androidx.lifecycle:lifecycle-viewmodel:2.6.2) with AarTransform
Transforming lifecycle-viewmodel-2.6.2.aar (androidx.lifecycle:lifecycle-viewmodel:2.6.2) with JetifyTransform
Transforming lifecycle-viewmodel-2.6.2.aar (androidx.lifecycle:lifecycle-viewmodel:2.6.2) with ExtractAarTransform
Transforming lifecycle-viewmodel-2.6.2.aar (androidx.lifecycle:lifecycle-viewmodel:2.6.2) with AarTransform
Transforming lifecycle-runtime-2.6.2.aar (androidx.lifecycle:lifecycle-runtime:2.6.2) with JetifyTransform
Transforming lifecycle-runtime-2.6.2.aar (androidx.lifecycle:lifecycle-runtime:2.6.2) with ExtractAarTransform
Transforming lifecycle-runtime-2.6.2.aar (androidx.lifecycle:lifecycle-runtime:2.6.2) with AarTransform
Transforming lifecycle-viewmodel-savedstate-2.6.2.aar (androidx.lifecycle:lifecycle-viewmodel-savedstate:2.6.2) with JetifyTransform
Transforming lifecycle-viewmodel-savedstate-2.6.2.aar (androidx.lifecycle:lifecycle-viewmodel-savedstate:2.6.2) with ExtractAarTransform
Transforming lifecycle-viewmodel-savedstate-2.6.2.aar (androidx.lifecycle:lifecycle-viewmodel-savedstate:2.6.2) with AarTransform
Transforming core-ktx-1.13.1.aar (androidx.core:core-ktx:1.13.1) with JetifyTransform
Transforming core-ktx-1.13.1.aar (androidx.core:core-ktx:1.13.1) with ExtractAarTransform
Transforming core-ktx-1.13.1.aar (androidx.core:core-ktx:1.13.1) with AarTransform
Caching disabled for AarTransform: /home/runner/.gradle/caches/transforms-3/1ecbce35e8912ca07f18fb6a2d44712b/transformed/dynamicanimation-1.0.0 because:
  Build cache is disabled
Caching disabled for AarTransform: /home/runner/.gradle/caches/transforms-3/4dd287c9e959375dcd5b85d1a2ea3286/transformed/coordinatorlayout-1.1.0 because:
  Build cache is disabled
Skipping AarTransform: /home/runner/.gradle/caches/transforms-3/1ecbce35e8912ca07f18fb6a2d44712b/transformed/dynamicanimation-1.0.0 as it is up-to-date.
Skipping AarTransform: /home/runner/.gradle/caches/transforms-3/4dd287c9e959375dcd5b85d1a2ea3286/transformed/coordinatorlayout-1.1.0 as it is up-to-date.
Transforming core-1.13.1.aar (androidx.core:core:1.13.1) with JetifyTransform
Caching disabled for AarTransform: /home/runner/.gradle/caches/transforms-3/ed3d2cbbd0b7adc69330f4f5d5203a98/transformed/drawerlayout-1.1.1 because:
  Build cache is disabled
Skipping AarTransform: /home/runner/.gradle/caches/transforms-3/ed3d2cbbd0b7adc69330f4f5d5203a98/transformed/drawerlayout-1.1.1 as it is up-to-date.
Transforming core-1.13.1.aar (androidx.core:core:1.13.1) with ExtractAarTransform
Transforming core-1.13.1.aar (androidx.core:core:1.13.1) with AarTransform
Transforming core-1.13.1.aar (androidx.core:core:1.13.1) with JetifyTransform
Transforming core-1.13.1.aar (androidx.core:core:1.13.1) with ExtractAarTransform
Transforming core-1.13.1.aar (androidx.core:core:1.13.1) with AarTransform
Transforming core-1.13.1.aar (androidx.core:core:1.13.1) with JetifyTransform
Transforming core-1.13.1.aar (androidx.core:core:1.13.1) with ExtractAarTransform
Transforming core-1.13.1.aar (androidx.core:core:1.13.1) with AarTransform
Transforming core-1.13.1.aar (androidx.core:core:1.13.1) with JetifyTransform
Transforming core-1.13.1.aar (androidx.core:core:1.13.1) with ExtractAarTransform
Transforming core-1.13.1.aar (androidx.core:core:1.13.1) with AarTransform
Transforming core-1.13.1.aar (androidx.core:core:1.13.1) with JetifyTransform
Transforming core-1.13.1.aar (androidx.core:core:1.13.1) with ExtractAarTransform
Transforming core-1.13.1.aar (androidx.core:core:1.13.1) with AarTransform
Transforming core-1.13.1.aar (androidx.core:core:1.13.1) with JetifyTransform
Transforming core-1.13.1.aar (androidx.core:core:1.13.1) with ExtractAarTransform
Transforming core-1.13.1.aar (androidx.core:core:1.13.1) with AarTransform
Transforming core-1.13.1.aar (androidx.core:core:1.13.1) with JetifyTransform
Transforming core-1.13.1.aar (androidx.core:core:1.13.1) with ExtractAarTransform
Transforming core-1.13.1.aar (androidx.core:core:1.13.1) with AarTransform
Transforming core-1.13.1.aar (androidx.core:core:1.13.1) with JetifyTransform
Transforming core-1.13.1.aar (androidx.core:core:1.13.1) with ExtractAarTransform
Transforming core-1.13.1.aar (androidx.core:core:1.13.1) with AarTransform
Transforming core-1.13.1.aar (androidx.core:core:1.13.1) with JetifyTransform
Transforming core-1.13.1.aar (androidx.core:core:1.13.1) with ExtractAarTransform
Transforming core-1.13.1.aar (androidx.core:core:1.13.1) with AarTransform
Transforming cursoradapter-1.0.0.aar (androidx.cursoradapter:cursoradapter:1.0.0) with JetifyTransform
Transforming cursoradapter-1.0.0.aar (androidx.cursoradapter:cursoradapter:1.0.0) with ExtractAarTransform
Transforming cursoradapter-1.0.0.aar (androidx.cursoradapter:cursoradapter:1.0.0) with AarTransform
Transforming savedstate-1.2.1.aar (androidx.savedstate:savedstate:1.2.1) with JetifyTransform
Transforming savedstate-1.2.1.aar (androidx.savedstate:savedstate:1.2.1) with ExtractAarTransform
Transforming savedstate-1.2.1.aar (androidx.savedstate:savedstate:1.2.1) with AarTransform
Transforming versionedparcelable-1.1.1.aar (androidx.versionedparcelable:versionedparcelable:1.1.1) with JetifyTransform
Transforming versionedparcelable-1.1.1.aar (androidx.versionedparcelable:versionedparcelable:1.1.1) with ExtractAarTransform
Transforming versionedparcelable-1.1.1.aar (androidx.versionedparcelable:versionedparcelable:1.1.1) with AarTransform
Transforming core-runtime-2.2.0.aar (androidx.arch.core:core-runtime:2.2.0) with JetifyTransform
Transforming core-runtime-2.2.0.aar (androidx.arch.core:core-runtime:2.2.0) with ExtractAarTransform
Transforming core-runtime-2.2.0.aar (androidx.arch.core:core-runtime:2.2.0) with AarTransform
Transforming interpolator-1.0.0.aar (androidx.interpolator:interpolator:1.0.0) with JetifyTransform
Transforming interpolator-1.0.0.aar (androidx.interpolator:interpolator:1.0.0) with ExtractAarTransform
Transforming interpolator-1.0.0.aar (androidx.interpolator:interpolator:1.0.0) with AarTransform
Transforming documentfile-1.0.0.aar (androidx.documentfile:documentfile:1.0.0) with JetifyTransform
Transforming documentfile-1.0.0.aar (androidx.documentfile:documentfile:1.0.0) with ExtractAarTransform
Transforming documentfile-1.0.0.aar (androidx.documentfile:documentfile:1.0.0) with AarTransform
Caching disabled for AarTransform: /home/runner/.gradle/caches/transforms-3/3d0855e7a81c50c07154eb213257a7d0/transformed/transition-1.5.0 because:
  Build cache is disabled
Caching disabled for AarTransform: /home/runner/.gradle/caches/transforms-3/702d14a0481cc6e84239a971f0bdc7de/transformed/vectordrawable-1.1.0 because:
  Build cache is disabled
Skipping AarTransform: /home/runner/.gradle/caches/transforms-3/3d0855e7a81c50c07154eb213257a7d0/transformed/transition-1.5.0 as it is up-to-date.
Skipping AarTransform: /home/runner/.gradle/caches/transforms-3/702d14a0481cc6e84239a971f0bdc7de/transformed/vectordrawable-1.1.0 as it is up-to-date.
Caching disabled for AarTransform: /home/runner/.gradle/caches/transforms-3/c18aa4e6712d645d90f2edd74129037f/transformed/vectordrawable-animated-1.1.0 because:
  Build cache is disabled
Skipping AarTransform: /home/runner/.gradle/caches/transforms-3/c18aa4e6712d645d90f2edd74129037f/transformed/vectordrawable-animated-1.1.0 as it is up-to-date.
Transforming localbroadcastmanager-1.0.0.aar (androidx.localbroadcastmanager:localbroadcastmanager:1.0.0) with JetifyTransform
Transforming localbroadcastmanager-1.0.0.aar (androidx.localbroadcastmanager:localbroadcastmanager:1.0.0) with ExtractAarTransform
Transforming localbroadcastmanager-1.0.0.aar (androidx.localbroadcastmanager:localbroadcastmanager:1.0.0) with AarTransform
Transforming print-1.0.0.aar (androidx.print:print:1.0.0) with JetifyTransform
Caching disabled for AarTransform: /home/runner/.gradle/caches/transforms-3/459c47dff4ea0349f10e153b2dd57879/transformed/customview-1.1.0 because:
  Build cache is disabled
Transforming print-1.0.0.aar (androidx.print:print:1.0.0) with ExtractAarTransform
Transforming print-1.0.0.aar (androidx.print:print:1.0.0) with AarTransform
Transforming annotation-experimental-1.4.0.aar (androidx.annotation:annotation-experimental:1.4.0) with JetifyTransform
Transforming annotation-experimental-1.4.0.aar (androidx.annotation:annotation-experimental:1.4.0) with ExtractAarTransform
Transforming annotation-experimental-1.4.0.aar (androidx.annotation:annotation-experimental:1.4.0) with AarTransform
Transforming constraintlayout-2.1.4.aar (androidx.constraintlayout:constraintlayout:2.1.4) with JetifyTransform
Transforming constraintlayout-2.1.4.aar (androidx.constraintlayout:constraintlayout:2.1.4) with ExtractAarTransform
Transforming constraintlayout-2.1.4.aar (androidx.constraintlayout:constraintlayout:2.1.4) with AarTransform
Caching disabled for AarTransform: /home/runner/.gradle/caches/transforms-3/762497eb291fa256c893d1902ec3b4ac/transformed/viewpager-1.0.0 because:
  Build cache is disabled
Skipping AarTransform: /home/runner/.gradle/caches/transforms-3/459c47dff4ea0349f10e153b2dd57879/transformed/customview-1.1.0 as it is up-to-date.
Skipping AarTransform: /home/runner/.gradle/caches/transforms-3/762497eb291fa256c893d1902ec3b4ac/transformed/viewpager-1.0.0 as it is up-to-date.
Caching disabled for AarTransform: /home/runner/.gradle/caches/transforms-3/5c1b5b9a526a64418a8284af4df1eb4c/transformed/legacy-support-core-utils-1.0.0 because:
  Build cache is disabled
Skipping AarTransform: /home/runner/.gradle/caches/transforms-3/5c1b5b9a526a64418a8284af4df1eb4c/transformed/legacy-support-core-utils-1.0.0 as it is up-to-date.
Caching disabled for AarTransform: /home/runner/.gradle/caches/transforms-3/624afa1baae8c07bfc048ad484610af6/transformed/lifecycle-livedata-2.6.2 because:
  Build cache is disabled
Caching disabled for AarTransform: /home/runner/.gradle/caches/transforms-3/6a9264e91d0ccd23be7ae30d89a364d7/transformed/loader-1.0.0 because:
  Build cache is disabled
Skipping AarTransform: /home/runner/.gradle/caches/transforms-3/624afa1baae8c07bfc048ad484610af6/transformed/lifecycle-livedata-2.6.2 as it is up-to-date.
Skipping AarTransform: /home/runner/.gradle/caches/transforms-3/6a9264e91d0ccd23be7ae30d89a364d7/transformed/loader-1.0.0 as it is up-to-date.
Caching disabled for AarTransform: /home/runner/.gradle/caches/transforms-3/a197f00907f8191fab772747b4069be9/transformed/lifecycle-livedata-core-2.6.2 because:
  Build cache is disabled
Skipping AarTransform: /home/runner/.gradle/caches/transforms-3/a197f00907f8191fab772747b4069be9/transformed/lifecycle-livedata-core-2.6.2 as it is up-to-date.
Caching disabled for AarTransform: /home/runner/.gradle/caches/transforms-3/a506b1e067453748ce849a5d1a931b4f/transformed/lifecycle-viewmodel-2.6.2 because:
  Build cache is disabled
Skipping AarTransform: /home/runner/.gradle/caches/transforms-3/a506b1e067453748ce849a5d1a931b4f/transformed/lifecycle-viewmodel-2.6.2 as it is up-to-date.
Caching disabled for AarTransform: /home/runner/.gradle/caches/transforms-3/b6a473a89888b3521ce2a8d540f5ca52/transformed/lifecycle-runtime-2.6.2 because:
  Build cache is disabled
Skipping AarTransform: /home/runner/.gradle/caches/transforms-3/b6a473a89888b3521ce2a8d540f5ca52/transformed/lifecycle-runtime-2.6.2 as it is up-to-date.
Caching disabled for AarTransform: /home/runner/.gradle/caches/transforms-3/11f0a53180ace0fffdd006f40bfc2008/transformed/core-1.13.1 because:
  Build cache is disabled
Skipping AarTransform: /home/runner/.gradle/caches/transforms-3/11f0a53180ace0fffdd006f40bfc2008/transformed/core-1.13.1 as it is up-to-date.
Caching disabled for AarTransform: /home/runner/.gradle/caches/transforms-3/f3b45a409efc9cd62f29ba84d5ea95cc/transformed/cursoradapter-1.0.0 because:
  Build cache is disabled
Skipping AarTransform: /home/runner/.gradle/caches/transforms-3/f3b45a409efc9cd62f29ba84d5ea95cc/transformed/cursoradapter-1.0.0 as it is up-to-date.
Caching disabled for AarTransform: /home/runner/.gradle/caches/transforms-3/971e8374cd892e93232b043b81dff083/transformed/jetified-lifecycle-viewmodel-savedstate-2.6.2 because:
  Build cache is disabled
Skipping AarTransform: /home/runner/.gradle/caches/transforms-3/971e8374cd892e93232b043b81dff083/transformed/jetified-lifecycle-viewmodel-savedstate-2.6.2 as it is up-to-date.
Caching disabled for AarTransform: /home/runner/.gradle/caches/transforms-3/6067425117552f8d4b6344907978c123/transformed/jetified-core-ktx-1.13.1 because:
  Build cache is disabled
Skipping AarTransform: /home/runner/.gradle/caches/transforms-3/6067425117552f8d4b6344907978c123/transformed/jetified-core-ktx-1.13.1 as it is up-to-date.
Caching disabled for AarTransform: /home/runner/.gradle/caches/transforms-3/8b48d9a1197a83570f6bb7952b8a480a/transformed/jetified-savedstate-1.2.1 because:
  Build cache is disabled
Skipping AarTransform: /home/runner/.gradle/caches/transforms-3/8b48d9a1197a83570f6bb7952b8a480a/transformed/jetified-savedstate-1.2.1 as it is up-to-date.
Caching disabled for AarTransform: /home/runner/.gradle/caches/transforms-3/0c857eaa378e1c798341155dbc28d9bd/transformed/versionedparcelable-1.1.1 because:
  Build cache is disabled
Skipping AarTransform: /home/runner/.gradle/caches/transforms-3/0c857eaa378e1c798341155dbc28d9bd/transformed/versionedparcelable-1.1.1 as it is up-to-date.
Caching disabled for AarTransform: /home/runner/.gradle/caches/transforms-3/f93fd9f7f264506b697bc40ed42a22df/transformed/documentfile-1.0.0 because:
  Build cache is disabled
Skipping AarTransform: /home/runner/.gradle/caches/transforms-3/f93fd9f7f264506b697bc40ed42a22df/transformed/documentfile-1.0.0 as it is up-to-date.
Caching disabled for AarTransform: /home/runner/.gradle/caches/transforms-3/00e51715982b78af096ea2b29d7737a5/transformed/core-runtime-2.2.0 because:
  Build cache is disabled
Skipping AarTransform: /home/runner/.gradle/caches/transforms-3/00e51715982b78af096ea2b29d7737a5/transformed/core-runtime-2.2.0 as it is up-to-date.
Caching disabled for AarTransform: /home/runner/.gradle/caches/transforms-3/74f1f93840a9c8a79ad563434633a795/transformed/localbroadcastmanager-1.0.0 because:
  Build cache is disabled
Skipping AarTransform: /home/runner/.gradle/caches/transforms-3/74f1f93840a9c8a79ad563434633a795/transformed/localbroadcastmanager-1.0.0 as it is up-to-date.
Caching disabled for AarTransform: /home/runner/.gradle/caches/transforms-3/040541bbba9c66137e3b065555d548f5/transformed/jetified-annotation-experimental-1.4.0 because:
  Build cache is disabled
Skipping AarTransform: /home/runner/.gradle/caches/transforms-3/040541bbba9c66137e3b065555d548f5/transformed/jetified-annotation-experimental-1.4.0 as it is up-to-date.
Caching disabled for AarTransform: /home/runner/.gradle/caches/transforms-3/de9d9b9757fdff3a4223c6aa6c8ab886/transformed/print-1.0.0 because:
  Build cache is disabled
Caching disabled for AarTransform: /home/runner/.gradle/caches/transforms-3/6b9bb6a8c71662ca631e197a9e065197/transformed/interpolator-1.0.0 because:
  Build cache is disabled
Skipping AarTransform: /home/runner/.gradle/caches/transforms-3/de9d9b9757fdff3a4223c6aa6c8ab886/transformed/print-1.0.0 as it is up-to-date.
Skipping AarTransform: /home/runner/.gradle/caches/transforms-3/6b9bb6a8c71662ca631e197a9e065197/transformed/interpolator-1.0.0 as it is up-to-date.
Caching disabled for AarTransform: /home/runner/.gradle/caches/transforms-3/4986230a3613e9c8878387b9e002f926/transformed/constraintlayout-2.1.4 because:
  Build cache is disabled
Skipping AarTransform: /home/runner/.gradle/caches/transforms-3/4986230a3613e9c8878387b9e002f926/transformed/constraintlayout-2.1.4 as it is up-to-date.
Caching disabled for task ':app:dataBindingGenBaseClassesDebug' because:
  Build cache is disabled
Task ':app:dataBindingGenBaseClassesDebug' is not up-to-date because:
  No history is available.
The input changes require a full rebuild for incremental task ':app:dataBindingGenBaseClassesDebug'.
Watching 171 directories to track changes
Watching 170 directories to track changes
Watching 169 directories to track changes
Watching 170 directories to track changes
Watching 171 directories to track changes
Watching 176 directories to track changes
Resolve mutations for :app:processDebugManifest (Thread[included builds,5,main]) started.
:app:processDebugManifest (Thread[included builds,5,main]) started.

> Task :app:processDebugManifest
Watching 177 directories to track changes
Caching disabled for task ':app:processDebugManifest' because:
  Build cache is disabled
Task ':app:processDebugManifest' is not up-to-date because:
  No history is available.
Watching 176 directories to track changes
Watching 177 directories to track changes
Resolve mutations for :app:processDebugManifestForPackage (Thread[included builds,5,main]) started.
:app:processDebugManifestForPackage (Thread[included builds,5,main]) started.
Resolve mutations for :app:mergeDebugShaders (Thread[Execution worker Thread 3,5,main]) started.
:app:mergeDebugShaders (Thread[Execution worker Thread 3,5,main]) started.

> Task :app:mergeDebugShaders
Watching 178 directories to track changes
Watching 178 directories to track changes
Watching 178 directories to track changes
Caching disabled for task ':app:mergeDebugShaders' because:
  Build cache is disabled
Task ':app:mergeDebugShaders' is not up-to-date because:
  No history is available.
The input changes require a full rebuild for incremental task ':app:mergeDebugShaders'.
Watching 177 directories to track changes
Watching 178 directories to track changes
Resolve mutations for :app:compileDebugShaders (Thread[Execution worker Thread 2,5,main]) started.
:app:compileDebugShaders (Thread[Execution worker Thread 2,5,main]) started.

> Task :app:compileDebugShaders NO-SOURCE
Skipping task ':app:compileDebugShaders' as it has no source files and no previous output files.

> Task :app:processDebugManifestForPackage
Watching 178 directories to track changes
Caching disabled for task ':app:processDebugManifestForPackage' because:
  Build cache is disabled
Task ':app:processDebugManifestForPackage' is not up-to-date because:
  No history is available.
Watching 177 directories to track changes
Watching 179 directories to track changes
Resolve mutations for :app:processDebugResources (Thread[Execution worker Thread 2,5,main]) started.
:app:processDebugResources (Thread[Execution worker Thread 2,5,main]) started.
Resolve mutations for :app:generateDebugAssets (Thread[included builds,5,main]) started.
:app:generateDebugAssets (Thread[Execution worker,5,main]) started.

> Task :app:generateDebugAssets UP-TO-DATE
Skipping task ':app:generateDebugAssets' as it has no actions.
Resolve mutations for :app:mergeDebugAssets (Thread[Execution worker,5,main]) started.
:app:mergeDebugAssets (Thread[Execution worker,5,main]) started.

> Task :app:mergeDebugAssets
Watching 180 directories to track changes
Transforming viewbinding-8.2.2.aar (androidx.databinding:viewbinding:8.2.2) with JetifyTransform
Transforming viewbinding-8.2.2.aar (androidx.databinding:viewbinding:8.2.2) with ExtractAarTransform
Transforming viewbinding-8.2.2.aar (androidx.databinding:viewbinding:8.2.2) with AarTransform
Transforming material-1.12.0.aar (com.google.android.material:material:1.12.0) with JetifyTransform
Transforming material-1.12.0.aar (com.google.android.material:material:1.12.0) with ExtractAarTransform
Transforming material-1.12.0.aar (com.google.android.material:material:1.12.0) with AarTransform
Transforming constraintlayout-2.1.4.aar (androidx.constraintlayout:constraintlayout:2.1.4) with JetifyTransform
Transforming constraintlayout-2.1.4.aar (androidx.constraintlayout:constraintlayout:2.1.4) with ExtractAarTransform
Transforming constraintlayout-2.1.4.aar (androidx.constraintlayout:constraintlayout:2.1.4) with AarTransform
Transforming appcompat-resources-1.7.0.aar (androidx.appcompat:appcompat-resources:1.7.0) with JetifyTransform
Transforming appcompat-resources-1.7.0.aar (androidx.appcompat:appcompat-resources:1.7.0) with ExtractAarTransform
Transforming appcompat-resources-1.7.0.aar (androidx.appcompat:appcompat-resources:1.7.0) with AarTransform
Transforming appcompat-1.7.0.aar (androidx.appcompat:appcompat:1.7.0) with JetifyTransform
Transforming appcompat-1.7.0.aar (androidx.appcompat:appcompat:1.7.0) with ExtractAarTransform
Transforming appcompat-1.7.0.aar (androidx.appcompat:appcompat:1.7.0) with AarTransform
Transforming viewpager2-1.1.0-beta02.aar (androidx.viewpager2:viewpager2:1.1.0-beta02) with JetifyTransform
Transforming viewpager2-1.1.0-beta02.aar (androidx.viewpager2:viewpager2:1.1.0-beta02) with ExtractAarTransform
Transforming viewpager2-1.1.0-beta02.aar (androidx.viewpager2:viewpager2:1.1.0-beta02) with AarTransform
Transforming recyclerview-1.3.2.aar (androidx.recyclerview:recyclerview:1.3.2) with JetifyTransform
Transforming recyclerview-1.3.2.aar (androidx.recyclerview:recyclerview:1.3.2) with ExtractAarTransform
Transforming recyclerview-1.3.2.aar (androidx.recyclerview:recyclerview:1.3.2) with AarTransform
Transforming cardview-1.0.0.aar (androidx.cardview:cardview:1.0.0) with JetifyTransform
Transforming cardview-1.0.0.aar (androidx.cardview:cardview:1.0.0) with ExtractAarTransform
Transforming cardview-1.0.0.aar (androidx.cardview:cardview:1.0.0) with AarTransform
Transforming emoji2-views-helper-1.3.0.aar (androidx.emoji2:emoji2-views-helper:1.3.0) with JetifyTransform
Transforming emoji2-views-helper-1.3.0.aar (androidx.emoji2:emoji2-views-helper:1.3.0) with ExtractAarTransform
Transforming emoji2-views-helper-1.3.0.aar (androidx.emoji2:emoji2-views-helper:1.3.0) with AarTransform
Transforming emoji2-1.3.0.aar (androidx.emoji2:emoji2:1.3.0) with JetifyTransform
Caching disabled for AarTransform: /home/runner/.gradle/caches/transforms-3/1879d540724927de8171de7ca34e5ef8/transformed/jetified-viewbinding-8.2.2 because:
  Build cache is disabled
Caching disabled for AarTransform: /home/runner/.gradle/caches/transforms-3/3e57dcd8b556ed36db83311191f6b3fb/transformed/material-1.12.0 because:
  Build cache is disabled
Skipping AarTransform: /home/runner/.gradle/caches/transforms-3/1879d540724927de8171de7ca34e5ef8/transformed/jetified-viewbinding-8.2.2 as it is up-to-date.
Skipping AarTransform: /home/runner/.gradle/caches/transforms-3/3e57dcd8b556ed36db83311191f6b3fb/transformed/material-1.12.0 as it is up-to-date.
Transforming emoji2-1.3.0.aar (androidx.emoji2:emoji2:1.3.0) with ExtractAarTransform
Transforming emoji2-1.3.0.aar (androidx.emoji2:emoji2:1.3.0) with AarTransform
Transforming fragment-1.5.4.aar (androidx.fragment:fragment:1.5.4) with JetifyTransform
Transforming fragment-1.5.4.aar (androidx.fragment:fragment:1.5.4) with ExtractAarTransform
Transforming fragment-1.5.4.aar (androidx.fragment:fragment:1.5.4) with AarTransform
Transforming activity-1.8.0.aar (androidx.activity:activity:1.8.0) with JetifyTransform
Transforming activity-1.8.0.aar (androidx.activity:activity:1.8.0) with ExtractAarTransform
Transforming activity-1.8.0.aar (androidx.activity:activity:1.8.0) with AarTransform
Transforming drawerlayout-1.1.1.aar (androidx.drawerlayout:drawerlayout:1.1.1) with JetifyTransform
Transforming drawerlayout-1.1.1.aar (androidx.drawerlayout:drawerlayout:1.1.1) with ExtractAarTransform
Transforming drawerlayout-1.1.1.aar (androidx.drawerlayout:drawerlayout:1.1.1) with AarTransform
Transforming coordinatorlayout-1.1.0.aar (androidx.coordinatorlayout:coordinatorlayout:1.1.0) with JetifyTransform
Transforming coordinatorlayout-1.1.0.aar (androidx.coordinatorlayout:coordinatorlayout:1.1.0) with ExtractAarTransform
Transforming coordinatorlayout-1.1.0.aar (androidx.coordinatorlayout:coordinatorlayout:1.1.0) with AarTransform
Transforming transition-1.5.0.aar (androidx.transition:transition:1.5.0) with JetifyTransform
Transforming transition-1.5.0.aar (androidx.transition:transition:1.5.0) with ExtractAarTransform
Transforming transition-1.5.0.aar (androidx.transition:transition:1.5.0) with AarTransform
Transforming dynamicanimation-1.0.0.aar (androidx.dynamicanimation:dynamicanimation:1.0.0) with JetifyTransform
Transforming dynamicanimation-1.0.0.aar (androidx.dynamicanimation:dynamicanimation:1.0.0) with ExtractAarTransform
Transforming dynamicanimation-1.0.0.aar (androidx.dynamicanimation:dynamicanimation:1.0.0) with AarTransform
Transforming vectordrawable-animated-1.1.0.aar (androidx.vectordrawable:vectordrawable-animated:1.1.0) with JetifyTransform
Transforming vectordrawable-animated-1.1.0.aar (androidx.vectordrawable:vectordrawable-animated:1.1.0) with ExtractAarTransform
Transforming vectordrawable-animated-1.1.0.aar (androidx.vectordrawable:vectordrawable-animated:1.1.0) with AarTransform
Transforming vectordrawable-1.1.0.aar (androidx.vectordrawable:vectordrawable:1.1.0) with JetifyTransform
Transforming vectordrawable-1.1.0.aar (androidx.vectordrawable:vectordrawable:1.1.0) with ExtractAarTransform
Transforming vectordrawable-1.1.0.aar (androidx.vectordrawable:vectordrawable:1.1.0) with AarTransform
Transforming vectordrawable-1.1.0.aar (androidx.vectordrawable:vectordrawable:1.1.0) with JetifyTransform
Transforming vectordrawable-1.1.0.aar (androidx.vectordrawable:vectordrawable:1.1.0) with ExtractAarTransform
Transforming vectordrawable-1.1.0.aar (androidx.vectordrawable:vectordrawable:1.1.0) with AarTransform
Transforming customview-poolingcontainer-1.0.0.aar (androidx.customview:customview-poolingcontainer:1.0.0) with JetifyTransform
Transforming customview-poolingcontainer-1.0.0.aar (androidx.customview:customview-poolingcontainer:1.0.0) with ExtractAarTransform
Transforming customview-poolingcontainer-1.0.0.aar (androidx.customview:customview-poolingcontainer:1.0.0) with AarTransform
Transforming savedstate-1.2.1.aar (androidx.savedstate:savedstate:1.2.1) with JetifyTransform
Transforming savedstate-1.2.1.aar (androidx.savedstate:savedstate:1.2.1) with ExtractAarTransform
Transforming savedstate-1.2.1.aar (androidx.savedstate:savedstate:1.2.1) with AarTransform
Transforming legacy-support-core-utils-1.0.0.aar (androidx.legacy:legacy-support-core-utils:1.0.0) with JetifyTransform
Transforming legacy-support-core-utils-1.0.0.aar (androidx.legacy:legacy-support-core-utils:1.0.0) with ExtractAarTransform
Transforming legacy-support-core-utils-1.0.0.aar (androidx.legacy:legacy-support-core-utils:1.0.0) with AarTransform
Transforming loader-1.0.0.aar (androidx.loader:loader:1.0.0) with JetifyTransform
Transforming loader-1.0.0.aar (androidx.loader:loader:1.0.0) with ExtractAarTransform
Transforming loader-1.0.0.aar (androidx.loader:loader:1.0.0) with AarTransform
Transforming loader-1.0.0.aar (androidx.loader:loader:1.0.0) with JetifyTransform
Transforming loader-1.0.0.aar (androidx.loader:loader:1.0.0) with ExtractAarTransform
Transforming loader-1.0.0.aar (androidx.loader:loader:1.0.0) with AarTransform
Transforming lifecycle-livedata-2.6.2.aar (androidx.lifecycle:lifecycle-livedata:2.6.2) with JetifyTransform
Transforming lifecycle-livedata-2.6.2.aar (androidx.lifecycle:lifecycle-livedata:2.6.2) with ExtractAarTransform
Transforming lifecycle-livedata-2.6.2.aar (androidx.lifecycle:lifecycle-livedata:2.6.2) with AarTransform
Transforming lifecycle-viewmodel-2.6.2.aar (androidx.lifecycle:lifecycle-viewmodel:2.6.2) with JetifyTransform
Transforming lifecycle-viewmodel-2.6.2.aar (androidx.lifecycle:lifecycle-viewmodel:2.6.2) with ExtractAarTransform
Transforming lifecycle-viewmodel-2.6.2.aar (androidx.lifecycle:lifecycle-viewmodel:2.6.2) with AarTransform
Transforming lifecycle-viewmodel-2.6.2.aar (androidx.lifecycle:lifecycle-viewmodel:2.6.2) with JetifyTransform
Transforming lifecycle-viewmodel-2.6.2.aar (androidx.lifecycle:lifecycle-viewmodel:2.6.2) with ExtractAarTransform
Transforming lifecycle-viewmodel-2.6.2.aar (androidx.lifecycle:lifecycle-viewmodel:2.6.2) with AarTransform
Transforming lifecycle-process-2.6.2.aar (androidx.lifecycle:lifecycle-process:2.6.2) with JetifyTransform
Transforming lifecycle-process-2.6.2.aar (androidx.lifecycle:lifecycle-process:2.6.2) with ExtractAarTransform
Transforming lifecycle-process-2.6.2.aar (androidx.lifecycle:lifecycle-process:2.6.2) with AarTransform
Transforming lifecycle-livedata-core-2.6.2.aar (androidx.lifecycle:lifecycle-livedata-core:2.6.2) with JetifyTransform
Transforming lifecycle-livedata-core-2.6.2.aar (androidx.lifecycle:lifecycle-livedata-core:2.6.2) with ExtractAarTransform
Transforming lifecycle-livedata-core-2.6.2.aar (androidx.lifecycle:lifecycle-livedata-core:2.6.2) with AarTransform
Transforming lifecycle-runtime-2.6.2.aar (androidx.lifecycle:lifecycle-runtime:2.6.2) with JetifyTransform
Transforming lifecycle-runtime-2.6.2.aar (androidx.lifecycle:lifecycle-runtime:2.6.2) with ExtractAarTransform
Transforming lifecycle-runtime-2.6.2.aar (androidx.lifecycle:lifecycle-runtime:2.6.2) with AarTransform
Transforming lifecycle-viewmodel-savedstate-2.6.2.aar (androidx.lifecycle:lifecycle-viewmodel-savedstate:2.6.2) with JetifyTransform
Transforming lifecycle-viewmodel-savedstate-2.6.2.aar (androidx.lifecycle:lifecycle-viewmodel-savedstate:2.6.2) with ExtractAarTransform
Transforming lifecycle-viewmodel-savedstate-2.6.2.aar (androidx.lifecycle:lifecycle-viewmodel-savedstate:2.6.2) with AarTransform
Transforming core-ktx-1.13.1.aar (androidx.core:core-ktx:1.13.1) with JetifyTransform
Transforming core-ktx-1.13.1.aar (androidx.core:core-ktx:1.13.1) with ExtractAarTransform
Transforming core-ktx-1.13.1.aar (androidx.core:core-ktx:1.13.1) with AarTransform
Transforming viewpager-1.0.0.aar (androidx.viewpager:viewpager:1.0.0) with JetifyTransform
Transforming viewpager-1.0.0.aar (androidx.viewpager:viewpager:1.0.0) with ExtractAarTransform
Transforming viewpager-1.0.0.aar (androidx.viewpager:viewpager:1.0.0) with AarTransform
Transforming customview-1.1.0.aar (androidx.customview:customview:1.1.0) with JetifyTransform
Caching disabled for AarTransform: /home/runner/.gradle/caches/transforms-3/74c0aa74c6cd0d99699e92401439d9bc/transformed/appcompat-1.7.0 because:
  Build cache is disabled
Skipping AarTransform: /home/runner/.gradle/caches/transforms-3/74c0aa74c6cd0d99699e92401439d9bc/transformed/appcompat-1.7.0 as it is up-to-date.
Transforming customview-1.1.0.aar (androidx.customview:customview:1.1.0) with ExtractAarTransform
Transforming customview-1.1.0.aar (androidx.customview:customview:1.1.0) with AarTransform
Transforming customview-1.1.0.aar (androidx.customview:customview:1.1.0) with JetifyTransform
Transforming customview-1.1.0.aar (androidx.customview:customview:1.1.0) with ExtractAarTransform
Transforming customview-1.1.0.aar (androidx.customview:customview:1.1.0) with AarTransform
Transforming customview-1.1.0.aar (androidx.customview:customview:1.1.0) with JetifyTransform
Caching disabled for AarTransform: /home/runner/.gradle/caches/transforms-3/713fa34b7934cd106f7af24b7c871473/transformed/jetified-viewpager2-1.1.0-beta02 because:
  Build cache is disabled
Transforming customview-1.1.0.aar (androidx.customview:customview:1.1.0) with ExtractAarTransform
Transforming customview-1.1.0.aar (androidx.customview:customview:1.1.0) with AarTransform
Skipping AarTransform: /home/runner/.gradle/caches/transforms-3/713fa34b7934cd106f7af24b7c871473/transformed/jetified-viewpager2-1.1.0-beta02 as it is up-to-date.
Transforming customview-1.1.0.aar (androidx.customview:customview:1.1.0) with JetifyTransform
Transforming customview-1.1.0.aar (androidx.customview:customview:1.1.0) with ExtractAarTransform
Transforming customview-1.1.0.aar (androidx.customview:customview:1.1.0) with AarTransform
Caching disabled for AarTransform: /home/runner/.gradle/caches/transforms-3/4fe0dd632fb97ea5194ceec69f750c7c/transformed/recyclerview-1.3.2 because:
  Build cache is disabled
Skipping AarTransform: /home/runner/.gradle/caches/transforms-3/4fe0dd632fb97ea5194ceec69f750c7c/transformed/recyclerview-1.3.2 as it is up-to-date.
Caching disabled for AarTransform: /home/runner/.gradle/caches/transforms-3/2c9e1932f079309d8c980731046895b1/transformed/jetified-appcompat-resources-1.7.0 because:
  Build cache is disabled
Skipping AarTransform: /home/runner/.gradle/caches/transforms-3/2c9e1932f079309d8c980731046895b1/transformed/jetified-appcompat-resources-1.7.0 as it is up-to-date.
Transforming core-1.13.1.aar (androidx.core:core:1.13.1) with JetifyTransform
Transforming core-1.13.1.aar (androidx.core:core:1.13.1) with ExtractAarTransform
Transforming core-1.13.1.aar (androidx.core:core:1.13.1) with AarTransform
Transforming core-1.13.1.aar (androidx.core:core:1.13.1) with JetifyTransform
Caching disabled for AarTransform: /home/runner/.gradle/caches/transforms-3/82a5c5a65c7b536c87d9f811caae18d2/transformed/cardview-1.0.0 because:
  Build cache is disabled
Skipping AarTransform: /home/runner/.gradle/caches/transforms-3/82a5c5a65c7b536c87d9f811caae18d2/transformed/cardview-1.0.0 as it is up-to-date.
Caching disabled for AarTransform: /home/runner/.gradle/caches/transforms-3/1fd4c804b162fdb57cf438768b0cdaff/transformed/jetified-emoji2-views-helper-1.3.0 because:
  Build cache is disabled
Skipping AarTransform: /home/runner/.gradle/caches/transforms-3/1fd4c804b162fdb57cf438768b0cdaff/transformed/jetified-emoji2-views-helper-1.3.0 as it is up-to-date.
Transforming core-1.13.1.aar (androidx.core:core:1.13.1) with ExtractAarTransform
Transforming core-1.13.1.aar (androidx.core:core:1.13.1) with AarTransform
Transforming core-1.13.1.aar (androidx.core:core:1.13.1) with JetifyTransform
Transforming core-1.13.1.aar (androidx.core:core:1.13.1) with ExtractAarTransform
Transforming core-1.13.1.aar (androidx.core:core:1.13.1) with AarTransform
Transforming core-1.13.1.aar (androidx.core:core:1.13.1) with JetifyTransform
Transforming core-1.13.1.aar (androidx.core:core:1.13.1) with ExtractAarTransform
Transforming core-1.13.1.aar (androidx.core:core:1.13.1) with AarTransform
Transforming core-1.13.1.aar (androidx.core:core:1.13.1) with JetifyTransform
Caching disabled for AarTransform: /home/runner/.gradle/caches/transforms-3/1233487f8a8b2c105e4478097ec9c397/transformed/jetified-emoji2-1.3.0 because:
  Build cache is disabled
Skipping AarTransform: /home/runner/.gradle/caches/transforms-3/1233487f8a8b2c105e4478097ec9c397/transformed/jetified-emoji2-1.3.0 as it is up-to-date.
Transforming core-1.13.1.aar (androidx.core:core:1.13.1) with ExtractAarTransform
Transforming core-1.13.1.aar (androidx.core:core:1.13.1) with AarTransform
Transforming core-1.13.1.aar (androidx.core:core:1.13.1) with JetifyTransform
Transforming core-1.13.1.aar (androidx.core:core:1.13.1) with ExtractAarTransform
Transforming core-1.13.1.aar (androidx.core:core:1.13.1) with AarTransform
Transforming core-1.13.1.aar (androidx.core:core:1.13.1) with JetifyTransform
Transforming core-1.13.1.aar (androidx.core:core:1.13.1) with ExtractAarTransform
Transforming core-1.13.1.aar (androidx.core:core:1.13.1) with AarTransform
Transforming core-1.13.1.aar (androidx.core:core:1.13.1) with JetifyTransform
Transforming core-1.13.1.aar (androidx.core:core:1.13.1) with ExtractAarTransform
Transforming core-1.13.1.aar (androidx.core:core:1.13.1) with AarTransform
Transforming core-1.13.1.aar (androidx.core:core:1.13.1) with JetifyTransform
Transforming core-1.13.1.aar (androidx.core:core:1.13.1) with ExtractAarTransform
Transforming core-1.13.1.aar (androidx.core:core:1.13.1) with AarTransform
Transforming cursoradapter-1.0.0.aar (androidx.cursoradapter:cursoradapter:1.0.0) with JetifyTransform
Transforming cursoradapter-1.0.0.aar (androidx.cursoradapter:cursoradapter:1.0.0) with ExtractAarTransform
Transforming cursoradapter-1.0.0.aar (androidx.cursoradapter:cursoradapter:1.0.0) with AarTransform
Transforming profileinstaller-1.3.1.aar (androidx.profileinstaller:profileinstaller:1.3.1) with JetifyTransform
Caching disabled for AarTransform: /home/runner/.gradle/caches/transforms-3/44cca806ce7b0a80822ea1332ac9a47d/transformed/jetified-activity-1.8.0 because:
  Build cache is disabled
Skipping AarTransform: /home/runner/.gradle/caches/transforms-3/44cca806ce7b0a80822ea1332ac9a47d/transformed/jetified-activity-1.8.0 as it is up-to-date.
Caching disabled for AarTransform: /home/runner/.gradle/caches/transforms-3/4071c0e51b732894357072270238bfc4/transformed/fragment-1.5.4 because:
  Build cache is disabled
Skipping AarTransform: /home/runner/.gradle/caches/transforms-3/4071c0e51b732894357072270238bfc4/transformed/fragment-1.5.4 as it is up-to-date.
Transforming profileinstaller-1.3.1.aar (androidx.profileinstaller:profileinstaller:1.3.1) with ExtractAarTransform
Transforming profileinstaller-1.3.1.aar (androidx.profileinstaller:profileinstaller:1.3.1) with AarTransform
Caching disabled for AarTransform: /home/runner/.gradle/caches/transforms-3/ed3d2cbbd0b7adc69330f4f5d5203a98/transformed/drawerlayout-1.1.1 because:
  Build cache is disabled
Caching disabled for AarTransform: /home/runner/.gradle/caches/transforms-3/4dd287c9e959375dcd5b85d1a2ea3286/transformed/coordinatorlayout-1.1.0 because:
  Build cache is disabled
Skipping AarTransform: /home/runner/.gradle/caches/transforms-3/ed3d2cbbd0b7adc69330f4f5d5203a98/transformed/drawerlayout-1.1.1 as it is up-to-date.
Transforming interpolator-1.0.0.aar (androidx.interpolator:interpolator:1.0.0) with JetifyTransform
Transforming interpolator-1.0.0.aar (androidx.interpolator:interpolator:1.0.0) with ExtractAarTransform
Transforming interpolator-1.0.0.aar (androidx.interpolator:interpolator:1.0.0) with AarTransform
Transforming interpolator-1.0.0.aar (androidx.interpolator:interpolator:1.0.0) with JetifyTransform
Transforming interpolator-1.0.0.aar (androidx.interpolator:interpolator:1.0.0) with ExtractAarTransform
Transforming interpolator-1.0.0.aar (androidx.interpolator:interpolator:1.0.0) with AarTransform
Transforming versionedparcelable-1.1.1.aar (androidx.versionedparcelable:versionedparcelable:1.1.1) with JetifyTransform
Transforming versionedparcelable-1.1.1.aar (androidx.versionedparcelable:versionedparcelable:1.1.1) with ExtractAarTransform
Transforming versionedparcelable-1.1.1.aar (androidx.versionedparcelable:versionedparcelable:1.1.1) with AarTransform
Transforming startup-runtime-1.1.1.aar (androidx.startup:startup-runtime:1.1.1) with JetifyTransform
Transforming startup-runtime-1.1.1.aar (androidx.startup:startup-runtime:1.1.1) with ExtractAarTransform
Caching disabled for AarTransform: /home/runner/.gradle/caches/transforms-3/3d0855e7a81c50c07154eb213257a7d0/transformed/transition-1.5.0 because:
  Build cache is disabled
Transforming startup-runtime-1.1.1.aar (androidx.startup:startup-runtime:1.1.1) with AarTransform
Skipping AarTransform: /home/runner/.gradle/caches/transforms-3/3d0855e7a81c50c07154eb213257a7d0/transformed/transition-1.5.0 as it is up-to-date.
Transforming tracing-1.0.0.aar (androidx.tracing:tracing:1.0.0) with JetifyTransform
Transforming tracing-1.0.0.aar (androidx.tracing:tracing:1.0.0) with ExtractAarTransform
Transforming tracing-1.0.0.aar (androidx.tracing:tracing:1.0.0) with AarTransform
Transforming core-runtime-2.2.0.aar (androidx.arch.core:core-runtime:2.2.0) with JetifyTransform
Transforming core-runtime-2.2.0.aar (androidx.arch.core:core-runtime:2.2.0) with ExtractAarTransform
Transforming core-runtime-2.2.0.aar (androidx.arch.core:core-runtime:2.2.0) with AarTransform
Transforming documentfile-1.0.0.aar (androidx.documentfile:documentfile:1.0.0) with JetifyTransform
Transforming documentfile-1.0.0.aar (androidx.documentfile:documentfile:1.0.0) with ExtractAarTransform
Transforming documentfile-1.0.0.aar (androidx.documentfile:documentfile:1.0.0) with AarTransform
Transforming localbroadcastmanager-1.0.0.aar (androidx.localbroadcastmanager:localbroadcastmanager:1.0.0) with JetifyTransform
Transforming localbroadcastmanager-1.0.0.aar (androidx.localbroadcastmanager:localbroadcastmanager:1.0.0) with ExtractAarTransform
Transforming localbroadcastmanager-1.0.0.aar (androidx.localbroadcastmanager:localbroadcastmanager:1.0.0) with AarTransform
Transforming print-1.0.0.aar (androidx.print:print:1.0.0) with JetifyTransform
Transforming print-1.0.0.aar (androidx.print:print:1.0.0) with ExtractAarTransform
Transforming print-1.0.0.aar (androidx.print:print:1.0.0) with AarTransform
Transforming annotation-experimental-1.4.0.aar (androidx.annotation:annotation-experimental:1.4.0) with JetifyTransform
Transforming annotation-experimental-1.4.0.aar (androidx.annotation:annotation-experimental:1.4.0) with ExtractAarTransform
Transforming annotation-experimental-1.4.0.aar (androidx.annotation:annotation-experimental:1.4.0) with AarTransform
Skipping AarTransform: /home/runner/.gradle/caches/transforms-3/4dd287c9e959375dcd5b85d1a2ea3286/transformed/coordinatorlayout-1.1.0 as it is up-to-date.
Caching disabled for AarTransform: /home/runner/.gradle/caches/transforms-3/1ecbce35e8912ca07f18fb6a2d44712b/transformed/dynamicanimation-1.0.0 because:
  Build cache is disabled
Skipping AarTransform: /home/runner/.gradle/caches/transforms-3/1ecbce35e8912ca07f18fb6a2d44712b/transformed/dynamicanimation-1.0.0 as it is up-to-date.
Caching disabled for AarTransform: /home/runner/.gradle/caches/transforms-3/702d14a0481cc6e84239a971f0bdc7de/transformed/vectordrawable-1.1.0 because:
  Build cache is disabled
Skipping AarTransform: /home/runner/.gradle/caches/transforms-3/702d14a0481cc6e84239a971f0bdc7de/transformed/vectordrawable-1.1.0 as it is up-to-date.
Caching disabled for AarTransform: /home/runner/.gradle/caches/transforms-3/c18aa4e6712d645d90f2edd74129037f/transformed/vectordrawable-animated-1.1.0 because:
  Build cache is disabled
Skipping AarTransform: /home/runner/.gradle/caches/transforms-3/c18aa4e6712d645d90f2edd74129037f/transformed/vectordrawable-animated-1.1.0 as it is up-to-date.
Caching disabled for AarTransform: /home/runner/.gradle/caches/transforms-3/8b48d9a1197a83570f6bb7952b8a480a/transformed/jetified-savedstate-1.2.1 because:
  Build cache is disabled
Skipping AarTransform: /home/runner/.gradle/caches/transforms-3/8b48d9a1197a83570f6bb7952b8a480a/transformed/jetified-savedstate-1.2.1 as it is up-to-date.
Caching disabled for AarTransform: /home/runner/.gradle/caches/transforms-3/f70414e7656dffaa563fcba9e5ff730b/transformed/jetified-customview-poolingcontainer-1.0.0 because:
  Build cache is disabled
Skipping AarTransform: /home/runner/.gradle/caches/transforms-3/f70414e7656dffaa563fcba9e5ff730b/transformed/jetified-customview-poolingcontainer-1.0.0 as it is up-to-date.
Caching disabled for AarTransform: /home/runner/.gradle/caches/transforms-3/6a9264e91d0ccd23be7ae30d89a364d7/transformed/loader-1.0.0 because:
  Build cache is disabled
Skipping AarTransform: /home/runner/.gradle/caches/transforms-3/6a9264e91d0ccd23be7ae30d89a364d7/transformed/loader-1.0.0 as it is up-to-date.
Caching disabled for AarTransform: /home/runner/.gradle/caches/transforms-3/5c1b5b9a526a64418a8284af4df1eb4c/transformed/legacy-support-core-utils-1.0.0 because:
  Build cache is disabled
Skipping AarTransform: /home/runner/.gradle/caches/transforms-3/5c1b5b9a526a64418a8284af4df1eb4c/transformed/legacy-support-core-utils-1.0.0 as it is up-to-date.
Caching disabled for AarTransform: /home/runner/.gradle/caches/transforms-3/a506b1e067453748ce849a5d1a931b4f/transformed/lifecycle-viewmodel-2.6.2 because:
  Build cache is disabled
Caching disabled for AarTransform: /home/runner/.gradle/caches/transforms-3/624afa1baae8c07bfc048ad484610af6/transformed/lifecycle-livedata-2.6.2 because:
  Build cache is disabled
Skipping AarTransform: /home/runner/.gradle/caches/transforms-3/a506b1e067453748ce849a5d1a931b4f/transformed/lifecycle-viewmodel-2.6.2 as it is up-to-date.
Skipping AarTransform: /home/runner/.gradle/caches/transforms-3/624afa1baae8c07bfc048ad484610af6/transformed/lifecycle-livedata-2.6.2 as it is up-to-date.
Caching disabled for AarTransform: /home/runner/.gradle/caches/transforms-3/a197f00907f8191fab772747b4069be9/transformed/lifecycle-livedata-core-2.6.2 because:
  Build cache is disabled
Skipping AarTransform: /home/runner/.gradle/caches/transforms-3/a197f00907f8191fab772747b4069be9/transformed/lifecycle-livedata-core-2.6.2 as it is up-to-date.
Caching disabled for AarTransform: /home/runner/.gradle/caches/transforms-3/ee63f22118ed27eb76e1f3c7f951274b/transformed/jetified-lifecycle-process-2.6.2 because:
  Build cache is disabled
Skipping AarTransform: /home/runner/.gradle/caches/transforms-3/ee63f22118ed27eb76e1f3c7f951274b/transformed/jetified-lifecycle-process-2.6.2 as it is up-to-date.
Caching disabled for AarTransform: /home/runner/.gradle/caches/transforms-3/b6a473a89888b3521ce2a8d540f5ca52/transformed/lifecycle-runtime-2.6.2 because:
  Build cache is disabled
Skipping AarTransform: /home/runner/.gradle/caches/transforms-3/b6a473a89888b3521ce2a8d540f5ca52/transformed/lifecycle-runtime-2.6.2 as it is up-to-date.
Caching disabled for AarTransform: /home/runner/.gradle/caches/transforms-3/971e8374cd892e93232b043b81dff083/transformed/jetified-lifecycle-viewmodel-savedstate-2.6.2 because:
  Build cache is disabled
Skipping AarTransform: /home/runner/.gradle/caches/transforms-3/971e8374cd892e93232b043b81dff083/transformed/jetified-lifecycle-viewmodel-savedstate-2.6.2 as it is up-to-date.
Caching disabled for AarTransform: /home/runner/.gradle/caches/transforms-3/6067425117552f8d4b6344907978c123/transformed/jetified-core-ktx-1.13.1 because:
  Build cache is disabled
Skipping AarTransform: /home/runner/.gradle/caches/transforms-3/6067425117552f8d4b6344907978c123/transformed/jetified-core-ktx-1.13.1 as it is up-to-date.
Caching disabled for AarTransform: /home/runner/.gradle/caches/transforms-3/762497eb291fa256c893d1902ec3b4ac/transformed/viewpager-1.0.0 because:
  Build cache is disabled
Skipping AarTransform: /home/runner/.gradle/caches/transforms-3/762497eb291fa256c893d1902ec3b4ac/transformed/viewpager-1.0.0 as it is up-to-date.
Caching disabled for AarTransform: /home/runner/.gradle/caches/transforms-3/459c47dff4ea0349f10e153b2dd57879/transformed/customview-1.1.0 because:
  Build cache is disabled
Skipping AarTransform: /home/runner/.gradle/caches/transforms-3/459c47dff4ea0349f10e153b2dd57879/transformed/customview-1.1.0 as it is up-to-date.
Caching disabled for AarTransform: /home/runner/.gradle/caches/transforms-3/11f0a53180ace0fffdd006f40bfc2008/transformed/core-1.13.1 because:
  Build cache is disabled
Skipping AarTransform: /home/runner/.gradle/caches/transforms-3/11f0a53180ace0fffdd006f40bfc2008/transformed/core-1.13.1 as it is up-to-date.
Caching disabled for AarTransform: /home/runner/.gradle/caches/transforms-3/dcac8580948742d9679b4cc476009a8c/transformed/jetified-profileinstaller-1.3.1 because:
  Build cache is disabled
Skipping AarTransform: /home/runner/.gradle/caches/transforms-3/dcac8580948742d9679b4cc476009a8c/transformed/jetified-profileinstaller-1.3.1 as it is up-to-date.
Caching disabled for AarTransform: /home/runner/.gradle/caches/transforms-3/f3b45a409efc9cd62f29ba84d5ea95cc/transformed/cursoradapter-1.0.0 because:
  Build cache is disabled
Skipping AarTransform: /home/runner/.gradle/caches/transforms-3/f3b45a409efc9cd62f29ba84d5ea95cc/transformed/cursoradapter-1.0.0 as it is up-to-date.
Caching disabled for AarTransform: /home/runner/.gradle/caches/transforms-3/6b9bb6a8c71662ca631e197a9e065197/transformed/interpolator-1.0.0 because:
  Build cache is disabled
Skipping AarTransform: /home/runner/.gradle/caches/transforms-3/6b9bb6a8c71662ca631e197a9e065197/transformed/interpolator-1.0.0 as it is up-to-date.
Caching disabled for AarTransform: /home/runner/.gradle/caches/transforms-3/0c857eaa378e1c798341155dbc28d9bd/transformed/versionedparcelable-1.1.1 because:
  Build cache is disabled
Skipping AarTransform: /home/runner/.gradle/caches/transforms-3/0c857eaa378e1c798341155dbc28d9bd/transformed/versionedparcelable-1.1.1 as it is up-to-date.
Caching disabled for AarTransform: /home/runner/.gradle/caches/transforms-3/ce160dbbfa3de34d01d231cdb832e663/transformed/jetified-tracing-1.0.0 because:
  Build cache is disabled
Skipping AarTransform: /home/runner/.gradle/caches/transforms-3/ce160dbbfa3de34d01d231cdb832e663/transformed/jetified-tracing-1.0.0 as it is up-to-date.
Caching disabled for AarTransform: /home/runner/.gradle/caches/transforms-3/929f9fa80841e5d7d97393a6896db7a1/transformed/jetified-startup-runtime-1.1.1 because:
  Build cache is disabled
Skipping AarTransform: /home/runner/.gradle/caches/transforms-3/929f9fa80841e5d7d97393a6896db7a1/transformed/jetified-startup-runtime-1.1.1 as it is up-to-date.
Caching disabled for AarTransform: /home/runner/.gradle/caches/transforms-3/00e51715982b78af096ea2b29d7737a5/transformed/core-runtime-2.2.0 because:
  Build cache is disabled
Skipping AarTransform: /home/runner/.gradle/caches/transforms-3/00e51715982b78af096ea2b29d7737a5/transformed/core-runtime-2.2.0 as it is up-to-date.
Caching disabled for AarTransform: /home/runner/.gradle/caches/transforms-3/f93fd9f7f264506b697bc40ed42a22df/transformed/documentfile-1.0.0 because:
  Build cache is disabled
Caching disabled for AarTransform: /home/runner/.gradle/caches/transforms-3/de9d9b9757fdff3a4223c6aa6c8ab886/transformed/print-1.0.0 because:
  Build cache is disabled
Skipping AarTransform: /home/runner/.gradle/caches/transforms-3/f93fd9f7f264506b697bc40ed42a22df/transformed/documentfile-1.0.0 as it is up-to-date.
Skipping AarTransform: /home/runner/.gradle/caches/transforms-3/de9d9b9757fdff3a4223c6aa6c8ab886/transformed/print-1.0.0 as it is up-to-date.
Caching disabled for AarTransform: /home/runner/.gradle/caches/transforms-3/4986230a3613e9c8878387b9e002f926/transformed/constraintlayout-2.1.4 because:
  Build cache is disabled
Caching disabled for AarTransform: /home/runner/.gradle/caches/transforms-3/040541bbba9c66137e3b065555d548f5/transformed/jetified-annotation-experimental-1.4.0 because:
  Build cache is disabled
Skipping AarTransform: /home/runner/.gradle/caches/transforms-3/4986230a3613e9c8878387b9e002f926/transformed/constraintlayout-2.1.4 as it is up-to-date.
Skipping AarTransform: /home/runner/.gradle/caches/transforms-3/040541bbba9c66137e3b065555d548f5/transformed/jetified-annotation-experimental-1.4.0 as it is up-to-date.
Caching disabled for AarTransform: /home/runner/.gradle/caches/transforms-3/74f1f93840a9c8a79ad563434633a795/transformed/localbroadcastmanager-1.0.0 because:
  Build cache is disabled
Skipping AarTransform: /home/runner/.gradle/caches/transforms-3/74f1f93840a9c8a79ad563434633a795/transformed/localbroadcastmanager-1.0.0 as it is up-to-date.
Watching 180 directories to track changes
Watching 180 directories to track changes
Watching 180 directories to track changes
Caching disabled for task ':app:mergeDebugAssets' because:
  Build cache is disabled
Task ':app:mergeDebugAssets' is not up-to-date because:
  No history is available.
The input changes require a full rebuild for incremental task ':app:mergeDebugAssets'.
Watching 180 directories to track changes
Watching 181 directories to track changes
Resolve mutations for :app:compressDebugAssets (Thread[included builds,5,main]) started.
:app:compressDebugAssets (Thread[included builds,5,main]) started.

> Task :app:compressDebugAssets
Watching 181 directories to track changes
Caching disabled for task ':app:compressDebugAssets' because:
  Build cache is disabled
Task ':app:compressDebugAssets' is not up-to-date because:
  No history is available.
The input changes require a full rebuild for incremental task ':app:compressDebugAssets'.
Watching 181 directories to track changes
Watching 182 directories to track changes
Resolve mutations for :app:processDebugJavaRes (Thread[Execution worker,5,main]) started.
:app:processDebugJavaRes (Thread[Execution worker Thread 3,5,main]) started.

> Task :app:processDebugJavaRes NO-SOURCE
file or directory '/home/runner/work/vcg-lang/vcg-lang/editor/android/app/src/main/resources', not found
Watching 182 directories to track changes
file or directory '/home/runner/work/vcg-lang/vcg-lang/editor/android/app/src/debug/resources', not found
Watching 182 directories to track changes
Skipping task ':app:processDebugJavaRes' as it has no source files and no previous output files.
Resolve mutations for :app:mergeDebugJavaResource (Thread[Execution worker,5,main]) started.
:app:mergeDebugJavaResource (Thread[Execution worker,5,main]) started.
Resolve mutations for :app:checkDebugDuplicateClasses (Thread[Execution worker Thread 3,5,main]) started.
:app:checkDebugDuplicateClasses (Thread[Execution worker Thread 3,5,main]) started.
Resolve mutations for :app:desugarDebugFileDependencies (Thread[included builds,5,main]) started.
:app:desugarDebugFileDependencies (Thread[included builds,5,main]) started.
Watching 182 directories to track changes

> Task :app:desugarDebugFileDependencies
Watching 182 directories to track changes
Caching disabled for task ':app:desugarDebugFileDependencies' because:
  Build cache is disabled
Task ':app:desugarDebugFileDependencies' is not up-to-date because:
  No history is available.
Watching 182 directories to track changes
Watching 183 directories to track changes
Resolve mutations for :app:mergeDebugJniLibFolders (Thread[included builds,5,main]) started.
:app:mergeDebugJniLibFolders (Thread[included builds,5,main]) started.

> Task :app:mergeDebugJniLibFolders
Watching 182 directories to track changes
Watching 182 directories to track changes
Watching 182 directories to track changes
Caching disabled for task ':app:mergeDebugJniLibFolders' because:
  Build cache is disabled
Task ':app:mergeDebugJniLibFolders' is not up-to-date because:
  No history is available.
The input changes require a full rebuild for incremental task ':app:mergeDebugJniLibFolders'.
Watching 182 directories to track changes
Watching 183 directories to track changes
Resolve mutations for :app:mergeDebugNativeLibs (Thread[included builds,5,main]) started.
:app:mergeDebugNativeLibs (Thread[included builds,5,main]) started.

> Task :app:checkDebugDuplicateClasses
Watching 182 directories to track changes
Transforming viewbinding-8.2.2.aar (androidx.databinding:viewbinding:8.2.2) with JetifyTransform
Transforming viewbinding-8.2.2.aar (androidx.databinding:viewbinding:8.2.2) with AarToClassTransform
Transforming material-1.12.0.aar (com.google.android.material:material:1.12.0) with JetifyTransform
Transforming material-1.12.0.aar (com.google.android.material:material:1.12.0) with AarToClassTransform
Transforming constraintlayout-2.1.4.aar (androidx.constraintlayout:constraintlayout:2.1.4) with JetifyTransform
Transforming constraintlayout-2.1.4.aar (androidx.constraintlayout:constraintlayout:2.1.4) with AarToClassTransform
Transforming appcompat-resources-1.7.0.aar (androidx.appcompat:appcompat-resources:1.7.0) with JetifyTransform
Transforming appcompat-resources-1.7.0.aar (androidx.appcompat:appcompat-resources:1.7.0) with AarToClassTransform
Transforming appcompat-1.7.0.aar (androidx.appcompat:appcompat:1.7.0) with JetifyTransform
Transforming appcompat-1.7.0.aar (androidx.appcompat:appcompat:1.7.0) with AarToClassTransform
Transforming viewpager2-1.1.0-beta02.aar (androidx.viewpager2:viewpager2:1.1.0-beta02) with JetifyTransform
Transforming viewpager2-1.1.0-beta02.aar (androidx.viewpager2:viewpager2:1.1.0-beta02) with AarToClassTransform
Transforming recyclerview-1.3.2.aar (androidx.recyclerview:recyclerview:1.3.2) with JetifyTransform
Transforming recyclerview-1.3.2.aar (androidx.recyclerview:recyclerview:1.3.2) with AarToClassTransform
Transforming cardview-1.0.0.aar (androidx.cardview:cardview:1.0.0) with JetifyTransform
Transforming cardview-1.0.0.aar (androidx.cardview:cardview:1.0.0) with AarToClassTransform
Transforming emoji2-views-helper-1.3.0.aar (androidx.emoji2:emoji2-views-helper:1.3.0) with JetifyTransform
Transforming emoji2-views-helper-1.3.0.aar (androidx.emoji2:emoji2-views-helper:1.3.0) with AarToClassTransform
Transforming emoji2-1.3.0.aar (androidx.emoji2:emoji2:1.3.0) with JetifyTransform
Transforming emoji2-1.3.0.aar (androidx.emoji2:emoji2:1.3.0) with AarToClassTransform
Caching disabled for AarToClassTransform: /home/runner/.gradle/caches/transforms-3/198a88b6265664585a40cb5a8583b015/transformed/jetified-viewbinding-8.2.2.aar because:
  Build cache is disabled
Transforming fragment-1.5.4.aar (androidx.fragment:fragment:1.5.4) with JetifyTransform
Transforming fragment-1.5.4.aar (androidx.fragment:fragment:1.5.4) with AarToClassTransform
Transforming activity-1.8.0.aar (androidx.activity:activity:1.8.0) with JetifyTransform
Transforming activity-1.8.0.aar (androidx.activity:activity:1.8.0) with AarToClassTransform
Skipping AarToClassTransform: /home/runner/.gradle/caches/transforms-3/198a88b6265664585a40cb5a8583b015/transformed/jetified-viewbinding-8.2.2.aar as it is up-to-date.
Transforming drawerlayout-1.1.1.aar (androidx.drawerlayout:drawerlayout:1.1.1) with JetifyTransform
Transforming viewbinding-8.2.2.aar (androidx.databinding:viewbinding:8.2.2) with EnumerateClassesTransform
Transforming drawerlayout-1.1.1.aar (androidx.drawerlayout:drawerlayout:1.1.1) with AarToClassTransform
Transforming coordinatorlayout-1.1.0.aar (androidx.coordinatorlayout:coordinatorlayout:1.1.0) with JetifyTransform
Transforming coordinatorlayout-1.1.0.aar (androidx.coordinatorlayout:coordinatorlayout:1.1.0) with AarToClassTransform
Transforming transition-1.5.0.aar (androidx.transition:transition:1.5.0) with JetifyTransform
Transforming transition-1.5.0.aar (androidx.transition:transition:1.5.0) with AarToClassTransform
Transforming dynamicanimation-1.0.0.aar (androidx.dynamicanimation:dynamicanimation:1.0.0) with JetifyTransform
Transforming dynamicanimation-1.0.0.aar (androidx.dynamicanimation:dynamicanimation:1.0.0) with AarToClassTransform
Transforming vectordrawable-animated-1.1.0.aar (androidx.vectordrawable:vectordrawable-animated:1.1.0) with JetifyTransform
Transforming vectordrawable-animated-1.1.0.aar (androidx.vectordrawable:vectordrawable-animated:1.1.0) with AarToClassTransform
Transforming vectordrawable-1.1.0.aar (androidx.vectordrawable:vectordrawable:1.1.0) with JetifyTransform
Transforming vectordrawable-1.1.0.aar (androidx.vectordrawable:vectordrawable:1.1.0) with AarToClassTransform
Transforming vectordrawable-1.1.0.aar (androidx.vectordrawable:vectordrawable:1.1.0) with JetifyTransform
Transforming vectordrawable-1.1.0.aar (androidx.vectordrawable:vectordrawable:1.1.0) with AarToClassTransform
Transforming customview-poolingcontainer-1.0.0.aar (androidx.customview:customview-poolingcontainer:1.0.0) with JetifyTransform
Transforming customview-poolingcontainer-1.0.0.aar (androidx.customview:customview-poolingcontainer:1.0.0) with AarToClassTransform
Transforming savedstate-1.2.1.aar (androidx.savedstate:savedstate:1.2.1) with JetifyTransform
Transforming savedstate-1.2.1.aar (androidx.savedstate:savedstate:1.2.1) with AarToClassTransform
Transforming legacy-support-core-utils-1.0.0.aar (androidx.legacy:legacy-support-core-utils:1.0.0) with JetifyTransform
Transforming legacy-support-core-utils-1.0.0.aar (androidx.legacy:legacy-support-core-utils:1.0.0) with AarToClassTransform
Transforming loader-1.0.0.aar (androidx.loader:loader:1.0.0) with JetifyTransform
Transforming loader-1.0.0.aar (androidx.loader:loader:1.0.0) with AarToClassTransform
Transforming loader-1.0.0.aar (androidx.loader:loader:1.0.0) with JetifyTransform
Transforming loader-1.0.0.aar (androidx.loader:loader:1.0.0) with AarToClassTransform
Transforming lifecycle-livedata-2.6.2.aar (androidx.lifecycle:lifecycle-livedata:2.6.2) with JetifyTransform
Transforming lifecycle-livedata-2.6.2.aar (androidx.lifecycle:lifecycle-livedata:2.6.2) with AarToClassTransform
Transforming lifecycle-viewmodel-2.6.2.aar (androidx.lifecycle:lifecycle-viewmodel:2.6.2) with JetifyTransform
Transforming lifecycle-viewmodel-2.6.2.aar (androidx.lifecycle:lifecycle-viewmodel:2.6.2) with AarToClassTransform
Transforming lifecycle-viewmodel-2.6.2.aar (androidx.lifecycle:lifecycle-viewmodel:2.6.2) with JetifyTransform
Transforming lifecycle-viewmodel-2.6.2.aar (androidx.lifecycle:lifecycle-viewmodel:2.6.2) with AarToClassTransform
Transforming lifecycle-process-2.6.2.aar (androidx.lifecycle:lifecycle-process:2.6.2) with JetifyTransform
Transforming lifecycle-process-2.6.2.aar (androidx.lifecycle:lifecycle-process:2.6.2) with AarToClassTransform
Transforming lifecycle-livedata-core-2.6.2.aar (androidx.lifecycle:lifecycle-livedata-core:2.6.2) with JetifyTransform
Transforming lifecycle-livedata-core-2.6.2.aar (androidx.lifecycle:lifecycle-livedata-core:2.6.2) with AarToClassTransform
Transforming lifecycle-common-2.6.2.jar (androidx.lifecycle:lifecycle-common:2.6.2) with JetifyTransform
Transforming lifecycle-common-2.6.2.jar (androidx.lifecycle:lifecycle-common:2.6.2) with IdentityTransform
Transforming lifecycle-common-2.6.2.jar (androidx.lifecycle:lifecycle-common:2.6.2) with EnumerateClassesTransform
Transforming lifecycle-runtime-2.6.2.aar (androidx.lifecycle:lifecycle-runtime:2.6.2) with JetifyTransform
Transforming lifecycle-runtime-2.6.2.aar (androidx.lifecycle:lifecycle-runtime:2.6.2) with AarToClassTransform
Transforming lifecycle-viewmodel-savedstate-2.6.2.aar (androidx.lifecycle:lifecycle-viewmodel-savedstate:2.6.2) with JetifyTransform
Transforming lifecycle-viewmodel-savedstate-2.6.2.aar (androidx.lifecycle:lifecycle-viewmodel-savedstate:2.6.2) with AarToClassTransform
Transforming core-ktx-1.13.1.aar (androidx.core:core-ktx:1.13.1) with JetifyTransform
Transforming core-ktx-1.13.1.aar (androidx.core:core-ktx:1.13.1) with AarToClassTransform
Transforming viewpager-1.0.0.aar (androidx.viewpager:viewpager:1.0.0) with JetifyTransform
Transforming viewpager-1.0.0.aar (androidx.viewpager:viewpager:1.0.0) with AarToClassTransform
Transforming customview-1.1.0.aar (androidx.customview:customview:1.1.0) with JetifyTransform
Transforming customview-1.1.0.aar (androidx.customview:customview:1.1.0) with AarToClassTransform
Transforming customview-1.1.0.aar (androidx.customview:customview:1.1.0) with JetifyTransform
Caching disabled for EnumerateClassesTransform: /home/runner/.gradle/caches/transforms-3/9845cfe96ef6f5233a2058561650e615/transformed/jetified-viewbinding-8.2.2-runtime.jar because:
  Build cache is disabled
Transforming customview-1.1.0.aar (androidx.customview:customview:1.1.0) with AarToClassTransform
Transforming customview-1.1.0.aar (androidx.customview:customview:1.1.0) with JetifyTransform
Skipping EnumerateClassesTransform: /home/runner/.gradle/caches/transforms-3/9845cfe96ef6f5233a2058561650e615/transformed/jetified-viewbinding-8.2.2-runtime.jar as it is up-to-date.
Transforming customview-1.1.0.aar (androidx.customview:customview:1.1.0) with AarToClassTransform
Transforming customview-1.1.0.aar (androidx.customview:customview:1.1.0) with JetifyTransform
Caching disabled for AarToClassTransform: /home/runner/.gradle/caches/transforms-3/cf80ca892b307c78808b4c11ccfac93f/transformed/jetified-appcompat-resources-1.7.0.aar because:
  Build cache is disabled
Transforming customview-1.1.0.aar (androidx.customview:customview:1.1.0) with AarToClassTransform
Transforming core-1.13.1.aar (androidx.core:core:1.13.1) with JetifyTransform
Skipping AarToClassTransform: /home/runner/.gradle/caches/transforms-3/cf80ca892b307c78808b4c11ccfac93f/transformed/jetified-appcompat-resources-1.7.0.aar as it is up-to-date.
Transforming core-1.13.1.aar (androidx.core:core:1.13.1) with AarToClassTransform
Transforming core-1.13.1.aar (androidx.core:core:1.13.1) with JetifyTransform
Transforming appcompat-resources-1.7.0.aar (androidx.appcompat:appcompat-resources:1.7.0) with EnumerateClassesTransform
Transforming core-1.13.1.aar (androidx.core:core:1.13.1) with AarToClassTransform
Transforming core-1.13.1.aar (androidx.core:core:1.13.1) with JetifyTransform
Transforming core-1.13.1.aar (androidx.core:core:1.13.1) with AarToClassTransform
Transforming core-1.13.1.aar (androidx.core:core:1.13.1) with JetifyTransform
Transforming core-1.13.1.aar (androidx.core:core:1.13.1) with AarToClassTransform
Transforming core-1.13.1.aar (androidx.core:core:1.13.1) with JetifyTransform
Transforming core-1.13.1.aar (androidx.core:core:1.13.1) with AarToClassTransform
Transforming core-1.13.1.aar (androidx.core:core:1.13.1) with JetifyTransform
Transforming core-1.13.1.aar (androidx.core:core:1.13.1) with AarToClassTransform
Transforming core-1.13.1.aar (androidx.core:core:1.13.1) with JetifyTransform
Transforming core-1.13.1.aar (androidx.core:core:1.13.1) with AarToClassTransform
Transforming core-1.13.1.aar (androidx.core:core:1.13.1) with JetifyTransform
Transforming core-1.13.1.aar (androidx.core:core:1.13.1) with AarToClassTransform
Transforming core-1.13.1.aar (androidx.core:core:1.13.1) with JetifyTransform
Transforming core-1.13.1.aar (androidx.core:core:1.13.1) with AarToClassTransform
Transforming cursoradapter-1.0.0.aar (androidx.cursoradapter:cursoradapter:1.0.0) with JetifyTransform
Transforming cursoradapter-1.0.0.aar (androidx.cursoradapter:cursoradapter:1.0.0) with AarToClassTransform
Transforming profileinstaller-1.3.1.aar (androidx.profileinstaller:profileinstaller:1.3.1) with JetifyTransform
Transforming profileinstaller-1.3.1.aar (androidx.profileinstaller:profileinstaller:1.3.1) with AarToClassTransform
Transforming resourceinspection-annotation-1.0.1.jar (androidx.resourceinspection:resourceinspection-annotation:1.0.1) with JetifyTransform
Transforming resourceinspection-annotation-1.0.1.jar (androidx.resourceinspection:resourceinspection-annotation:1.0.1) with IdentityTransform
Transforming resourceinspection-annotation-1.0.1.jar (androidx.resourceinspection:resourceinspection-annotation:1.0.1) with EnumerateClassesTransform
Transforming interpolator-1.0.0.aar (androidx.interpolator:interpolator:1.0.0) with JetifyTransform
Transforming interpolator-1.0.0.aar (androidx.interpolator:interpolator:1.0.0) with AarToClassTransform
Transforming interpolator-1.0.0.aar (androidx.interpolator:interpolator:1.0.0) with JetifyTransform
Transforming interpolator-1.0.0.aar (androidx.interpolator:interpolator:1.0.0) with AarToClassTransform
Transforming versionedparcelable-1.1.1.aar (androidx.versionedparcelable:versionedparcelable:1.1.1) with JetifyTransform
Transforming versionedparcelable-1.1.1.aar (androidx.versionedparcelable:versionedparcelable:1.1.1) with AarToClassTransform
Transforming collection-1.1.0.jar (androidx.collection:collection:1.1.0) with JetifyTransform
Transforming collection-1.1.0.jar (androidx.collection:collection:1.1.0) with IdentityTransform
Transforming collection-1.1.0.jar (androidx.collection:collection:1.1.0) with EnumerateClassesTransform
Transforming concurrent-futures-1.1.0.jar (androidx.concurrent:concurrent-futures:1.1.0) with JetifyTransform
Transforming concurrent-futures-1.1.0.jar (androidx.concurrent:concurrent-futures:1.1.0) with IdentityTransform
Transforming concurrent-futures-1.1.0.jar (androidx.concurrent:concurrent-futures:1.1.0) with EnumerateClassesTransform
Transforming startup-runtime-1.1.1.aar (androidx.startup:startup-runtime:1.1.1) with JetifyTransform
Transforming startup-runtime-1.1.1.aar (androidx.startup:startup-runtime:1.1.1) with AarToClassTransform
Transforming tracing-1.0.0.aar (androidx.tracing:tracing:1.0.0) with JetifyTransform
Transforming tracing-1.0.0.aar (androidx.tracing:tracing:1.0.0) with AarToClassTransform
Transforming core-runtime-2.2.0.aar (androidx.arch.core:core-runtime:2.2.0) with JetifyTransform
Transforming core-runtime-2.2.0.aar (androidx.arch.core:core-runtime:2.2.0) with AarToClassTransform
Transforming core-common-2.2.0.jar (androidx.arch.core:core-common:2.2.0) with JetifyTransform
Transforming core-common-2.2.0.jar (androidx.arch.core:core-common:2.2.0) with IdentityTransform
Transforming core-common-2.2.0.jar (androidx.arch.core:core-common:2.2.0) with EnumerateClassesTransform
Transforming documentfile-1.0.0.aar (androidx.documentfile:documentfile:1.0.0) with JetifyTransform
Transforming documentfile-1.0.0.aar (androidx.documentfile:documentfile:1.0.0) with AarToClassTransform
Transforming localbroadcastmanager-1.0.0.aar (androidx.localbroadcastmanager:localbroadcastmanager:1.0.0) with JetifyTransform
Transforming localbroadcastmanager-1.0.0.aar (androidx.localbroadcastmanager:localbroadcastmanager:1.0.0) with AarToClassTransform
Transforming print-1.0.0.aar (androidx.print:print:1.0.0) with JetifyTransform
Transforming print-1.0.0.aar (androidx.print:print:1.0.0) with AarToClassTransform
Transforming annotation-experimental-1.4.0.aar (androidx.annotation:annotation-experimental:1.4.0) with JetifyTransform
Transforming annotation-experimental-1.4.0.aar (androidx.annotation:annotation-experimental:1.4.0) with AarToClassTransform
Transforming annotation-jvm-1.6.0.jar (androidx.annotation:annotation-jvm:1.6.0) with JetifyTransform
Transforming annotation-jvm-1.6.0.jar (androidx.annotation:annotation-jvm:1.6.0) with IdentityTransform
Caching disabled for EnumerateClassesTransform: /home/runner/.gradle/caches/transforms-3/0fe8072a47f33f100a94bd62ec57a5ec/transformed/jetified-appcompat-resources-1.7.0-runtime.jar because:
  Build cache is disabled
Transforming annotation-jvm-1.6.0.jar (androidx.annotation:annotation-jvm:1.6.0) with EnumerateClassesTransform
Transforming kotlinx-coroutines-core-jvm-1.6.4.jar (org.jetbrains.kotlinx:kotlinx-coroutines-core-jvm:1.6.4) with JetifyTransform
Skipping EnumerateClassesTransform: /home/runner/.gradle/caches/transforms-3/0fe8072a47f33f100a94bd62ec57a5ec/transformed/jetified-appcompat-resources-1.7.0-runtime.jar as it is up-to-date.
Transforming kotlinx-coroutines-core-jvm-1.6.4.jar (org.jetbrains.kotlinx:kotlinx-coroutines-core-jvm:1.6.4) with IdentityTransform
Transforming kotlinx-coroutines-core-jvm-1.6.4.jar (org.jetbrains.kotlinx:kotlinx-coroutines-core-jvm:1.6.4) with EnumerateClassesTransform
Transforming kotlinx-coroutines-android-1.6.4.jar (org.jetbrains.kotlinx:kotlinx-coroutines-android:1.6.4) with JetifyTransform
Transforming kotlinx-coroutines-android-1.6.4.jar (org.jetbrains.kotlinx:kotlinx-coroutines-android:1.6.4) with IdentityTransform
Transforming kotlinx-coroutines-android-1.6.4.jar (org.jetbrains.kotlinx:kotlinx-coroutines-android:1.6.4) with EnumerateClassesTransform
Transforming kotlin-stdlib-jdk8-1.8.22.jar (org.jetbrains.kotlin:kotlin-stdlib-jdk8:1.8.22) with JetifyTransform
Transforming kotlin-stdlib-jdk8-1.8.22.jar (org.jetbrains.kotlin:kotlin-stdlib-jdk8:1.8.22) with IdentityTransform
Transforming kotlin-stdlib-jdk8-1.8.22.jar (org.jetbrains.kotlin:kotlin-stdlib-jdk8:1.8.22) with EnumerateClassesTransform
Transforming kotlin-stdlib-jdk7-1.8.22.jar (org.jetbrains.kotlin:kotlin-stdlib-jdk7:1.8.22) with JetifyTransform
Transforming kotlin-stdlib-jdk7-1.8.22.jar (org.jetbrains.kotlin:kotlin-stdlib-jdk7:1.8.22) with IdentityTransform
Transforming kotlin-stdlib-jdk7-1.8.22.jar (org.jetbrains.kotlin:kotlin-stdlib-jdk7:1.8.22) with EnumerateClassesTransform
Transforming kotlin-stdlib-1.8.22.jar (org.jetbrains.kotlin:kotlin-stdlib:1.8.22) with JetifyTransform
Transforming kotlin-stdlib-1.8.22.jar (org.jetbrains.kotlin:kotlin-stdlib:1.8.22) with IdentityTransform
Transforming kotlin-stdlib-1.8.22.jar (org.jetbrains.kotlin:kotlin-stdlib:1.8.22) with EnumerateClassesTransform
Transforming error_prone_annotations-2.15.0.jar (com.google.errorprone:error_prone_annotations:2.15.0) with JetifyTransform
Transforming error_prone_annotations-2.15.0.jar (com.google.errorprone:error_prone_annotations:2.15.0) with IdentityTransform
Transforming error_prone_annotations-2.15.0.jar (com.google.errorprone:error_prone_annotations:2.15.0) with EnumerateClassesTransform
Transforming constraintlayout-core-1.0.4.jar (androidx.constraintlayout:constraintlayout-core:1.0.4) with JetifyTransform
Caching disabled for AarToClassTransform: /home/runner/.gradle/caches/modules-2/files-2.1/androidx.appcompat/appcompat/1.7.0/d44656e67ab2123393e5f3e957ecc3641a600c7b/appcompat-1.7.0.aar because:
  Build cache is disabled
Transforming constraintlayout-core-1.0.4.jar (androidx.constraintlayout:constraintlayout-core:1.0.4) with IdentityTransform
Transforming constraintlayout-core-1.0.4.jar (androidx.constraintlayout:constraintlayout-core:1.0.4) with EnumerateClassesTransform
Skipping AarToClassTransform: /home/runner/.gradle/caches/modules-2/files-2.1/androidx.appcompat/appcompat/1.7.0/d44656e67ab2123393e5f3e957ecc3641a600c7b/appcompat-1.7.0.aar as it is up-to-date.
Transforming listenablefuture-1.0.jar (com.google.guava:listenablefuture:1.0) with JetifyTransform
Transforming listenablefuture-1.0.jar (com.google.guava:listenablefuture:1.0) with IdentityTransform
Transforming appcompat-1.7.0.aar (androidx.appcompat:appcompat:1.7.0) with EnumerateClassesTransform
Transforming listenablefuture-1.0.jar (com.google.guava:listenablefuture:1.0) with EnumerateClassesTransform
Transforming kotlin-stdlib-common-1.8.22.jar (org.jetbrains.kotlin:kotlin-stdlib-common:1.8.22) with JetifyTransform
Transforming kotlin-stdlib-common-1.8.22.jar (org.jetbrains.kotlin:kotlin-stdlib-common:1.8.22) with IdentityTransform
Transforming kotlin-stdlib-common-1.8.22.jar (org.jetbrains.kotlin:kotlin-stdlib-common:1.8.22) with EnumerateClassesTransform
Transforming annotations-13.0.jar (org.jetbrains:annotations:13.0) with JetifyTransform
Transforming annotations-13.0.jar (org.jetbrains:annotations:13.0) with IdentityTransform
Transforming annotations-13.0.jar (org.jetbrains:annotations:13.0) with EnumerateClassesTransform
Caching disabled for AarToClassTransform: /home/runner/.gradle/caches/transforms-3/fb70b6352790f7e3b898619f7878bcf2/transformed/jetified-viewpager2-1.1.0-beta02.aar because:
  Build cache is disabled
Skipping AarToClassTransform: /home/runner/.gradle/caches/transforms-3/fb70b6352790f7e3b898619f7878bcf2/transformed/jetified-viewpager2-1.1.0-beta02.aar as it is up-to-date.
Transforming viewpager2-1.1.0-beta02.aar (androidx.viewpager2:viewpager2:1.1.0-beta02) with EnumerateClassesTransform
Caching disabled for EnumerateClassesTransform: /home/runner/.gradle/caches/transforms-3/53c6f0faef645bc4178effac77baed00/transformed/appcompat-1.7.0-runtime.jar because:
  Build cache is disabled
Skipping EnumerateClassesTransform: /home/runner/.gradle/caches/transforms-3/53c6f0faef645bc4178effac77baed00/transformed/appcompat-1.7.0-runtime.jar as it is up-to-date.
Caching disabled for EnumerateClassesTransform: /home/runner/.gradle/caches/transforms-3/38c41766c458a9172d7efbc2962237df/transformed/jetified-viewpager2-1.1.0-beta02-runtime.jar because:
  Build cache is disabled
Skipping EnumerateClassesTransform: /home/runner/.gradle/caches/transforms-3/38c41766c458a9172d7efbc2962237df/transformed/jetified-viewpager2-1.1.0-beta02-runtime.jar as it is up-to-date.
Caching disabled for AarToClassTransform: /home/runner/.gradle/caches/modules-2/files-2.1/androidx.recyclerview/recyclerview/1.3.2/e1d76099dbbd88ee0ee7c39cfa96ed0ea01bc8ad/recyclerview-1.3.2.aar because:
  Build cache is disabled
Skipping AarToClassTransform: /home/runner/.gradle/caches/modules-2/files-2.1/androidx.recyclerview/recyclerview/1.3.2/e1d76099dbbd88ee0ee7c39cfa96ed0ea01bc8ad/recyclerview-1.3.2.aar as it is up-to-date.
Transforming recyclerview-1.3.2.aar (androidx.recyclerview:recyclerview:1.3.2) with EnumerateClassesTransform
Caching disabled for EnumerateClassesTransform: /home/runner/.gradle/caches/transforms-3/321a0da62cff32d63b393f87a32711e8/transformed/recyclerview-1.3.2-runtime.jar because:
  Build cache is disabled
Skipping EnumerateClassesTransform: /home/runner/.gradle/caches/transforms-3/321a0da62cff32d63b393f87a32711e8/transformed/recyclerview-1.3.2-runtime.jar as it is up-to-date.
Caching disabled for AarToClassTransform: /home/runner/.gradle/caches/modules-2/files-2.1/androidx.cardview/cardview/1.0.0/158dbc2e2bc502815821191b04446b8f663c1874/cardview-1.0.0.aar because:
  Build cache is disabled
Skipping AarToClassTransform: /home/runner/.gradle/caches/modules-2/files-2.1/androidx.cardview/cardview/1.0.0/158dbc2e2bc502815821191b04446b8f663c1874/cardview-1.0.0.aar as it is up-to-date.
Transforming cardview-1.0.0.aar (androidx.cardview:cardview:1.0.0) with EnumerateClassesTransform
Caching disabled for AarToClassTransform: /home/runner/.gradle/caches/transforms-3/eee9a256d564c615fc63888a12331559/transformed/jetified-emoji2-views-helper-1.3.0.aar because:
  Build cache is disabled
Skipping AarToClassTransform: /home/runner/.gradle/caches/transforms-3/eee9a256d564c615fc63888a12331559/transformed/jetified-emoji2-views-helper-1.3.0.aar as it is up-to-date.
Transforming emoji2-views-helper-1.3.0.aar (androidx.emoji2:emoji2-views-helper:1.3.0) with EnumerateClassesTransform
Caching disabled for EnumerateClassesTransform: /home/runner/.gradle/caches/transforms-3/22ec3d6a351d56092cb752647a9cc468/transformed/cardview-1.0.0-runtime.jar because:
  Build cache is disabled
Caching disabled for EnumerateClassesTransform: /home/runner/.gradle/caches/transforms-3/10a614b1779635dbb920680b855c57b6/transformed/jetified-emoji2-views-helper-1.3.0-runtime.jar because:
  Build cache is disabled
Skipping EnumerateClassesTransform: /home/runner/.gradle/caches/transforms-3/22ec3d6a351d56092cb752647a9cc468/transformed/cardview-1.0.0-runtime.jar as it is up-to-date.
Skipping EnumerateClassesTransform: /home/runner/.gradle/caches/transforms-3/10a614b1779635dbb920680b855c57b6/transformed/jetified-emoji2-views-helper-1.3.0-runtime.jar as it is up-to-date.
Caching disabled for AarToClassTransform: /home/runner/.gradle/caches/transforms-3/25f25418e05bc4f7d8bf750f10d56e07/transformed/jetified-emoji2-1.3.0.aar because:
  Build cache is disabled
Skipping AarToClassTransform: /home/runner/.gradle/caches/transforms-3/25f25418e05bc4f7d8bf750f10d56e07/transformed/jetified-emoji2-1.3.0.aar as it is up-to-date.
Transforming emoji2-1.3.0.aar (androidx.emoji2:emoji2:1.3.0) with EnumerateClassesTransform
Caching disabled for EnumerateClassesTransform: /home/runner/.gradle/caches/transforms-3/e3d35c5a2ef1bf1b40369693413a1957/transformed/jetified-emoji2-1.3.0-runtime.jar because:
  Build cache is disabled
Caching disabled for AarToClassTransform: /home/runner/.gradle/caches/modules-2/files-2.1/androidx.fragment/fragment/1.5.4/de58ea6b5ffbf3ede9ba6919eb448e23353f1e19/fragment-1.5.4.aar because:
  Build cache is disabled
Skipping EnumerateClassesTransform: /home/runner/.gradle/caches/transforms-3/e3d35c5a2ef1bf1b40369693413a1957/transformed/jetified-emoji2-1.3.0-runtime.jar as it is up-to-date.
Skipping AarToClassTransform: /home/runner/.gradle/caches/modules-2/files-2.1/androidx.fragment/fragment/1.5.4/de58ea6b5ffbf3ede9ba6919eb448e23353f1e19/fragment-1.5.4.aar as it is up-to-date.
Transforming fragment-1.5.4.aar (androidx.fragment:fragment:1.5.4) with EnumerateClassesTransform
Caching disabled for AarToClassTransform: /home/runner/.gradle/caches/transforms-3/6fd033834110bb631f7b32d046f8ed6f/transformed/jetified-activity-1.8.0.aar because:
  Build cache is disabled
Skipping AarToClassTransform: /home/runner/.gradle/caches/transforms-3/6fd033834110bb631f7b32d046f8ed6f/transformed/jetified-activity-1.8.0.aar as it is up-to-date.
Caching disabled for EnumerateClassesTransform: /home/runner/.gradle/caches/transforms-3/6a63627e9fa151fd55216c5d854bdbb2/transformed/fragment-1.5.4-runtime.jar because:
  Build cache is disabled
Transforming activity-1.8.0.aar (androidx.activity:activity:1.8.0) with EnumerateClassesTransform
Skipping EnumerateClassesTransform: /home/runner/.gradle/caches/transforms-3/6a63627e9fa151fd55216c5d854bdbb2/transformed/fragment-1.5.4-runtime.jar as it is up-to-date.
Caching disabled for EnumerateClassesTransform: /home/runner/.gradle/caches/transforms-3/2f761d361e9e3fa4b56c03e9edb016b6/transformed/jetified-activity-1.8.0-runtime.jar because:
  Build cache is disabled
Caching disabled for AarToClassTransform: /home/runner/.gradle/caches/modules-2/files-2.1/androidx.drawerlayout/drawerlayout/1.1.1/1b2b049e1e88589510ddd4d93f2699b46ecd73dd/drawerlayout-1.1.1.aar because:
  Build cache is disabled
Skipping EnumerateClassesTransform: /home/runner/.gradle/caches/transforms-3/2f761d361e9e3fa4b56c03e9edb016b6/transformed/jetified-activity-1.8.0-runtime.jar as it is up-to-date.
Skipping AarToClassTransform: /home/runner/.gradle/caches/modules-2/files-2.1/androidx.drawerlayout/drawerlayout/1.1.1/1b2b049e1e88589510ddd4d93f2699b46ecd73dd/drawerlayout-1.1.1.aar as it is up-to-date.
Transforming drawerlayout-1.1.1.aar (androidx.drawerlayout:drawerlayout:1.1.1) with EnumerateClassesTransform
Caching disabled for EnumerateClassesTransform: /home/runner/.gradle/caches/transforms-3/0df25082433aa8eba3c77378dab0dbf6/transformed/drawerlayout-1.1.1-runtime.jar because:
  Build cache is disabled
Skipping EnumerateClassesTransform: /home/runner/.gradle/caches/transforms-3/0df25082433aa8eba3c77378dab0dbf6/transformed/drawerlayout-1.1.1-runtime.jar as it is up-to-date.
Caching disabled for AarToClassTransform: /home/runner/.gradle/caches/modules-2/files-2.1/androidx.transition/transition/1.5.0/747173f40c7d98cdb6890a25aa60edcbefeb9c95/transition-1.5.0.aar because:
  Build cache is disabled
Skipping AarToClassTransform: /home/runner/.gradle/caches/modules-2/files-2.1/androidx.transition/transition/1.5.0/747173f40c7d98cdb6890a25aa60edcbefeb9c95/transition-1.5.0.aar as it is up-to-date.
Transforming transition-1.5.0.aar (androidx.transition:transition:1.5.0) with EnumerateClassesTransform
Caching disabled for AarToClassTransform: /home/runner/.gradle/caches/modules-2/files-2.1/androidx.coordinatorlayout/coordinatorlayout/1.1.0/8eeb7baf75b9595d017642a460df5af3bb9fa4e1/coordinatorlayout-1.1.0.aar because:
  Build cache is disabled
Skipping AarToClassTransform: /home/runner/.gradle/caches/modules-2/files-2.1/androidx.coordinatorlayout/coordinatorlayout/1.1.0/8eeb7baf75b9595d017642a460df5af3bb9fa4e1/coordinatorlayout-1.1.0.aar as it is up-to-date.
Caching disabled for EnumerateClassesTransform: /home/runner/.gradle/caches/transforms-3/0e8d6918a7b3ab7a9503f8a6901e5032/transformed/transition-1.5.0-runtime.jar because:
  Build cache is disabled
Transforming coordinatorlayout-1.1.0.aar (androidx.coordinatorlayout:coordinatorlayout:1.1.0) with EnumerateClassesTransform
Skipping EnumerateClassesTransform: /home/runner/.gradle/caches/transforms-3/0e8d6918a7b3ab7a9503f8a6901e5032/transformed/transition-1.5.0-runtime.jar as it is up-to-date.
Caching disabled for EnumerateClassesTransform: /home/runner/.gradle/caches/transforms-3/0ebd51b1e4f08871662f8da0349a3670/transformed/coordinatorlayout-1.1.0-runtime.jar because:
  Build cache is disabled
Skipping EnumerateClassesTransform: /home/runner/.gradle/caches/transforms-3/0ebd51b1e4f08871662f8da0349a3670/transformed/coordinatorlayout-1.1.0-runtime.jar as it is up-to-date.
Caching disabled for AarToClassTransform: /home/runner/.gradle/caches/modules-2/files-2.1/androidx.dynamicanimation/dynamicanimation/1.0.0/e980497a58fb319d471f3bb78d066b926a08ba8e/dynamicanimation-1.0.0.aar because:
  Build cache is disabled
Skipping AarToClassTransform: /home/runner/.gradle/caches/modules-2/files-2.1/androidx.dynamicanimation/dynamicanimation/1.0.0/e980497a58fb319d471f3bb78d066b926a08ba8e/dynamicanimation-1.0.0.aar as it is up-to-date.
Transforming dynamicanimation-1.0.0.aar (androidx.dynamicanimation:dynamicanimation:1.0.0) with EnumerateClassesTransform
Caching disabled for AarToClassTransform: /home/runner/.gradle/caches/modules-2/files-2.1/androidx.vectordrawable/vectordrawable-animated/1.1.0/fcda1161354501471c30a4e077af6b5c4d4eddc6/vectordrawable-animated-1.1.0.aar because:
  Build cache is disabled
Skipping AarToClassTransform: /home/runner/.gradle/caches/modules-2/files-2.1/androidx.vectordrawable/vectordrawable-animated/1.1.0/fcda1161354501471c30a4e077af6b5c4d4eddc6/vectordrawable-animated-1.1.0.aar as it is up-to-date.
Transforming vectordrawable-animated-1.1.0.aar (androidx.vectordrawable:vectordrawable-animated:1.1.0) with EnumerateClassesTransform
Caching disabled for EnumerateClassesTransform: /home/runner/.gradle/caches/transforms-3/75b8f03ebe299ca26446a6887646d0ad/transformed/dynamicanimation-1.0.0-runtime.jar because:
  Build cache is disabled
Skipping EnumerateClassesTransform: /home/runner/.gradle/caches/transforms-3/75b8f03ebe299ca26446a6887646d0ad/transformed/dynamicanimation-1.0.0-runtime.jar as it is up-to-date.
Caching disabled for AarToClassTransform: /home/runner/.gradle/caches/modules-2/files-2.1/androidx.vectordrawable/vectordrawable/1.1.0/eac7a364fff534035a2a6cb17770a1288315f69f/vectordrawable-1.1.0.aar because:
  Build cache is disabled
Skipping AarToClassTransform: /home/runner/.gradle/caches/modules-2/files-2.1/androidx.vectordrawable/vectordrawable/1.1.0/eac7a364fff534035a2a6cb17770a1288315f69f/vectordrawable-1.1.0.aar as it is up-to-date.
Transforming vectordrawable-1.1.0.aar (androidx.vectordrawable:vectordrawable:1.1.0) with EnumerateClassesTransform
Caching disabled for EnumerateClassesTransform: /home/runner/.gradle/caches/transforms-3/50ac27d996caf23dbe04fdaef9f10a59/transformed/vectordrawable-1.1.0-runtime.jar because:
  Build cache is disabled
Skipping EnumerateClassesTransform: /home/runner/.gradle/caches/transforms-3/50ac27d996caf23dbe04fdaef9f10a59/transformed/vectordrawable-1.1.0-runtime.jar as it is up-to-date.
Transforming vectordrawable-1.1.0.aar (androidx.vectordrawable:vectordrawable:1.1.0) with EnumerateClassesTransform
Caching disabled for EnumerateClassesTransform: /home/runner/.gradle/caches/transforms-3/6de24600d222a6d5f8870f9fcae8ed3f/transformed/vectordrawable-animated-1.1.0-runtime.jar because:
  Build cache is disabled
Skipping EnumerateClassesTransform: /home/runner/.gradle/caches/transforms-3/6de24600d222a6d5f8870f9fcae8ed3f/transformed/vectordrawable-animated-1.1.0-runtime.jar as it is up-to-date.
Caching disabled for AarToClassTransform: /home/runner/.gradle/caches/transforms-3/5136d2469c78edc297c7efd160e4ab6c/transformed/jetified-customview-poolingcontainer-1.0.0.aar because:
  Build cache is disabled
Caching disabled for AarToClassTransform: /home/runner/.gradle/caches/transforms-3/06882ff7d33453d3f89a91be1706e6a8/transformed/jetified-savedstate-1.2.1.aar because:
  Build cache is disabled
Skipping AarToClassTransform: /home/runner/.gradle/caches/transforms-3/5136d2469c78edc297c7efd160e4ab6c/transformed/jetified-customview-poolingcontainer-1.0.0.aar as it is up-to-date.
Transforming customview-poolingcontainer-1.0.0.aar (androidx.customview:customview-poolingcontainer:1.0.0) with EnumerateClassesTransform
Caching disabled for EnumerateClassesTransform: /home/runner/.gradle/caches/transforms-3/192d2e91ea14c62e82eb75e661027f6c/transformed/jetified-customview-poolingcontainer-1.0.0-runtime.jar because:
  Build cache is disabled
Skipping EnumerateClassesTransform: /home/runner/.gradle/caches/transforms-3/192d2e91ea14c62e82eb75e661027f6c/transformed/jetified-customview-poolingcontainer-1.0.0-runtime.jar as it is up-to-date.
Caching disabled for AarToClassTransform: /home/runner/.gradle/caches/modules-2/files-2.1/androidx.legacy/legacy-support-core-utils/1.0.0/9b9570042115da8629519090dfeb71df75da59fc/legacy-support-core-utils-1.0.0.aar because:
  Build cache is disabled
Skipping AarToClassTransform: /home/runner/.gradle/caches/modules-2/files-2.1/androidx.legacy/legacy-support-core-utils/1.0.0/9b9570042115da8629519090dfeb71df75da59fc/legacy-support-core-utils-1.0.0.aar as it is up-to-date.
Transforming legacy-support-core-utils-1.0.0.aar (androidx.legacy:legacy-support-core-utils:1.0.0) with EnumerateClassesTransform
Caching disabled for EnumerateClassesTransform: /home/runner/.gradle/caches/transforms-3/d369aa802c67d39aeff37f9b2fc1d3a4/transformed/legacy-support-core-utils-1.0.0-runtime.jar because:
  Build cache is disabled
Skipping EnumerateClassesTransform: /home/runner/.gradle/caches/transforms-3/d369aa802c67d39aeff37f9b2fc1d3a4/transformed/legacy-support-core-utils-1.0.0-runtime.jar as it is up-to-date.
Skipping AarToClassTransform: /home/runner/.gradle/caches/transforms-3/06882ff7d33453d3f89a91be1706e6a8/transformed/jetified-savedstate-1.2.1.aar as it is up-to-date.
Transforming savedstate-1.2.1.aar (androidx.savedstate:savedstate:1.2.1) with EnumerateClassesTransform
Caching disabled for AarToClassTransform: /home/runner/.gradle/caches/modules-2/files-2.1/androidx.loader/loader/1.0.0/8af8b6cec0da85c207d03e15840e0722cbc71e70/loader-1.0.0.aar because:
  Build cache is disabled
Skipping AarToClassTransform: /home/runner/.gradle/caches/modules-2/files-2.1/androidx.loader/loader/1.0.0/8af8b6cec0da85c207d03e15840e0722cbc71e70/loader-1.0.0.aar as it is up-to-date.
Transforming loader-1.0.0.aar (androidx.loader:loader:1.0.0) with EnumerateClassesTransform
Caching disabled for EnumerateClassesTransform: /home/runner/.gradle/caches/transforms-3/d3846a222edfbbf0d6a0d73825280c9c/transformed/loader-1.0.0-runtime.jar because:
  Build cache is disabled
Skipping EnumerateClassesTransform: /home/runner/.gradle/caches/transforms-3/d3846a222edfbbf0d6a0d73825280c9c/transformed/loader-1.0.0-runtime.jar as it is up-to-date.
Transforming loader-1.0.0.aar (androidx.loader:loader:1.0.0) with EnumerateClassesTransform
Caching disabled for AarToClassTransform: /home/runner/.gradle/caches/modules-2/files-2.1/androidx.lifecycle/lifecycle-livedata/2.6.2/e7f6d9e232bf035af69c030917c1ccda8e840b57/lifecycle-livedata-2.6.2.aar because:
  Build cache is disabled
Skipping AarToClassTransform: /home/runner/.gradle/caches/modules-2/files-2.1/androidx.lifecycle/lifecycle-livedata/2.6.2/e7f6d9e232bf035af69c030917c1ccda8e840b57/lifecycle-livedata-2.6.2.aar as it is up-to-date.
Transforming lifecycle-livedata-2.6.2.aar (androidx.lifecycle:lifecycle-livedata:2.6.2) with EnumerateClassesTransform
Caching disabled for EnumerateClassesTransform: /home/runner/.gradle/caches/transforms-3/b657771ff127b89ffe1b81bb54b37e58/transformed/lifecycle-livedata-2.6.2-runtime.jar because:
  Build cache is disabled
Skipping EnumerateClassesTransform: /home/runner/.gradle/caches/transforms-3/b657771ff127b89ffe1b81bb54b37e58/transformed/lifecycle-livedata-2.6.2-runtime.jar as it is up-to-date.
Caching disabled for EnumerateClassesTransform: /home/runner/.gradle/caches/transforms-3/d1cb9030c1157b105255746a0eba2ed4/transformed/jetified-savedstate-1.2.1-runtime.jar because:
  Build cache is disabled
Skipping EnumerateClassesTransform: /home/runner/.gradle/caches/transforms-3/d1cb9030c1157b105255746a0eba2ed4/transformed/jetified-savedstate-1.2.1-runtime.jar as it is up-to-date.
Caching disabled for AarToClassTransform: /home/runner/.gradle/caches/modules-2/files-2.1/androidx.lifecycle/lifecycle-viewmodel/2.6.2/fa35bfdbbe0e7df1573e377cbdd15de35176141d/lifecycle-viewmodel-2.6.2.aar because:
  Build cache is disabled
Skipping AarToClassTransform: /home/runner/.gradle/caches/modules-2/files-2.1/androidx.lifecycle/lifecycle-viewmodel/2.6.2/fa35bfdbbe0e7df1573e377cbdd15de35176141d/lifecycle-viewmodel-2.6.2.aar as it is up-to-date.
Transforming lifecycle-viewmodel-2.6.2.aar (androidx.lifecycle:lifecycle-viewmodel:2.6.2) with EnumerateClassesTransform
Caching disabled for EnumerateClassesTransform: /home/runner/.gradle/caches/transforms-3/3a3f8071d22205723b4fd611b0e4d304/transformed/lifecycle-viewmodel-2.6.2-runtime.jar because:
  Build cache is disabled
Skipping EnumerateClassesTransform: /home/runner/.gradle/caches/transforms-3/3a3f8071d22205723b4fd611b0e4d304/transformed/lifecycle-viewmodel-2.6.2-runtime.jar as it is up-to-date.
Caching disabled for AarToClassTransform: /home/runner/.gradle/caches/transforms-3/b0576064de59586c0e457afaba1d2707/transformed/jetified-lifecycle-process-2.6.2.aar because:
  Build cache is disabled
Skipping AarToClassTransform: /home/runner/.gradle/caches/transforms-3/b0576064de59586c0e457afaba1d2707/transformed/jetified-lifecycle-process-2.6.2.aar as it is up-to-date.
Transforming lifecycle-process-2.6.2.aar (androidx.lifecycle:lifecycle-process:2.6.2) with EnumerateClassesTransform
Transforming lifecycle-viewmodel-2.6.2.aar (androidx.lifecycle:lifecycle-viewmodel:2.6.2) with EnumerateClassesTransform
Caching disabled for EnumerateClassesTransform: /home/runner/.gradle/caches/transforms-3/e448a66109f5baa0182ca49c7f478fdb/transformed/jetified-lifecycle-process-2.6.2-runtime.jar because:
  Build cache is disabled
Skipping EnumerateClassesTransform: /home/runner/.gradle/caches/transforms-3/e448a66109f5baa0182ca49c7f478fdb/transformed/jetified-lifecycle-process-2.6.2-runtime.jar as it is up-to-date.
Caching disabled for AarToClassTransform: /home/runner/.gradle/caches/modules-2/files-2.1/androidx.lifecycle/lifecycle-livedata-core/2.6.2/23f66885a260f0a2cd6540927ea8795484afd2da/lifecycle-livedata-core-2.6.2.aar because:
  Build cache is disabled
Skipping AarToClassTransform: /home/runner/.gradle/caches/modules-2/files-2.1/androidx.lifecycle/lifecycle-livedata-core/2.6.2/23f66885a260f0a2cd6540927ea8795484afd2da/lifecycle-livedata-core-2.6.2.aar as it is up-to-date.
Transforming lifecycle-livedata-core-2.6.2.aar (androidx.lifecycle:lifecycle-livedata-core:2.6.2) with EnumerateClassesTransform
Caching disabled for EnumerateClassesTransform: /home/runner/.gradle/caches/modules-2/files-2.1/androidx.lifecycle/lifecycle-common/2.6.2/10f354fdb64868baecd67128560c5a0d6312c495/lifecycle-common-2.6.2.jar because:
  Build cache is disabled
Skipping EnumerateClassesTransform: /home/runner/.gradle/caches/modules-2/files-2.1/androidx.lifecycle/lifecycle-common/2.6.2/10f354fdb64868baecd67128560c5a0d6312c495/lifecycle-common-2.6.2.jar as it is up-to-date.
Caching disabled for EnumerateClassesTransform: /home/runner/.gradle/caches/transforms-3/eb35e8baa4ec6f08c9545884edf1e08f/transformed/lifecycle-livedata-core-2.6.2-runtime.jar because:
  Build cache is disabled
Skipping EnumerateClassesTransform: /home/runner/.gradle/caches/transforms-3/eb35e8baa4ec6f08c9545884edf1e08f/transformed/lifecycle-livedata-core-2.6.2-runtime.jar as it is up-to-date.
Caching disabled for AarToClassTransform: /home/runner/.gradle/caches/modules-2/files-2.1/androidx.lifecycle/lifecycle-runtime/2.6.2/f0ef27053faa89b3ec06c4f118cea0a15edde35b/lifecycle-runtime-2.6.2.aar because:
  Build cache is disabled
Skipping AarToClassTransform: /home/runner/.gradle/caches/modules-2/files-2.1/androidx.lifecycle/lifecycle-runtime/2.6.2/f0ef27053faa89b3ec06c4f118cea0a15edde35b/lifecycle-runtime-2.6.2.aar as it is up-to-date.
Caching disabled for AarToClassTransform: /home/runner/.gradle/caches/transforms-3/8a2218b8f256d0c7ace53ed16049bee0/transformed/jetified-lifecycle-viewmodel-savedstate-2.6.2.aar because:
  Build cache is disabled
Skipping AarToClassTransform: /home/runner/.gradle/caches/transforms-3/8a2218b8f256d0c7ace53ed16049bee0/transformed/jetified-lifecycle-viewmodel-savedstate-2.6.2.aar as it is up-to-date.
Transforming lifecycle-viewmodel-savedstate-2.6.2.aar (androidx.lifecycle:lifecycle-viewmodel-savedstate:2.6.2) with EnumerateClassesTransform
Caching disabled for EnumerateClassesTransform: /home/runner/.gradle/caches/transforms-3/42b1e11e371da8ae081fad59af67b730/transformed/jetified-lifecycle-viewmodel-savedstate-2.6.2-runtime.jar because:
  Build cache is disabled
Skipping EnumerateClassesTransform: /home/runner/.gradle/caches/transforms-3/42b1e11e371da8ae081fad59af67b730/transformed/jetified-lifecycle-viewmodel-savedstate-2.6.2-runtime.jar as it is up-to-date.
Transforming lifecycle-runtime-2.6.2.aar (androidx.lifecycle:lifecycle-runtime:2.6.2) with EnumerateClassesTransform
Caching disabled for EnumerateClassesTransform: /home/runner/.gradle/caches/transforms-3/b87b9a96bf9b63cb3d2b466c826eeab9/transformed/lifecycle-runtime-2.6.2-runtime.jar because:
  Build cache is disabled
Skipping EnumerateClassesTransform: /home/runner/.gradle/caches/transforms-3/b87b9a96bf9b63cb3d2b466c826eeab9/transformed/lifecycle-runtime-2.6.2-runtime.jar as it is up-to-date.
Caching disabled for AarToClassTransform: /home/runner/.gradle/caches/transforms-3/8b5c7db4b6f37381ff94649c6a70a87f/transformed/jetified-core-ktx-1.13.1.aar because:
  Build cache is disabled
Skipping AarToClassTransform: /home/runner/.gradle/caches/transforms-3/8b5c7db4b6f37381ff94649c6a70a87f/transformed/jetified-core-ktx-1.13.1.aar as it is up-to-date.
Transforming core-ktx-1.13.1.aar (androidx.core:core-ktx:1.13.1) with EnumerateClassesTransform
Caching disabled for AarToClassTransform: /home/runner/.gradle/caches/modules-2/files-2.1/androidx.viewpager/viewpager/1.0.0/1f90e13820f96c2fb868f9674079a551678d68b2/viewpager-1.0.0.aar because:
  Build cache is disabled
Skipping AarToClassTransform: /home/runner/.gradle/caches/modules-2/files-2.1/androidx.viewpager/viewpager/1.0.0/1f90e13820f96c2fb868f9674079a551678d68b2/viewpager-1.0.0.aar as it is up-to-date.
Transforming viewpager-1.0.0.aar (androidx.viewpager:viewpager:1.0.0) with EnumerateClassesTransform
Caching disabled for EnumerateClassesTransform: /home/runner/.gradle/caches/transforms-3/fd8a181ac850d3f2c48ad0d0de0cc7ff/transformed/jetified-core-ktx-1.13.1-runtime.jar because:
  Build cache is disabled
Skipping EnumerateClassesTransform: /home/runner/.gradle/caches/transforms-3/fd8a181ac850d3f2c48ad0d0de0cc7ff/transformed/jetified-core-ktx-1.13.1-runtime.jar as it is up-to-date.
Caching disabled for EnumerateClassesTransform: /home/runner/.gradle/caches/transforms-3/6276366b3b87e9b3e0bba5d937e24f31/transformed/viewpager-1.0.0-runtime.jar because:
  Build cache is disabled
Skipping EnumerateClassesTransform: /home/runner/.gradle/caches/transforms-3/6276366b3b87e9b3e0bba5d937e24f31/transformed/viewpager-1.0.0-runtime.jar as it is up-to-date.
Caching disabled for AarToClassTransform: /home/runner/.gradle/caches/modules-2/files-2.1/androidx.customview/customview/1.1.0/a030aaf64c5419a89f7d91a33755c4629a43471/customview-1.1.0.aar because:
  Build cache is disabled
Skipping AarToClassTransform: /home/runner/.gradle/caches/modules-2/files-2.1/androidx.customview/customview/1.1.0/a030aaf64c5419a89f7d91a33755c4629a43471/customview-1.1.0.aar as it is up-to-date.
Transforming customview-1.1.0.aar (androidx.customview:customview:1.1.0) with EnumerateClassesTransform
Transforming customview-1.1.0.aar (androidx.customview:customview:1.1.0) with EnumerateClassesTransform
Caching disabled for EnumerateClassesTransform: /home/runner/.gradle/caches/transforms-3/3953f7e627daeb4a0e80a061797a5d19/transformed/customview-1.1.0-runtime.jar because:
  Build cache is disabled
Skipping EnumerateClassesTransform: /home/runner/.gradle/caches/transforms-3/3953f7e627daeb4a0e80a061797a5d19/transformed/customview-1.1.0-runtime.jar as it is up-to-date.
Caching disabled for AarToClassTransform: /home/runner/.gradle/caches/modules-2/files-2.1/androidx.core/core/1.13.1/4606d420282fe1e5c8d5c4e647ec188e1045b7be/core-1.13.1.aar because:
  Build cache is disabled
Skipping AarToClassTransform: /home/runner/.gradle/caches/modules-2/files-2.1/androidx.core/core/1.13.1/4606d420282fe1e5c8d5c4e647ec188e1045b7be/core-1.13.1.aar as it is up-to-date.
Transforming core-1.13.1.aar (androidx.core:core:1.13.1) with EnumerateClassesTransform
Transforming core-1.13.1.aar (androidx.core:core:1.13.1) with EnumerateClassesTransform
Caching disabled for EnumerateClassesTransform: /home/runner/.gradle/caches/transforms-3/3037cd68b665e8105793683375bffae9/transformed/core-1.13.1-runtime.jar because:
  Build cache is disabled
Skipping EnumerateClassesTransform: /home/runner/.gradle/caches/transforms-3/3037cd68b665e8105793683375bffae9/transformed/core-1.13.1-runtime.jar as it is up-to-date.
Caching disabled for AarToClassTransform: /home/runner/.gradle/caches/modules-2/files-2.1/androidx.cursoradapter/cursoradapter/1.0.0/74014983a86b83cbce534dec4e7aa9312f5f5d82/cursoradapter-1.0.0.aar because:
  Build cache is disabled
Skipping AarToClassTransform: /home/runner/.gradle/caches/modules-2/files-2.1/androidx.cursoradapter/cursoradapter/1.0.0/74014983a86b83cbce534dec4e7aa9312f5f5d82/cursoradapter-1.0.0.aar as it is up-to-date.
Transforming cursoradapter-1.0.0.aar (androidx.cursoradapter:cursoradapter:1.0.0) with EnumerateClassesTransform
Caching disabled for AarToClassTransform: /home/runner/.gradle/caches/transforms-3/931cc62bd35ea0a93325b66342d2bcfa/transformed/jetified-profileinstaller-1.3.1.aar because:
  Build cache is disabled
Skipping AarToClassTransform: /home/runner/.gradle/caches/transforms-3/931cc62bd35ea0a93325b66342d2bcfa/transformed/jetified-profileinstaller-1.3.1.aar as it is up-to-date.
Transforming profileinstaller-1.3.1.aar (androidx.profileinstaller:profileinstaller:1.3.1) with EnumerateClassesTransform
Caching disabled for EnumerateClassesTransform: /home/runner/.gradle/caches/transforms-3/b264b76d2cee658eebec3181157ac26c/transformed/jetified-profileinstaller-1.3.1-runtime.jar because:
  Build cache is disabled
Skipping EnumerateClassesTransform: /home/runner/.gradle/caches/transforms-3/b264b76d2cee658eebec3181157ac26c/transformed/jetified-profileinstaller-1.3.1-runtime.jar as it is up-to-date.
Caching disabled for EnumerateClassesTransform: /home/runner/.gradle/caches/transforms-3/973884fe93e97c1cca44afb796361ba3/transformed/cursoradapter-1.0.0-runtime.jar because:
  Build cache is disabled
Skipping EnumerateClassesTransform: /home/runner/.gradle/caches/transforms-3/973884fe93e97c1cca44afb796361ba3/transformed/cursoradapter-1.0.0-runtime.jar as it is up-to-date.
Caching disabled for EnumerateClassesTransform: /home/runner/.gradle/caches/transforms-3/89e2d340b7ee39894310d73cb9bf2396/transformed/jetified-resourceinspection-annotation-1.0.1.jar because:
  Build cache is disabled
Skipping EnumerateClassesTransform: /home/runner/.gradle/caches/transforms-3/89e2d340b7ee39894310d73cb9bf2396/transformed/jetified-resourceinspection-annotation-1.0.1.jar as it is up-to-date.
Caching disabled for AarToClassTransform: /home/runner/.gradle/caches/modules-2/files-2.1/androidx.interpolator/interpolator/1.0.0/8a01fa254a23b9388571eb6334b03707c7d122d7/interpolator-1.0.0.aar because:
  Build cache is disabled
Skipping AarToClassTransform: /home/runner/.gradle/caches/modules-2/files-2.1/androidx.interpolator/interpolator/1.0.0/8a01fa254a23b9388571eb6334b03707c7d122d7/interpolator-1.0.0.aar as it is up-to-date.
Transforming interpolator-1.0.0.aar (androidx.interpolator:interpolator:1.0.0) with EnumerateClassesTransform
Transforming interpolator-1.0.0.aar (androidx.interpolator:interpolator:1.0.0) with EnumerateClassesTransform
Caching disabled for EnumerateClassesTransform: /home/runner/.gradle/caches/transforms-3/e9f1e2301bd93cc0f655e098f503866a/transformed/interpolator-1.0.0-runtime.jar because:
  Build cache is disabled
Skipping EnumerateClassesTransform: /home/runner/.gradle/caches/transforms-3/e9f1e2301bd93cc0f655e098f503866a/transformed/interpolator-1.0.0-runtime.jar as it is up-to-date.
Caching disabled for AarToClassTransform: /home/runner/.gradle/caches/modules-2/files-2.1/androidx.versionedparcelable/versionedparcelable/1.1.1/18e18071e7715679e0593c570217edeb5ca48b9e/versionedparcelable-1.1.1.aar because:
  Build cache is disabled
Skipping AarToClassTransform: /home/runner/.gradle/caches/modules-2/files-2.1/androidx.versionedparcelable/versionedparcelable/1.1.1/18e18071e7715679e0593c570217edeb5ca48b9e/versionedparcelable-1.1.1.aar as it is up-to-date.
Transforming versionedparcelable-1.1.1.aar (androidx.versionedparcelable:versionedparcelable:1.1.1) with EnumerateClassesTransform
Caching disabled for EnumerateClassesTransform: /home/runner/.gradle/caches/modules-2/files-2.1/androidx.collection/collection/1.1.0/1f27220b47669781457de0d600849a5de0e89909/collection-1.1.0.jar because:
  Build cache is disabled
Skipping EnumerateClassesTransform: /home/runner/.gradle/caches/modules-2/files-2.1/androidx.collection/collection/1.1.0/1f27220b47669781457de0d600849a5de0e89909/collection-1.1.0.jar as it is up-to-date.
Caching disabled for EnumerateClassesTransform: /home/runner/.gradle/caches/transforms-3/2c7ea9d6608dc3a670c8439407645cae/transformed/versionedparcelable-1.1.1-runtime.jar because:
  Build cache is disabled
Skipping EnumerateClassesTransform: /home/runner/.gradle/caches/transforms-3/2c7ea9d6608dc3a670c8439407645cae/transformed/versionedparcelable-1.1.1-runtime.jar as it is up-to-date.
Caching disabled for EnumerateClassesTransform: /home/runner/.gradle/caches/transforms-3/06145b6468a5bd1d2c007cbc6d3469ad/transformed/jetified-concurrent-futures-1.1.0.jar because:
  Build cache is disabled
Skipping EnumerateClassesTransform: /home/runner/.gradle/caches/transforms-3/06145b6468a5bd1d2c007cbc6d3469ad/transformed/jetified-concurrent-futures-1.1.0.jar as it is up-to-date.
Caching disabled for AarToClassTransform: /home/runner/.gradle/caches/transforms-3/9467db830382d7dfcc9f466e40b1d227/transformed/jetified-startup-runtime-1.1.1.aar because:
  Build cache is disabled
Skipping AarToClassTransform: /home/runner/.gradle/caches/transforms-3/9467db830382d7dfcc9f466e40b1d227/transformed/jetified-startup-runtime-1.1.1.aar as it is up-to-date.
Transforming startup-runtime-1.1.1.aar (androidx.startup:startup-runtime:1.1.1) with EnumerateClassesTransform
Caching disabled for AarToClassTransform: /home/runner/.gradle/caches/transforms-3/874ee314ce2566803436ebbab8213bd5/transformed/jetified-tracing-1.0.0.aar because:
  Build cache is disabled
Skipping AarToClassTransform: /home/runner/.gradle/caches/transforms-3/874ee314ce2566803436ebbab8213bd5/transformed/jetified-tracing-1.0.0.aar as it is up-to-date.
Transforming tracing-1.0.0.aar (androidx.tracing:tracing:1.0.0) with EnumerateClassesTransform
Caching disabled for EnumerateClassesTransform: /home/runner/.gradle/caches/transforms-3/4555c9a9df8b84b79e290d9ab978f5ab/transformed/jetified-startup-runtime-1.1.1-runtime.jar because:
  Build cache is disabled
Skipping EnumerateClassesTransform: /home/runner/.gradle/caches/transforms-3/4555c9a9df8b84b79e290d9ab978f5ab/transformed/jetified-startup-runtime-1.1.1-runtime.jar as it is up-to-date.
Caching disabled for EnumerateClassesTransform: /home/runner/.gradle/caches/transforms-3/a0462b0d75b29570d3d54dcd10f7200b/transformed/jetified-tracing-1.0.0-runtime.jar because:
  Build cache is disabled
Skipping EnumerateClassesTransform: /home/runner/.gradle/caches/transforms-3/a0462b0d75b29570d3d54dcd10f7200b/transformed/jetified-tracing-1.0.0-runtime.jar as it is up-to-date.
Caching disabled for AarToClassTransform: /home/runner/.gradle/caches/modules-2/files-2.1/androidx.arch.core/core-runtime/2.2.0/39705982680d78556b679ef9d5400d4f17509b0b/core-runtime-2.2.0.aar because:
  Build cache is disabled
Skipping AarToClassTransform: /home/runner/.gradle/caches/modules-2/files-2.1/androidx.arch.core/core-runtime/2.2.0/39705982680d78556b679ef9d5400d4f17509b0b/core-runtime-2.2.0.aar as it is up-to-date.
Transforming core-runtime-2.2.0.aar (androidx.arch.core:core-runtime:2.2.0) with EnumerateClassesTransform
Caching disabled for EnumerateClassesTransform: /home/runner/.gradle/caches/modules-2/files-2.1/androidx.arch.core/core-common/2.2.0/5e1b8b81dfd5f52c56a8d53b18ca759c19a301f3/core-common-2.2.0.jar because:
  Build cache is disabled
Skipping EnumerateClassesTransform: /home/runner/.gradle/caches/modules-2/files-2.1/androidx.arch.core/core-common/2.2.0/5e1b8b81dfd5f52c56a8d53b18ca759c19a301f3/core-common-2.2.0.jar as it is up-to-date.
Caching disabled for EnumerateClassesTransform: /home/runner/.gradle/caches/transforms-3/c68f9ae0e9eb02974a38ad0163b0ac10/transformed/core-runtime-2.2.0-runtime.jar because:
  Build cache is disabled
Skipping EnumerateClassesTransform: /home/runner/.gradle/caches/transforms-3/c68f9ae0e9eb02974a38ad0163b0ac10/transformed/core-runtime-2.2.0-runtime.jar as it is up-to-date.
Caching disabled for AarToClassTransform: /home/runner/.gradle/caches/modules-2/files-2.1/androidx.documentfile/documentfile/1.0.0/66104345c90cd8c2fd5ad2d3aad692b280e10c32/documentfile-1.0.0.aar because:
  Build cache is disabled
Skipping AarToClassTransform: /home/runner/.gradle/caches/modules-2/files-2.1/androidx.documentfile/documentfile/1.0.0/66104345c90cd8c2fd5ad2d3aad692b280e10c32/documentfile-1.0.0.aar as it is up-to-date.
Transforming documentfile-1.0.0.aar (androidx.documentfile:documentfile:1.0.0) with EnumerateClassesTransform
Caching disabled for AarToClassTransform: /home/runner/.gradle/caches/modules-2/files-2.1/androidx.localbroadcastmanager/localbroadcastmanager/1.0.0/2734f31c8321e83ce6b60570d14777fc33cc2ece/localbroadcastmanager-1.0.0.aar because:
  Build cache is disabled
Skipping AarToClassTransform: /home/runner/.gradle/caches/modules-2/files-2.1/androidx.localbroadcastmanager/localbroadcastmanager/1.0.0/2734f31c8321e83ce6b60570d14777fc33cc2ece/localbroadcastmanager-1.0.0.aar as it is up-to-date.
Transforming localbroadcastmanager-1.0.0.aar (androidx.localbroadcastmanager:localbroadcastmanager:1.0.0) with EnumerateClassesTransform
Caching disabled for EnumerateClassesTransform: /home/runner/.gradle/caches/transforms-3/c7113a4634d37415c5c0e847516851c4/transformed/documentfile-1.0.0-runtime.jar because:
  Build cache is disabled
Skipping EnumerateClassesTransform: /home/runner/.gradle/caches/transforms-3/c7113a4634d37415c5c0e847516851c4/transformed/documentfile-1.0.0-runtime.jar as it is up-to-date.
Caching disabled for EnumerateClassesTransform: /home/runner/.gradle/caches/transforms-3/3bd00c8bf9b03966efd03e656859f4cc/transformed/localbroadcastmanager-1.0.0-runtime.jar because:
  Build cache is disabled
Skipping EnumerateClassesTransform: /home/runner/.gradle/caches/transforms-3/3bd00c8bf9b03966efd03e656859f4cc/transformed/localbroadcastmanager-1.0.0-runtime.jar as it is up-to-date.
Caching disabled for AarToClassTransform: /home/runner/.gradle/caches/modules-2/files-2.1/androidx.print/print/1.0.0/7722094652c48ebe27acc94d74a55e759e4635ff/print-1.0.0.aar because:
  Build cache is disabled
Skipping AarToClassTransform: /home/runner/.gradle/caches/modules-2/files-2.1/androidx.print/print/1.0.0/7722094652c48ebe27acc94d74a55e759e4635ff/print-1.0.0.aar as it is up-to-date.
Transforming print-1.0.0.aar (androidx.print:print:1.0.0) with EnumerateClassesTransform
Caching disabled for EnumerateClassesTransform: /home/runner/.gradle/caches/transforms-3/4c55973d46eff54bec6f0237c84359e7/transformed/print-1.0.0-runtime.jar because:
  Build cache is disabled
Caching disabled for AarToClassTransform: /home/runner/.gradle/caches/transforms-3/20f3991a8e1fcfbb5ccbe4a4e0ad9de0/transformed/jetified-annotation-experimental-1.4.0.aar because:
  Build cache is disabled
Skipping EnumerateClassesTransform: /home/runner/.gradle/caches/transforms-3/4c55973d46eff54bec6f0237c84359e7/transformed/print-1.0.0-runtime.jar as it is up-to-date.
Skipping AarToClassTransform: /home/runner/.gradle/caches/transforms-3/20f3991a8e1fcfbb5ccbe4a4e0ad9de0/transformed/jetified-annotation-experimental-1.4.0.aar as it is up-to-date.
Transforming annotation-experimental-1.4.0.aar (androidx.annotation:annotation-experimental:1.4.0) with EnumerateClassesTransform
Caching disabled for EnumerateClassesTransform: /home/runner/.gradle/caches/transforms-3/637acb59ff1b25cd8c0f935a5040f050/transformed/jetified-annotation-jvm-1.6.0.jar because:
  Build cache is disabled
Skipping EnumerateClassesTransform: /home/runner/.gradle/caches/transforms-3/637acb59ff1b25cd8c0f935a5040f050/transformed/jetified-annotation-jvm-1.6.0.jar as it is up-to-date.
Caching disabled for EnumerateClassesTransform: /home/runner/.gradle/caches/transforms-3/83fcf94f72ed649286d3f8d896029b64/transformed/jetified-annotation-experimental-1.4.0-runtime.jar because:
  Build cache is disabled
Skipping EnumerateClassesTransform: /home/runner/.gradle/caches/transforms-3/83fcf94f72ed649286d3f8d896029b64/transformed/jetified-annotation-experimental-1.4.0-runtime.jar as it is up-to-date.
Caching disabled for EnumerateClassesTransform: /home/runner/.gradle/caches/transforms-3/84e05d8371d4fdecd4b3c8984aba347a/transformed/jetified-kotlinx-coroutines-core-jvm-1.6.4.jar because:
  Build cache is disabled
Skipping EnumerateClassesTransform: /home/runner/.gradle/caches/transforms-3/84e05d8371d4fdecd4b3c8984aba347a/transformed/jetified-kotlinx-coroutines-core-jvm-1.6.4.jar as it is up-to-date.
Caching disabled for EnumerateClassesTransform: /home/runner/.gradle/caches/transforms-3/64aa93627f97ae6c06a96b5695dcc8ad/transformed/jetified-kotlinx-coroutines-android-1.6.4.jar because:
  Build cache is disabled
Skipping EnumerateClassesTransform: /home/runner/.gradle/caches/transforms-3/64aa93627f97ae6c06a96b5695dcc8ad/transformed/jetified-kotlinx-coroutines-android-1.6.4.jar as it is up-to-date.
Caching disabled for EnumerateClassesTransform: /home/runner/.gradle/caches/transforms-3/dad5bfa65de0be26294648cc54c3b73f/transformed/jetified-kotlin-stdlib-jdk8-1.8.22.jar because:
  Build cache is disabled
Skipping EnumerateClassesTransform: /home/runner/.gradle/caches/transforms-3/dad5bfa65de0be26294648cc54c3b73f/transformed/jetified-kotlin-stdlib-jdk8-1.8.22.jar as it is up-to-date.
Caching disabled for EnumerateClassesTransform: /home/runner/.gradle/caches/transforms-3/b1d23b3f8ceab2825bd8a252db3072cf/transformed/jetified-kotlin-stdlib-jdk7-1.8.22.jar because:
  Build cache is disabled
Skipping EnumerateClassesTransform: /home/runner/.gradle/caches/transforms-3/b1d23b3f8ceab2825bd8a252db3072cf/transformed/jetified-kotlin-stdlib-jdk7-1.8.22.jar as it is up-to-date.
Caching disabled for EnumerateClassesTransform: /home/runner/.gradle/caches/transforms-3/158dfe33a64c97e3afaa53bb59960824/transformed/jetified-kotlin-stdlib-1.8.22.jar because:
  Build cache is disabled
Skipping EnumerateClassesTransform: /home/runner/.gradle/caches/transforms-3/158dfe33a64c97e3afaa53bb59960824/transformed/jetified-kotlin-stdlib-1.8.22.jar as it is up-to-date.
Caching disabled for EnumerateClassesTransform: /home/runner/.gradle/caches/transforms-3/f6a39805e29ae55726da50db699c3b50/transformed/jetified-error_prone_annotations-2.15.0.jar because:
  Build cache is disabled
Skipping EnumerateClassesTransform: /home/runner/.gradle/caches/transforms-3/f6a39805e29ae55726da50db699c3b50/transformed/jetified-error_prone_annotations-2.15.0.jar as it is up-to-date.
Caching disabled for EnumerateClassesTransform: /home/runner/.gradle/caches/transforms-3/0008678694b6b59136ba1da65646c474/transformed/jetified-constraintlayout-core-1.0.4.jar because:
  Build cache is disabled
Skipping EnumerateClassesTransform: /home/runner/.gradle/caches/transforms-3/0008678694b6b59136ba1da65646c474/transformed/jetified-constraintlayout-core-1.0.4.jar as it is up-to-date.
Caching disabled for EnumerateClassesTransform: /home/runner/.gradle/caches/transforms-3/56e930df2fe98a9f2aa54661614ed886/transformed/jetified-listenablefuture-1.0.jar because:
  Build cache is disabled
Skipping EnumerateClassesTransform: /home/runner/.gradle/caches/transforms-3/56e930df2fe98a9f2aa54661614ed886/transformed/jetified-listenablefuture-1.0.jar as it is up-to-date.
Caching disabled for EnumerateClassesTransform: /home/runner/.gradle/caches/transforms-3/8c9f0ac1b77146d7b7a1c11e19bcf7f3/transformed/jetified-kotlin-stdlib-common-1.8.22.jar because:
  Build cache is disabled
Skipping EnumerateClassesTransform: /home/runner/.gradle/caches/transforms-3/8c9f0ac1b77146d7b7a1c11e19bcf7f3/transformed/jetified-kotlin-stdlib-common-1.8.22.jar as it is up-to-date.
Caching disabled for EnumerateClassesTransform: /home/runner/.gradle/caches/transforms-3/b988506c0f1843db23627364493b0104/transformed/jetified-annotations-13.0.jar because:
  Build cache is disabled
Caching disabled for AarToClassTransform: /home/runner/.gradle/caches/modules-2/files-2.1/androidx.constraintlayout/constraintlayout/2.1.4/b7ad5eca28aa9e7c4ea1a7e256c7ee4401a031f/constraintlayout-2.1.4.aar because:
  Build cache is disabled
Skipping EnumerateClassesTransform: /home/runner/.gradle/caches/transforms-3/b988506c0f1843db23627364493b0104/transformed/jetified-annotations-13.0.jar as it is up-to-date.
Skipping AarToClassTransform: /home/runner/.gradle/caches/modules-2/files-2.1/androidx.constraintlayout/constraintlayout/2.1.4/b7ad5eca28aa9e7c4ea1a7e256c7ee4401a031f/constraintlayout-2.1.4.aar as it is up-to-date.
Transforming constraintlayout-2.1.4.aar (androidx.constraintlayout:constraintlayout:2.1.4) with EnumerateClassesTransform
Caching disabled for AarToClassTransform: /home/runner/.gradle/caches/modules-2/files-2.1/com.google.android.material/material/1.12.0/e493b7ac7fc4b8ca48527e0199f9961652711ac3/material-1.12.0.aar because:
  Build cache is disabled
Skipping AarToClassTransform: /home/runner/.gradle/caches/modules-2/files-2.1/com.google.android.material/material/1.12.0/e493b7ac7fc4b8ca48527e0199f9961652711ac3/material-1.12.0.aar as it is up-to-date.
Transforming material-1.12.0.aar (com.google.android.material:material:1.12.0) with EnumerateClassesTransform
Caching disabled for EnumerateClassesTransform: /home/runner/.gradle/caches/transforms-3/5dabd1d2f50ee5ea0fa50b111632007a/transformed/material-1.12.0-runtime.jar because:
  Build cache is disabled
Skipping EnumerateClassesTransform: /home/runner/.gradle/caches/transforms-3/5dabd1d2f50ee5ea0fa50b111632007a/transformed/material-1.12.0-runtime.jar as it is up-to-date.
Caching disabled for EnumerateClassesTransform: /home/runner/.gradle/caches/transforms-3/7d1daba3bbd7d9259a46783e826b6856/transformed/constraintlayout-2.1.4-runtime.jar because:
  Build cache is disabled
Skipping EnumerateClassesTransform: /home/runner/.gradle/caches/transforms-3/7d1daba3bbd7d9259a46783e826b6856/transformed/constraintlayout-2.1.4-runtime.jar as it is up-to-date.
Caching disabled for task ':app:checkDebugDuplicateClasses' because:
  Build cache is disabled
Task ':app:checkDebugDuplicateClasses' is not up-to-date because:
  No history is available.
Watching 182 directories to track changes
Watching 184 directories to track changes

> Task :app:mergeDebugNativeLibs NO-SOURCE
Transforming viewbinding-8.2.2.aar (androidx.databinding:viewbinding:8.2.2) with JetifyTransform
Transforming viewbinding-8.2.2.aar (androidx.databinding:viewbinding:8.2.2) with ExtractAarTransform
Transforming viewbinding-8.2.2.aar (androidx.databinding:viewbinding:8.2.2) with AarTransform
Transforming material-1.12.0.aar (com.google.android.material:material:1.12.0) with JetifyTransform
Transforming material-1.12.0.aar (com.google.android.material:material:1.12.0) with ExtractAarTransform
Transforming material-1.12.0.aar (com.google.android.material:material:1.12.0) with AarTransform
Transforming constraintlayout-2.1.4.aar (androidx.constraintlayout:constraintlayout:2.1.4) with JetifyTransform
Transforming constraintlayout-2.1.4.aar (androidx.constraintlayout:constraintlayout:2.1.4) with ExtractAarTransform
Transforming constraintlayout-2.1.4.aar (androidx.constraintlayout:constraintlayout:2.1.4) with AarTransform
Transforming appcompat-resources-1.7.0.aar (androidx.appcompat:appcompat-resources:1.7.0) with JetifyTransform
Transforming appcompat-resources-1.7.0.aar (androidx.appcompat:appcompat-resources:1.7.0) with ExtractAarTransform
Transforming appcompat-resources-1.7.0.aar (androidx.appcompat:appcompat-resources:1.7.0) with AarTransform
Transforming appcompat-1.7.0.aar (androidx.appcompat:appcompat:1.7.0) with JetifyTransform
Transforming appcompat-1.7.0.aar (androidx.appcompat:appcompat:1.7.0) with ExtractAarTransform
Transforming appcompat-1.7.0.aar (androidx.appcompat:appcompat:1.7.0) with AarTransform
Transforming viewpager2-1.1.0-beta02.aar (androidx.viewpager2:viewpager2:1.1.0-beta02) with JetifyTransform
Transforming viewpager2-1.1.0-beta02.aar (androidx.viewpager2:viewpager2:1.1.0-beta02) with ExtractAarTransform
Transforming viewpager2-1.1.0-beta02.aar (androidx.viewpager2:viewpager2:1.1.0-beta02) with AarTransform
Transforming recyclerview-1.3.2.aar (androidx.recyclerview:recyclerview:1.3.2) with JetifyTransform
Transforming recyclerview-1.3.2.aar (androidx.recyclerview:recyclerview:1.3.2) with ExtractAarTransform
Transforming recyclerview-1.3.2.aar (androidx.recyclerview:recyclerview:1.3.2) with AarTransform
Transforming cardview-1.0.0.aar (androidx.cardview:cardview:1.0.0) with JetifyTransform
Transforming cardview-1.0.0.aar (androidx.cardview:cardview:1.0.0) with ExtractAarTransform
Transforming cardview-1.0.0.aar (androidx.cardview:cardview:1.0.0) with AarTransform
Transforming emoji2-views-helper-1.3.0.aar (androidx.emoji2:emoji2-views-helper:1.3.0) with JetifyTransform
Transforming emoji2-views-helper-1.3.0.aar (androidx.emoji2:emoji2-views-helper:1.3.0) with ExtractAarTransform
Transforming emoji2-views-helper-1.3.0.aar (androidx.emoji2:emoji2-views-helper:1.3.0) with AarTransform
Transforming emoji2-1.3.0.aar (androidx.emoji2:emoji2:1.3.0) with JetifyTransform
Transforming emoji2-1.3.0.aar (androidx.emoji2:emoji2:1.3.0) with ExtractAarTransform
Transforming emoji2-1.3.0.aar (androidx.emoji2:emoji2:1.3.0) with AarTransform
Transforming fragment-1.5.4.aar (androidx.fragment:fragment:1.5.4) with JetifyTransform
Transforming fragment-1.5.4.aar (androidx.fragment:fragment:1.5.4) with ExtractAarTransform
Transforming fragment-1.5.4.aar (androidx.fragment:fragment:1.5.4) with AarTransform
Transforming activity-1.8.0.aar (androidx.activity:activity:1.8.0) with JetifyTransform
Transforming activity-1.8.0.aar (androidx.activity:activity:1.8.0) with ExtractAarTransform
Transforming activity-1.8.0.aar (androidx.activity:activity:1.8.0) with AarTransform
Transforming drawerlayout-1.1.1.aar (androidx.drawerlayout:drawerlayout:1.1.1) with JetifyTransform
Transforming drawerlayout-1.1.1.aar (androidx.drawerlayout:drawerlayout:1.1.1) with ExtractAarTransform
Transforming drawerlayout-1.1.1.aar (androidx.drawerlayout:drawerlayout:1.1.1) with AarTransform
Transforming coordinatorlayout-1.1.0.aar (androidx.coordinatorlayout:coordinatorlayout:1.1.0) with JetifyTransform
Transforming coordinatorlayout-1.1.0.aar (androidx.coordinatorlayout:coordinatorlayout:1.1.0) with ExtractAarTransform
Transforming coordinatorlayout-1.1.0.aar (androidx.coordinatorlayout:coordinatorlayout:1.1.0) with AarTransform
Transforming transition-1.5.0.aar (androidx.transition:transition:1.5.0) with JetifyTransform
Transforming transition-1.5.0.aar (androidx.transition:transition:1.5.0) with ExtractAarTransform
Transforming transition-1.5.0.aar (androidx.transition:transition:1.5.0) with AarTransform
Transforming dynamicanimation-1.0.0.aar (androidx.dynamicanimation:dynamicanimation:1.0.0) with JetifyTransform
Transforming dynamicanimation-1.0.0.aar (androidx.dynamicanimation:dynamicanimation:1.0.0) with ExtractAarTransform
Transforming dynamicanimation-1.0.0.aar (androidx.dynamicanimation:dynamicanimation:1.0.0) with AarTransform
Transforming vectordrawable-animated-1.1.0.aar (androidx.vectordrawable:vectordrawable-animated:1.1.0) with JetifyTransform
Transforming vectordrawable-animated-1.1.0.aar (androidx.vectordrawable:vectordrawable-animated:1.1.0) with ExtractAarTransform
Transforming vectordrawable-animated-1.1.0.aar (androidx.vectordrawable:vectordrawable-animated:1.1.0) with AarTransform
Transforming vectordrawable-1.1.0.aar (androidx.vectordrawable:vectordrawable:1.1.0) with JetifyTransform
Transforming vectordrawable-1.1.0.aar (androidx.vectordrawable:vectordrawable:1.1.0) with ExtractAarTransform
Transforming vectordrawable-1.1.0.aar (androidx.vectordrawable:vectordrawable:1.1.0) with AarTransform
Transforming vectordrawable-1.1.0.aar (androidx.vectordrawable:vectordrawable:1.1.0) with JetifyTransform
Transforming vectordrawable-1.1.0.aar (androidx.vectordrawable:vectordrawable:1.1.0) with ExtractAarTransform
Transforming vectordrawable-1.1.0.aar (androidx.vectordrawable:vectordrawable:1.1.0) with AarTransform
Transforming customview-poolingcontainer-1.0.0.aar (androidx.customview:customview-poolingcontainer:1.0.0) with JetifyTransform
Transforming customview-poolingcontainer-1.0.0.aar (androidx.customview:customview-poolingcontainer:1.0.0) with ExtractAarTransform
Transforming customview-poolingcontainer-1.0.0.aar (androidx.customview:customview-poolingcontainer:1.0.0) with AarTransform
Transforming savedstate-1.2.1.aar (androidx.savedstate:savedstate:1.2.1) with JetifyTransform
Transforming savedstate-1.2.1.aar (androidx.savedstate:savedstate:1.2.1) with ExtractAarTransform
Transforming savedstate-1.2.1.aar (androidx.savedstate:savedstate:1.2.1) with AarTransform
Transforming legacy-support-core-utils-1.0.0.aar (androidx.legacy:legacy-support-core-utils:1.0.0) with JetifyTransform
Transforming legacy-support-core-utils-1.0.0.aar (androidx.legacy:legacy-support-core-utils:1.0.0) with ExtractAarTransform
Transforming legacy-support-core-utils-1.0.0.aar (androidx.legacy:legacy-support-core-utils:1.0.0) with AarTransform
Transforming loader-1.0.0.aar (androidx.loader:loader:1.0.0) with JetifyTransform
Transforming loader-1.0.0.aar (androidx.loader:loader:1.0.0) with ExtractAarTransform
Transforming loader-1.0.0.aar (androidx.loader:loader:1.0.0) with AarTransform
Transforming loader-1.0.0.aar (androidx.loader:loader:1.0.0) with JetifyTransform
Transforming loader-1.0.0.aar (androidx.loader:loader:1.0.0) with ExtractAarTransform
Transforming loader-1.0.0.aar (androidx.loader:loader:1.0.0) with AarTransform
Transforming lifecycle-livedata-2.6.2.aar (androidx.lifecycle:lifecycle-livedata:2.6.2) with JetifyTransform
Transforming lifecycle-livedata-2.6.2.aar (androidx.lifecycle:lifecycle-livedata:2.6.2) with ExtractAarTransform
Transforming lifecycle-livedata-2.6.2.aar (androidx.lifecycle:lifecycle-livedata:2.6.2) with AarTransform
Transforming lifecycle-viewmodel-2.6.2.aar (androidx.lifecycle:lifecycle-viewmodel:2.6.2) with JetifyTransform
Transforming lifecycle-viewmodel-2.6.2.aar (androidx.lifecycle:lifecycle-viewmodel:2.6.2) with ExtractAarTransform
Transforming lifecycle-viewmodel-2.6.2.aar (androidx.lifecycle:lifecycle-viewmodel:2.6.2) with AarTransform
Transforming lifecycle-viewmodel-2.6.2.aar (androidx.lifecycle:lifecycle-viewmodel:2.6.2) with JetifyTransform
Transforming lifecycle-viewmodel-2.6.2.aar (androidx.lifecycle:lifecycle-viewmodel:2.6.2) with ExtractAarTransform
Transforming lifecycle-viewmodel-2.6.2.aar (androidx.lifecycle:lifecycle-viewmodel:2.6.2) with AarTransform
Transforming lifecycle-process-2.6.2.aar (androidx.lifecycle:lifecycle-process:2.6.2) with JetifyTransform
Transforming lifecycle-process-2.6.2.aar (androidx.lifecycle:lifecycle-process:2.6.2) with ExtractAarTransform
Transforming lifecycle-process-2.6.2.aar (androidx.lifecycle:lifecycle-process:2.6.2) with AarTransform
Transforming lifecycle-livedata-core-2.6.2.aar (androidx.lifecycle:lifecycle-livedata-core:2.6.2) with JetifyTransform
Transforming lifecycle-livedata-core-2.6.2.aar (androidx.lifecycle:lifecycle-livedata-core:2.6.2) with ExtractAarTransform
Transforming lifecycle-livedata-core-2.6.2.aar (androidx.lifecycle:lifecycle-livedata-core:2.6.2) with AarTransform
Transforming lifecycle-common-2.6.2.jar (androidx.lifecycle:lifecycle-common:2.6.2) with JetifyTransform
Transforming lifecycle-common-2.6.2.jar (androidx.lifecycle:lifecycle-common:2.6.2) with ExtractJniTransform
Transforming lifecycle-runtime-2.6.2.aar (androidx.lifecycle:lifecycle-runtime:2.6.2) with JetifyTransform
Transforming lifecycle-runtime-2.6.2.aar (androidx.lifecycle:lifecycle-runtime:2.6.2) with ExtractAarTransform
Transforming lifecycle-runtime-2.6.2.aar (androidx.lifecycle:lifecycle-runtime:2.6.2) with AarTransform
Transforming lifecycle-viewmodel-savedstate-2.6.2.aar (androidx.lifecycle:lifecycle-viewmodel-savedstate:2.6.2) with JetifyTransform
Transforming lifecycle-viewmodel-savedstate-2.6.2.aar (androidx.lifecycle:lifecycle-viewmodel-savedstate:2.6.2) with ExtractAarTransform
Transforming lifecycle-viewmodel-savedstate-2.6.2.aar (androidx.lifecycle:lifecycle-viewmodel-savedstate:2.6.2) with AarTransform
Transforming core-ktx-1.13.1.aar (androidx.core:core-ktx:1.13.1) with JetifyTransform
Transforming core-ktx-1.13.1.aar (androidx.core:core-ktx:1.13.1) with ExtractAarTransform
Transforming core-ktx-1.13.1.aar (androidx.core:core-ktx:1.13.1) with AarTransform
Transforming viewpager-1.0.0.aar (androidx.viewpager:viewpager:1.0.0) with JetifyTransform
Transforming viewpager-1.0.0.aar (androidx.viewpager:viewpager:1.0.0) with ExtractAarTransform
Transforming viewpager-1.0.0.aar (androidx.viewpager:viewpager:1.0.0) with AarTransform
Transforming customview-1.1.0.aar (androidx.customview:customview:1.1.0) with JetifyTransform
Transforming customview-1.1.0.aar (androidx.customview:customview:1.1.0) with ExtractAarTransform
Transforming customview-1.1.0.aar (androidx.customview:customview:1.1.0) with AarTransform
Transforming customview-1.1.0.aar (androidx.customview:customview:1.1.0) with JetifyTransform
Transforming customview-1.1.0.aar (androidx.customview:customview:1.1.0) with ExtractAarTransform
Transforming customview-1.1.0.aar (androidx.customview:customview:1.1.0) with AarTransform
Transforming customview-1.1.0.aar (androidx.customview:customview:1.1.0) with JetifyTransform
Transforming customview-1.1.0.aar (androidx.customview:customview:1.1.0) with ExtractAarTransform
Transforming customview-1.1.0.aar (androidx.customview:customview:1.1.0) with AarTransform
Transforming customview-1.1.0.aar (androidx.customview:customview:1.1.0) with JetifyTransform
Transforming customview-1.1.0.aar (androidx.customview:customview:1.1.0) with ExtractAarTransform
Transforming customview-1.1.0.aar (androidx.customview:customview:1.1.0) with AarTransform
Transforming core-1.13.1.aar (androidx.core:core:1.13.1) with JetifyTransform
Transforming core-1.13.1.aar (androidx.core:core:1.13.1) with ExtractAarTransform
Transforming core-1.13.1.aar (androidx.core:core:1.13.1) with AarTransform
Transforming core-1.13.1.aar (androidx.core:core:1.13.1) with JetifyTransform
Transforming core-1.13.1.aar (androidx.core:core:1.13.1) with ExtractAarTransform
Transforming core-1.13.1.aar (androidx.core:core:1.13.1) with AarTransform
Transforming core-1.13.1.aar (androidx.core:core:1.13.1) with JetifyTransform
Transforming core-1.13.1.aar (androidx.core:core:1.13.1) with ExtractAarTransform
Transforming core-1.13.1.aar (androidx.core:core:1.13.1) with AarTransform
Transforming core-1.13.1.aar (androidx.core:core:1.13.1) with JetifyTransform
Transforming core-1.13.1.aar (androidx.core:core:1.13.1) with ExtractAarTransform
Transforming core-1.13.1.aar (androidx.core:core:1.13.1) with AarTransform
Transforming core-1.13.1.aar (androidx.core:core:1.13.1) with JetifyTransform
Transforming core-1.13.1.aar (androidx.core:core:1.13.1) with ExtractAarTransform
Transforming core-1.13.1.aar (androidx.core:core:1.13.1) with AarTransform
Transforming core-1.13.1.aar (androidx.core:core:1.13.1) with JetifyTransform
Transforming core-1.13.1.aar (androidx.core:core:1.13.1) with ExtractAarTransform
Transforming core-1.13.1.aar (androidx.core:core:1.13.1) with AarTransform
Transforming core-1.13.1.aar (androidx.core:core:1.13.1) with JetifyTransform
Transforming core-1.13.1.aar (androidx.core:core:1.13.1) with ExtractAarTransform
Transforming core-1.13.1.aar (androidx.core:core:1.13.1) with AarTransform
Transforming core-1.13.1.aar (androidx.core:core:1.13.1) with JetifyTransform
Transforming core-1.13.1.aar (androidx.core:core:1.13.1) with ExtractAarTransform
Transforming core-1.13.1.aar (androidx.core:core:1.13.1) with AarTransform
Transforming core-1.13.1.aar (androidx.core:core:1.13.1) with JetifyTransform
Transforming core-1.13.1.aar (androidx.core:core:1.13.1) with ExtractAarTransform
Transforming core-1.13.1.aar (androidx.core:core:1.13.1) with AarTransform
Transforming cursoradapter-1.0.0.aar (androidx.cursoradapter:cursoradapter:1.0.0) with JetifyTransform
Transforming cursoradapter-1.0.0.aar (androidx.cursoradapter:cursoradapter:1.0.0) with ExtractAarTransform
Transforming cursoradapter-1.0.0.aar (androidx.cursoradapter:cursoradapter:1.0.0) with AarTransform
Transforming profileinstaller-1.3.1.aar (androidx.profileinstaller:profileinstaller:1.3.1) with JetifyTransform
Transforming profileinstaller-1.3.1.aar (androidx.profileinstaller:profileinstaller:1.3.1) with ExtractAarTransform
Transforming profileinstaller-1.3.1.aar (androidx.profileinstaller:profileinstaller:1.3.1) with AarTransform
Transforming resourceinspection-annotation-1.0.1.jar (androidx.resourceinspection:resourceinspection-annotation:1.0.1) with JetifyTransform
Transforming resourceinspection-annotation-1.0.1.jar (androidx.resourceinspection:resourceinspection-annotation:1.0.1) with ExtractJniTransform
Transforming interpolator-1.0.0.aar (androidx.interpolator:interpolator:1.0.0) with JetifyTransform
Transforming interpolator-1.0.0.aar (androidx.interpolator:interpolator:1.0.0) with ExtractAarTransform
Transforming interpolator-1.0.0.aar (androidx.interpolator:interpolator:1.0.0) with AarTransform
Transforming interpolator-1.0.0.aar (androidx.interpolator:interpolator:1.0.0) with JetifyTransform
Transforming interpolator-1.0.0.aar (androidx.interpolator:interpolator:1.0.0) with ExtractAarTransform
Transforming interpolator-1.0.0.aar (androidx.interpolator:interpolator:1.0.0) with AarTransform
Transforming versionedparcelable-1.1.1.aar (androidx.versionedparcelable:versionedparcelable:1.1.1) with JetifyTransform
Transforming versionedparcelable-1.1.1.aar (androidx.versionedparcelable:versionedparcelable:1.1.1) with ExtractAarTransform
Transforming versionedparcelable-1.1.1.aar (androidx.versionedparcelable:versionedparcelable:1.1.1) with AarTransform
Transforming collection-1.1.0.jar (androidx.collection:collection:1.1.0) with JetifyTransform
Transforming collection-1.1.0.jar (androidx.collection:collection:1.1.0) with ExtractJniTransform
Transforming concurrent-futures-1.1.0.jar (androidx.concurrent:concurrent-futures:1.1.0) with JetifyTransform
Transforming concurrent-futures-1.1.0.jar (androidx.concurrent:concurrent-futures:1.1.0) with ExtractJniTransform
Transforming startup-runtime-1.1.1.aar (androidx.startup:startup-runtime:1.1.1) with JetifyTransform
Transforming startup-runtime-1.1.1.aar (androidx.startup:startup-runtime:1.1.1) with ExtractAarTransform
Transforming startup-runtime-1.1.1.aar (androidx.startup:startup-runtime:1.1.1) with AarTransform
Transforming tracing-1.0.0.aar (androidx.tracing:tracing:1.0.0) with JetifyTransform
Transforming tracing-1.0.0.aar (androidx.tracing:tracing:1.0.0) with ExtractAarTransform
Transforming tracing-1.0.0.aar (androidx.tracing:tracing:1.0.0) with AarTransform
Transforming core-runtime-2.2.0.aar (androidx.arch.core:core-runtime:2.2.0) with JetifyTransform
Transforming core-runtime-2.2.0.aar (androidx.arch.core:core-runtime:2.2.0) with ExtractAarTransform
Transforming core-runtime-2.2.0.aar (androidx.arch.core:core-runtime:2.2.0) with AarTransform
Transforming core-common-2.2.0.jar (androidx.arch.core:core-common:2.2.0) with JetifyTransform
Transforming core-common-2.2.0.jar (androidx.arch.core:core-common:2.2.0) with ExtractJniTransform
Transforming documentfile-1.0.0.aar (androidx.documentfile:documentfile:1.0.0) with JetifyTransform
Transforming documentfile-1.0.0.aar (androidx.documentfile:documentfile:1.0.0) with ExtractAarTransform
Transforming documentfile-1.0.0.aar (androidx.documentfile:documentfile:1.0.0) with AarTransform
Transforming localbroadcastmanager-1.0.0.aar (androidx.localbroadcastmanager:localbroadcastmanager:1.0.0) with JetifyTransform
Transforming localbroadcastmanager-1.0.0.aar (androidx.localbroadcastmanager:localbroadcastmanager:1.0.0) with ExtractAarTransform
Transforming localbroadcastmanager-1.0.0.aar (androidx.localbroadcastmanager:localbroadcastmanager:1.0.0) with AarTransform
Transforming print-1.0.0.aar (androidx.print:print:1.0.0) with JetifyTransform
Transforming print-1.0.0.aar (androidx.print:print:1.0.0) with ExtractAarTransform
Transforming print-1.0.0.aar (androidx.print:print:1.0.0) with AarTransform
Transforming annotation-experimental-1.4.0.aar (androidx.annotation:annotation-experimental:1.4.0) with JetifyTransform
Transforming annotation-experimental-1.4.0.aar (androidx.annotation:annotation-experimental:1.4.0) with ExtractAarTransform
Transforming annotation-experimental-1.4.0.aar (androidx.annotation:annotation-experimental:1.4.0) with AarTransform
Transforming annotation-jvm-1.6.0.jar (androidx.annotation:annotation-jvm:1.6.0) with JetifyTransform
Transforming annotation-jvm-1.6.0.jar (androidx.annotation:annotation-jvm:1.6.0) with ExtractJniTransform
Transforming kotlinx-coroutines-core-jvm-1.6.4.jar (org.jetbrains.kotlinx:kotlinx-coroutines-core-jvm:1.6.4) with JetifyTransform
Transforming kotlinx-coroutines-core-jvm-1.6.4.jar (org.jetbrains.kotlinx:kotlinx-coroutines-core-jvm:1.6.4) with ExtractJniTransform
Transforming kotlinx-coroutines-android-1.6.4.jar (org.jetbrains.kotlinx:kotlinx-coroutines-android:1.6.4) with JetifyTransform
Transforming kotlinx-coroutines-android-1.6.4.jar (org.jetbrains.kotlinx:kotlinx-coroutines-android:1.6.4) with ExtractJniTransform
Transforming kotlin-stdlib-jdk8-1.8.22.jar (org.jetbrains.kotlin:kotlin-stdlib-jdk8:1.8.22) with JetifyTransform
Transforming kotlin-stdlib-jdk8-1.8.22.jar (org.jetbrains.kotlin:kotlin-stdlib-jdk8:1.8.22) with ExtractJniTransform
Transforming kotlin-stdlib-jdk7-1.8.22.jar (org.jetbrains.kotlin:kotlin-stdlib-jdk7:1.8.22) with JetifyTransform
Transforming kotlin-stdlib-jdk7-1.8.22.jar (org.jetbrains.kotlin:kotlin-stdlib-jdk7:1.8.22) with ExtractJniTransform
Transforming kotlin-stdlib-1.8.22.jar (org.jetbrains.kotlin:kotlin-stdlib:1.8.22) with JetifyTransform
Transforming kotlin-stdlib-1.8.22.jar (org.jetbrains.kotlin:kotlin-stdlib:1.8.22) with ExtractJniTransform
Transforming error_prone_annotations-2.15.0.jar (com.google.errorprone:error_prone_annotations:2.15.0) with JetifyTransform
Transforming error_prone_annotations-2.15.0.jar (com.google.errorprone:error_prone_annotations:2.15.0) with ExtractJniTransform
Transforming constraintlayout-core-1.0.4.jar (androidx.constraintlayout:constraintlayout-core:1.0.4) with JetifyTransform
Transforming constraintlayout-core-1.0.4.jar (androidx.constraintlayout:constraintlayout-core:1.0.4) with ExtractJniTransform
Transforming listenablefuture-1.0.jar (com.google.guava:listenablefuture:1.0) with JetifyTransform
Transforming listenablefuture-1.0.jar (com.google.guava:listenablefuture:1.0) with ExtractJniTransform
Transforming kotlin-stdlib-common-1.8.22.jar (org.jetbrains.kotlin:kotlin-stdlib-common:1.8.22) with JetifyTransform
Transforming kotlin-stdlib-common-1.8.22.jar (org.jetbrains.kotlin:kotlin-stdlib-common:1.8.22) with ExtractJniTransform
Transforming annotations-13.0.jar (org.jetbrains:annotations:13.0) with JetifyTransform
Transforming annotations-13.0.jar (org.jetbrains:annotations:13.0) with ExtractJniTransform
Caching disabled for AarTransform: /home/runner/.gradle/caches/transforms-3/1879d540724927de8171de7ca34e5ef8/transformed/jetified-viewbinding-8.2.2 because:
  Build cache is disabled
Skipping AarTransform: /home/runner/.gradle/caches/transforms-3/1879d540724927de8171de7ca34e5ef8/transformed/jetified-viewbinding-8.2.2 as it is up-to-date.
Caching disabled for AarTransform: /home/runner/.gradle/caches/transforms-3/2c9e1932f079309d8c980731046895b1/transformed/jetified-appcompat-resources-1.7.0 because:
  Build cache is disabled
Skipping AarTransform: /home/runner/.gradle/caches/transforms-3/2c9e1932f079309d8c980731046895b1/transformed/jetified-appcompat-resources-1.7.0 as it is up-to-date.
Caching disabled for AarTransform: /home/runner/.gradle/caches/transforms-3/74c0aa74c6cd0d99699e92401439d9bc/transformed/appcompat-1.7.0 because:
  Build cache is disabled
Skipping AarTransform: /home/runner/.gradle/caches/transforms-3/74c0aa74c6cd0d99699e92401439d9bc/transformed/appcompat-1.7.0 as it is up-to-date.
Caching disabled for AarTransform: /home/runner/.gradle/caches/transforms-3/713fa34b7934cd106f7af24b7c871473/transformed/jetified-viewpager2-1.1.0-beta02 because:
  Build cache is disabled
Skipping AarTransform: /home/runner/.gradle/caches/transforms-3/713fa34b7934cd106f7af24b7c871473/transformed/jetified-viewpager2-1.1.0-beta02 as it is up-to-date.
Caching disabled for AarTransform: /home/runner/.gradle/caches/transforms-3/4fe0dd632fb97ea5194ceec69f750c7c/transformed/recyclerview-1.3.2 because:
  Build cache is disabled
Skipping AarTransform: /home/runner/.gradle/caches/transforms-3/4fe0dd632fb97ea5194ceec69f750c7c/transformed/recyclerview-1.3.2 as it is up-to-date.
Caching disabled for AarTransform: /home/runner/.gradle/caches/transforms-3/82a5c5a65c7b536c87d9f811caae18d2/transformed/cardview-1.0.0 because:
  Build cache is disabled
Skipping AarTransform: /home/runner/.gradle/caches/transforms-3/82a5c5a65c7b536c87d9f811caae18d2/transformed/cardview-1.0.0 as it is up-to-date.
Caching disabled for AarTransform: /home/runner/.gradle/caches/transforms-3/1233487f8a8b2c105e4478097ec9c397/transformed/jetified-emoji2-1.3.0 because:
  Build cache is disabled
Skipping AarTransform: /home/runner/.gradle/caches/transforms-3/1233487f8a8b2c105e4478097ec9c397/transformed/jetified-emoji2-1.3.0 as it is up-to-date.
Caching disabled for AarTransform: /home/runner/.gradle/caches/transforms-3/1fd4c804b162fdb57cf438768b0cdaff/transformed/jetified-emoji2-views-helper-1.3.0 because:
  Build cache is disabled
Skipping AarTransform: /home/runner/.gradle/caches/transforms-3/1fd4c804b162fdb57cf438768b0cdaff/transformed/jetified-emoji2-views-helper-1.3.0 as it is up-to-date.
Caching disabled for AarTransform: /home/runner/.gradle/caches/transforms-3/4071c0e51b732894357072270238bfc4/transformed/fragment-1.5.4 because:
  Build cache is disabled
Skipping AarTransform: /home/runner/.gradle/caches/transforms-3/4071c0e51b732894357072270238bfc4/transformed/fragment-1.5.4 as it is up-to-date.
Caching disabled for AarTransform: /home/runner/.gradle/caches/transforms-3/44cca806ce7b0a80822ea1332ac9a47d/transformed/jetified-activity-1.8.0 because:
  Build cache is disabled
Skipping AarTransform: /home/runner/.gradle/caches/transforms-3/44cca806ce7b0a80822ea1332ac9a47d/transformed/jetified-activity-1.8.0 as it is up-to-date.
Caching disabled for AarTransform: /home/runner/.gradle/caches/transforms-3/ed3d2cbbd0b7adc69330f4f5d5203a98/transformed/drawerlayout-1.1.1 because:
  Build cache is disabled
Skipping AarTransform: /home/runner/.gradle/caches/transforms-3/ed3d2cbbd0b7adc69330f4f5d5203a98/transformed/drawerlayout-1.1.1 as it is up-to-date.
Caching disabled for AarTransform: /home/runner/.gradle/caches/transforms-3/3d0855e7a81c50c07154eb213257a7d0/transformed/transition-1.5.0 because:
  Build cache is disabled
Skipping AarTransform: /home/runner/.gradle/caches/transforms-3/3d0855e7a81c50c07154eb213257a7d0/transformed/transition-1.5.0 as it is up-to-date.
Caching disabled for AarTransform: /home/runner/.gradle/caches/transforms-3/4dd287c9e959375dcd5b85d1a2ea3286/transformed/coordinatorlayout-1.1.0 because:
  Build cache is disabled
Skipping AarTransform: /home/runner/.gradle/caches/transforms-3/4dd287c9e959375dcd5b85d1a2ea3286/transformed/coordinatorlayout-1.1.0 as it is up-to-date.
Caching disabled for AarTransform: /home/runner/.gradle/caches/transforms-3/1ecbce35e8912ca07f18fb6a2d44712b/transformed/dynamicanimation-1.0.0 because:
  Build cache is disabled
Skipping AarTransform: /home/runner/.gradle/caches/transforms-3/1ecbce35e8912ca07f18fb6a2d44712b/transformed/dynamicanimation-1.0.0 as it is up-to-date.
Caching disabled for AarTransform: /home/runner/.gradle/caches/transforms-3/c18aa4e6712d645d90f2edd74129037f/transformed/vectordrawable-animated-1.1.0 because:
  Build cache is disabled
Skipping AarTransform: /home/runner/.gradle/caches/transforms-3/c18aa4e6712d645d90f2edd74129037f/transformed/vectordrawable-animated-1.1.0 as it is up-to-date.
Caching disabled for AarTransform: /home/runner/.gradle/caches/transforms-3/702d14a0481cc6e84239a971f0bdc7de/transformed/vectordrawable-1.1.0 because:
  Build cache is disabled
Skipping AarTransform: /home/runner/.gradle/caches/transforms-3/702d14a0481cc6e84239a971f0bdc7de/transformed/vectordrawable-1.1.0 as it is up-to-date.
Caching disabled for AarTransform: /home/runner/.gradle/caches/transforms-3/f70414e7656dffaa563fcba9e5ff730b/transformed/jetified-customview-poolingcontainer-1.0.0 because:
  Build cache is disabled
Skipping AarTransform: /home/runner/.gradle/caches/transforms-3/f70414e7656dffaa563fcba9e5ff730b/transformed/jetified-customview-poolingcontainer-1.0.0 as it is up-to-date.
Caching disabled for AarTransform: /home/runner/.gradle/caches/transforms-3/8b48d9a1197a83570f6bb7952b8a480a/transformed/jetified-savedstate-1.2.1 because:
  Build cache is disabled
Skipping AarTransform: /home/runner/.gradle/caches/transforms-3/8b48d9a1197a83570f6bb7952b8a480a/transformed/jetified-savedstate-1.2.1 as it is up-to-date.
Caching disabled for AarTransform: /home/runner/.gradle/caches/transforms-3/5c1b5b9a526a64418a8284af4df1eb4c/transformed/legacy-support-core-utils-1.0.0 because:
  Build cache is disabled
Skipping AarTransform: /home/runner/.gradle/caches/transforms-3/5c1b5b9a526a64418a8284af4df1eb4c/transformed/legacy-support-core-utils-1.0.0 as it is up-to-date.
Caching disabled for AarTransform: /home/runner/.gradle/caches/transforms-3/6a9264e91d0ccd23be7ae30d89a364d7/transformed/loader-1.0.0 because:
  Build cache is disabled
Skipping AarTransform: /home/runner/.gradle/caches/transforms-3/6a9264e91d0ccd23be7ae30d89a364d7/transformed/loader-1.0.0 as it is up-to-date.
Caching disabled for AarTransform: /home/runner/.gradle/caches/transforms-3/a506b1e067453748ce849a5d1a931b4f/transformed/lifecycle-viewmodel-2.6.2 because:
  Build cache is disabled
Skipping AarTransform: /home/runner/.gradle/caches/transforms-3/a506b1e067453748ce849a5d1a931b4f/transformed/lifecycle-viewmodel-2.6.2 as it is up-to-date.
Caching disabled for AarTransform: /home/runner/.gradle/caches/transforms-3/624afa1baae8c07bfc048ad484610af6/transformed/lifecycle-livedata-2.6.2 because:
  Build cache is disabled
Skipping AarTransform: /home/runner/.gradle/caches/transforms-3/624afa1baae8c07bfc048ad484610af6/transformed/lifecycle-livedata-2.6.2 as it is up-to-date.
Caching disabled for AarTransform: /home/runner/.gradle/caches/transforms-3/ee63f22118ed27eb76e1f3c7f951274b/transformed/jetified-lifecycle-process-2.6.2 because:
  Build cache is disabled
Skipping AarTransform: /home/runner/.gradle/caches/transforms-3/ee63f22118ed27eb76e1f3c7f951274b/transformed/jetified-lifecycle-process-2.6.2 as it is up-to-date.
Caching disabled for ExtractJniTransform: /home/runner/.gradle/caches/modules-2/files-2.1/androidx.lifecycle/lifecycle-common/2.6.2/10f354fdb64868baecd67128560c5a0d6312c495/lifecycle-common-2.6.2.jar because:
  Build cache is disabled
Skipping ExtractJniTransform: /home/runner/.gradle/caches/modules-2/files-2.1/androidx.lifecycle/lifecycle-common/2.6.2/10f354fdb64868baecd67128560c5a0d6312c495/lifecycle-common-2.6.2.jar as it is up-to-date.
Caching disabled for AarTransform: /home/runner/.gradle/caches/transforms-3/a197f00907f8191fab772747b4069be9/transformed/lifecycle-livedata-core-2.6.2 because:
  Build cache is disabled
Skipping AarTransform: /home/runner/.gradle/caches/transforms-3/a197f00907f8191fab772747b4069be9/transformed/lifecycle-livedata-core-2.6.2 as it is up-to-date.
Caching disabled for AarTransform: /home/runner/.gradle/caches/transforms-3/b6a473a89888b3521ce2a8d540f5ca52/transformed/lifecycle-runtime-2.6.2 because:
  Build cache is disabled
Skipping AarTransform: /home/runner/.gradle/caches/transforms-3/b6a473a89888b3521ce2a8d540f5ca52/transformed/lifecycle-runtime-2.6.2 as it is up-to-date.
Caching disabled for AarTransform: /home/runner/.gradle/caches/transforms-3/971e8374cd892e93232b043b81dff083/transformed/jetified-lifecycle-viewmodel-savedstate-2.6.2 because:
  Build cache is disabled
Skipping AarTransform: /home/runner/.gradle/caches/transforms-3/971e8374cd892e93232b043b81dff083/transformed/jetified-lifecycle-viewmodel-savedstate-2.6.2 as it is up-to-date.
Caching disabled for AarTransform: /home/runner/.gradle/caches/transforms-3/762497eb291fa256c893d1902ec3b4ac/transformed/viewpager-1.0.0 because:
  Build cache is disabled
Skipping AarTransform: /home/runner/.gradle/caches/transforms-3/762497eb291fa256c893d1902ec3b4ac/transformed/viewpager-1.0.0 as it is up-to-date.
Caching disabled for AarTransform: /home/runner/.gradle/caches/transforms-3/459c47dff4ea0349f10e153b2dd57879/transformed/customview-1.1.0 because:
  Build cache is disabled
Skipping AarTransform: /home/runner/.gradle/caches/transforms-3/459c47dff4ea0349f10e153b2dd57879/transformed/customview-1.1.0 as it is up-to-date.
Caching disabled for AarTransform: /home/runner/.gradle/caches/transforms-3/6067425117552f8d4b6344907978c123/transformed/jetified-core-ktx-1.13.1 because:
  Build cache is disabled
Skipping AarTransform: /home/runner/.gradle/caches/transforms-3/6067425117552f8d4b6344907978c123/transformed/jetified-core-ktx-1.13.1 as it is up-to-date.
Caching disabled for AarTransform: /home/runner/.gradle/caches/transforms-3/11f0a53180ace0fffdd006f40bfc2008/transformed/core-1.13.1 because:
  Build cache is disabled
Skipping AarTransform: /home/runner/.gradle/caches/transforms-3/11f0a53180ace0fffdd006f40bfc2008/transformed/core-1.13.1 as it is up-to-date.
Caching disabled for AarTransform: /home/runner/.gradle/caches/transforms-3/f3b45a409efc9cd62f29ba84d5ea95cc/transformed/cursoradapter-1.0.0 because:
  Build cache is disabled
Skipping AarTransform: /home/runner/.gradle/caches/transforms-3/f3b45a409efc9cd62f29ba84d5ea95cc/transformed/cursoradapter-1.0.0 as it is up-to-date.
Caching disabled for ExtractJniTransform: /home/runner/.gradle/caches/transforms-3/89e2d340b7ee39894310d73cb9bf2396/transformed/jetified-resourceinspection-annotation-1.0.1.jar because:
  Build cache is disabled
Skipping ExtractJniTransform: /home/runner/.gradle/caches/transforms-3/89e2d340b7ee39894310d73cb9bf2396/transformed/jetified-resourceinspection-annotation-1.0.1.jar as it is up-to-date.
Caching disabled for AarTransform: /home/runner/.gradle/caches/transforms-3/dcac8580948742d9679b4cc476009a8c/transformed/jetified-profileinstaller-1.3.1 because:
  Build cache is disabled
Skipping AarTransform: /home/runner/.gradle/caches/transforms-3/dcac8580948742d9679b4cc476009a8c/transformed/jetified-profileinstaller-1.3.1 as it is up-to-date.
Caching disabled for AarTransform: /home/runner/.gradle/caches/transforms-3/6b9bb6a8c71662ca631e197a9e065197/transformed/interpolator-1.0.0 because:
  Build cache is disabled
Skipping AarTransform: /home/runner/.gradle/caches/transforms-3/6b9bb6a8c71662ca631e197a9e065197/transformed/interpolator-1.0.0 as it is up-to-date.
Caching disabled for ExtractJniTransform: /home/runner/.gradle/caches/modules-2/files-2.1/androidx.collection/collection/1.1.0/1f27220b47669781457de0d600849a5de0e89909/collection-1.1.0.jar because:
  Build cache is disabled
Skipping ExtractJniTransform: /home/runner/.gradle/caches/modules-2/files-2.1/androidx.collection/collection/1.1.0/1f27220b47669781457de0d600849a5de0e89909/collection-1.1.0.jar as it is up-to-date.
Caching disabled for ExtractJniTransform: /home/runner/.gradle/caches/transforms-3/06145b6468a5bd1d2c007cbc6d3469ad/transformed/jetified-concurrent-futures-1.1.0.jar because:
  Build cache is disabled
Skipping ExtractJniTransform: /home/runner/.gradle/caches/transforms-3/06145b6468a5bd1d2c007cbc6d3469ad/transformed/jetified-concurrent-futures-1.1.0.jar as it is up-to-date.
Caching disabled for AarTransform: /home/runner/.gradle/caches/transforms-3/0c857eaa378e1c798341155dbc28d9bd/transformed/versionedparcelable-1.1.1 because:
  Build cache is disabled
Skipping AarTransform: /home/runner/.gradle/caches/transforms-3/0c857eaa378e1c798341155dbc28d9bd/transformed/versionedparcelable-1.1.1 as it is up-to-date.
Caching disabled for AarTransform: /home/runner/.gradle/caches/transforms-3/929f9fa80841e5d7d97393a6896db7a1/transformed/jetified-startup-runtime-1.1.1 because:
  Build cache is disabled
Skipping AarTransform: /home/runner/.gradle/caches/transforms-3/929f9fa80841e5d7d97393a6896db7a1/transformed/jetified-startup-runtime-1.1.1 as it is up-to-date.
Caching disabled for AarTransform: /home/runner/.gradle/caches/transforms-3/ce160dbbfa3de34d01d231cdb832e663/transformed/jetified-tracing-1.0.0 because:
  Build cache is disabled
Skipping AarTransform: /home/runner/.gradle/caches/transforms-3/ce160dbbfa3de34d01d231cdb832e663/transformed/jetified-tracing-1.0.0 as it is up-to-date.
Caching disabled for AarTransform: /home/runner/.gradle/caches/transforms-3/00e51715982b78af096ea2b29d7737a5/transformed/core-runtime-2.2.0 because:
  Build cache is disabled
Skipping AarTransform: /home/runner/.gradle/caches/transforms-3/00e51715982b78af096ea2b29d7737a5/transformed/core-runtime-2.2.0 as it is up-to-date.
Caching disabled for AarTransform: /home/runner/.gradle/caches/transforms-3/f93fd9f7f264506b697bc40ed42a22df/transformed/documentfile-1.0.0 because:
  Build cache is disabled
Skipping AarTransform: /home/runner/.gradle/caches/transforms-3/f93fd9f7f264506b697bc40ed42a22df/transformed/documentfile-1.0.0 as it is up-to-date.
Caching disabled for ExtractJniTransform: /home/runner/.gradle/caches/modules-2/files-2.1/androidx.arch.core/core-common/2.2.0/5e1b8b81dfd5f52c56a8d53b18ca759c19a301f3/core-common-2.2.0.jar because:
  Build cache is disabled
Skipping ExtractJniTransform: /home/runner/.gradle/caches/modules-2/files-2.1/androidx.arch.core/core-common/2.2.0/5e1b8b81dfd5f52c56a8d53b18ca759c19a301f3/core-common-2.2.0.jar as it is up-to-date.
Caching disabled for AarTransform: /home/runner/.gradle/caches/transforms-3/de9d9b9757fdff3a4223c6aa6c8ab886/transformed/print-1.0.0 because:
  Build cache is disabled
Skipping AarTransform: /home/runner/.gradle/caches/transforms-3/de9d9b9757fdff3a4223c6aa6c8ab886/transformed/print-1.0.0 as it is up-to-date.
Caching disabled for AarTransform: /home/runner/.gradle/caches/transforms-3/74f1f93840a9c8a79ad563434633a795/transformed/localbroadcastmanager-1.0.0 because:
  Build cache is disabled
Skipping AarTransform: /home/runner/.gradle/caches/transforms-3/74f1f93840a9c8a79ad563434633a795/transformed/localbroadcastmanager-1.0.0 as it is up-to-date.
Caching disabled for AarTransform: /home/runner/.gradle/caches/transforms-3/040541bbba9c66137e3b065555d548f5/transformed/jetified-annotation-experimental-1.4.0 because:
  Build cache is disabled
Skipping AarTransform: /home/runner/.gradle/caches/transforms-3/040541bbba9c66137e3b065555d548f5/transformed/jetified-annotation-experimental-1.4.0 as it is up-to-date.
Caching disabled for ExtractJniTransform: /home/runner/.gradle/caches/transforms-3/637acb59ff1b25cd8c0f935a5040f050/transformed/jetified-annotation-jvm-1.6.0.jar because:
  Build cache is disabled
Skipping ExtractJniTransform: /home/runner/.gradle/caches/transforms-3/637acb59ff1b25cd8c0f935a5040f050/transformed/jetified-annotation-jvm-1.6.0.jar as it is up-to-date.
Caching disabled for ExtractJniTransform: /home/runner/.gradle/caches/transforms-3/84e05d8371d4fdecd4b3c8984aba347a/transformed/jetified-kotlinx-coroutines-core-jvm-1.6.4.jar because:
  Build cache is disabled
Skipping ExtractJniTransform: /home/runner/.gradle/caches/transforms-3/84e05d8371d4fdecd4b3c8984aba347a/transformed/jetified-kotlinx-coroutines-core-jvm-1.6.4.jar as it is up-to-date.
Caching disabled for ExtractJniTransform: /home/runner/.gradle/caches/transforms-3/64aa93627f97ae6c06a96b5695dcc8ad/transformed/jetified-kotlinx-coroutines-android-1.6.4.jar because:
  Build cache is disabled
Skipping ExtractJniTransform: /home/runner/.gradle/caches/transforms-3/64aa93627f97ae6c06a96b5695dcc8ad/transformed/jetified-kotlinx-coroutines-android-1.6.4.jar as it is up-to-date.
Caching disabled for ExtractJniTransform: /home/runner/.gradle/caches/transforms-3/dad5bfa65de0be26294648cc54c3b73f/transformed/jetified-kotlin-stdlib-jdk8-1.8.22.jar because:
  Build cache is disabled
Skipping ExtractJniTransform: /home/runner/.gradle/caches/transforms-3/dad5bfa65de0be26294648cc54c3b73f/transformed/jetified-kotlin-stdlib-jdk8-1.8.22.jar as it is up-to-date.
Caching disabled for ExtractJniTransform: /home/runner/.gradle/caches/transforms-3/b1d23b3f8ceab2825bd8a252db3072cf/transformed/jetified-kotlin-stdlib-jdk7-1.8.22.jar because:
  Build cache is disabled
Skipping ExtractJniTransform: /home/runner/.gradle/caches/transforms-3/b1d23b3f8ceab2825bd8a252db3072cf/transformed/jetified-kotlin-stdlib-jdk7-1.8.22.jar as it is up-to-date.
Caching disabled for ExtractJniTransform: /home/runner/.gradle/caches/transforms-3/158dfe33a64c97e3afaa53bb59960824/transformed/jetified-kotlin-stdlib-1.8.22.jar because:
  Build cache is disabled
Skipping ExtractJniTransform: /home/runner/.gradle/caches/transforms-3/158dfe33a64c97e3afaa53bb59960824/transformed/jetified-kotlin-stdlib-1.8.22.jar as it is up-to-date.
Caching disabled for ExtractJniTransform: /home/runner/.gradle/caches/transforms-3/f6a39805e29ae55726da50db699c3b50/transformed/jetified-error_prone_annotations-2.15.0.jar because:
  Build cache is disabled
Skipping ExtractJniTransform: /home/runner/.gradle/caches/transforms-3/f6a39805e29ae55726da50db699c3b50/transformed/jetified-error_prone_annotations-2.15.0.jar as it is up-to-date.
Caching disabled for ExtractJniTransform: /home/runner/.gradle/caches/transforms-3/0008678694b6b59136ba1da65646c474/transformed/jetified-constraintlayout-core-1.0.4.jar because:
  Build cache is disabled
Skipping ExtractJniTransform: /home/runner/.gradle/caches/transforms-3/0008678694b6b59136ba1da65646c474/transformed/jetified-constraintlayout-core-1.0.4.jar as it is up-to-date.
Caching disabled for ExtractJniTransform: /home/runner/.gradle/caches/transforms-3/56e930df2fe98a9f2aa54661614ed886/transformed/jetified-listenablefuture-1.0.jar because:
  Build cache is disabled
Skipping ExtractJniTransform: /home/runner/.gradle/caches/transforms-3/56e930df2fe98a9f2aa54661614ed886/transformed/jetified-listenablefuture-1.0.jar as it is up-to-date.
Caching disabled for ExtractJniTransform: /home/runner/.gradle/caches/transforms-3/8c9f0ac1b77146d7b7a1c11e19bcf7f3/transformed/jetified-kotlin-stdlib-common-1.8.22.jar because:
  Build cache is disabled
Skipping ExtractJniTransform: /home/runner/.gradle/caches/transforms-3/8c9f0ac1b77146d7b7a1c11e19bcf7f3/transformed/jetified-kotlin-stdlib-common-1.8.22.jar as it is up-to-date.
Caching disabled for AarTransform: /home/runner/.gradle/caches/transforms-3/4986230a3613e9c8878387b9e002f926/transformed/constraintlayout-2.1.4 because:
  Build cache is disabled
Skipping AarTransform: /home/runner/.gradle/caches/transforms-3/4986230a3613e9c8878387b9e002f926/transformed/constraintlayout-2.1.4 as it is up-to-date.
Caching disabled for ExtractJniTransform: /home/runner/.gradle/caches/transforms-3/b988506c0f1843db23627364493b0104/transformed/jetified-annotations-13.0.jar because:
  Build cache is disabled
Skipping ExtractJniTransform: /home/runner/.gradle/caches/transforms-3/b988506c0f1843db23627364493b0104/transformed/jetified-annotations-13.0.jar as it is up-to-date.
Caching disabled for AarTransform: /home/runner/.gradle/caches/transforms-3/3e57dcd8b556ed36db83311191f6b3fb/transformed/material-1.12.0 because:
  Build cache is disabled
Skipping AarTransform: /home/runner/.gradle/caches/transforms-3/3e57dcd8b556ed36db83311191f6b3fb/transformed/material-1.12.0 as it is up-to-date.
Skipping task ':app:mergeDebugNativeLibs' as it has no source files and no previous output files.
Resolve mutations for :app:mergeExtDexDebug (Thread[included builds,5,main]) started.
:app:mergeExtDexDebug (Thread[included builds,5,main]) started.

> Task :app:processDebugResources
Watching 180 directories to track changes
Watching 180 directories to track changes
Watching 180 directories to track changes
Watching 180 directories to track changes
Watching 180 directories to track changes
Downloading https://dl.google.com/dl/android/maven2/com/android/tools/build/aapt2/8.2.2-10154469/aapt2-8.2.2-10154469-linux.jar to /home/runner/.gradle/.tmp/gradle_download8355677289200554740bin
Transforming aapt2-8.2.2-10154469-linux.jar (com.android.tools.build:aapt2:8.2.2-10154469) with Aapt2Extractor
Caching disabled for Aapt2Extractor: /home/runner/.gradle/caches/modules-2/files-2.1/com.android.tools.build/aapt2/8.2.2-10154469/6e64dd7dcae77ae4fe9688012a2bf09871b8366f/aapt2-8.2.2-10154469-linux.jar because:
  Build cache is disabled
Skipping Aapt2Extractor: /home/runner/.gradle/caches/modules-2/files-2.1/com.android.tools.build/aapt2/8.2.2-10154469/6e64dd7dcae77ae4fe9688012a2bf09871b8366f/aapt2-8.2.2-10154469-linux.jar as it is up-to-date.
Transforming viewbinding-8.2.2.aar (androidx.databinding:viewbinding:8.2.2) with JetifyTransform
Transforming viewbinding-8.2.2.aar (androidx.databinding:viewbinding:8.2.2) with ExtractAarTransform
Transforming viewbinding-8.2.2.aar (androidx.databinding:viewbinding:8.2.2) with AarResourcesCompilerTransform
Transforming material-1.12.0.aar (com.google.android.material:material:1.12.0) with JetifyTransform
Transforming material-1.12.0.aar (com.google.android.material:material:1.12.0) with ExtractAarTransform
Transforming material-1.12.0.aar (com.google.android.material:material:1.12.0) with AarResourcesCompilerTransform
Transforming constraintlayout-2.1.4.aar (androidx.constraintlayout:constraintlayout:2.1.4) with JetifyTransform
Transforming constraintlayout-2.1.4.aar (androidx.constraintlayout:constraintlayout:2.1.4) with ExtractAarTransform
Transforming constraintlayout-2.1.4.aar (androidx.constraintlayout:constraintlayout:2.1.4) with AarResourcesCompilerTransform
Transforming appcompat-resources-1.7.0.aar (androidx.appcompat:appcompat-resources:1.7.0) with JetifyTransform
Transforming appcompat-resources-1.7.0.aar (androidx.appcompat:appcompat-resources:1.7.0) with ExtractAarTransform
Transforming appcompat-resources-1.7.0.aar (androidx.appcompat:appcompat-resources:1.7.0) with AarResourcesCompilerTransform
Transforming appcompat-1.7.0.aar (androidx.appcompat:appcompat:1.7.0) with JetifyTransform
Transforming appcompat-1.7.0.aar (androidx.appcompat:appcompat:1.7.0) with ExtractAarTransform
Transforming appcompat-1.7.0.aar (androidx.appcompat:appcompat:1.7.0) with AarResourcesCompilerTransform
Caching disabled for AarResourcesCompilerTransform: /home/runner/.gradle/caches/transforms-3/1879d540724927de8171de7ca34e5ef8/transformed/jetified-viewbinding-8.2.2 because:
  Build cache is disabled
Skipping AarResourcesCompilerTransform: /home/runner/.gradle/caches/transforms-3/1879d540724927de8171de7ca34e5ef8/transformed/jetified-viewbinding-8.2.2 as it is up-to-date.
Transforming viewpager2-1.1.0-beta02.aar (androidx.viewpager2:viewpager2:1.1.0-beta02) with JetifyTransform
Transforming viewpager2-1.1.0-beta02.aar (androidx.viewpager2:viewpager2:1.1.0-beta02) with ExtractAarTransform
Transforming viewpager2-1.1.0-beta02.aar (androidx.viewpager2:viewpager2:1.1.0-beta02) with AarResourcesCompilerTransform
Transforming recyclerview-1.3.2.aar (androidx.recyclerview:recyclerview:1.3.2) with JetifyTransform
Transforming recyclerview-1.3.2.aar (androidx.recyclerview:recyclerview:1.3.2) with ExtractAarTransform
Transforming recyclerview-1.3.2.aar (androidx.recyclerview:recyclerview:1.3.2) with AarResourcesCompilerTransform
Transforming cardview-1.0.0.aar (androidx.cardview:cardview:1.0.0) with JetifyTransform
Transforming cardview-1.0.0.aar (androidx.cardview:cardview:1.0.0) with ExtractAarTransform
Transforming cardview-1.0.0.aar (androidx.cardview:cardview:1.0.0) with AarResourcesCompilerTransform
Transforming emoji2-views-helper-1.3.0.aar (androidx.emoji2:emoji2-views-helper:1.3.0) with JetifyTransform
Transforming emoji2-views-helper-1.3.0.aar (androidx.emoji2:emoji2-views-helper:1.3.0) with ExtractAarTransform
Transforming emoji2-views-helper-1.3.0.aar (androidx.emoji2:emoji2-views-helper:1.3.0) with AarResourcesCompilerTransform
Transforming emoji2-1.3.0.aar (androidx.emoji2:emoji2:1.3.0) with JetifyTransform
Transforming emoji2-1.3.0.aar (androidx.emoji2:emoji2:1.3.0) with ExtractAarTransform
Transforming emoji2-1.3.0.aar (androidx.emoji2:emoji2:1.3.0) with AarResourcesCompilerTransform
Transforming fragment-1.5.4.aar (androidx.fragment:fragment:1.5.4) with JetifyTransform
Transforming fragment-1.5.4.aar (androidx.fragment:fragment:1.5.4) with ExtractAarTransform
Transforming fragment-1.5.4.aar (androidx.fragment:fragment:1.5.4) with AarResourcesCompilerTransform
Transforming activity-1.8.0.aar (androidx.activity:activity:1.8.0) with JetifyTransform
Transforming activity-1.8.0.aar (androidx.activity:activity:1.8.0) with ExtractAarTransform
Transforming activity-1.8.0.aar (androidx.activity:activity:1.8.0) with AarResourcesCompilerTransform
Transforming drawerlayout-1.1.1.aar (androidx.drawerlayout:drawerlayout:1.1.1) with JetifyTransform
Transforming drawerlayout-1.1.1.aar (androidx.drawerlayout:drawerlayout:1.1.1) with ExtractAarTransform
Transforming drawerlayout-1.1.1.aar (androidx.drawerlayout:drawerlayout:1.1.1) with AarResourcesCompilerTransform
Transforming coordinatorlayout-1.1.0.aar (androidx.coordinatorlayout:coordinatorlayout:1.1.0) with JetifyTransform
Transforming coordinatorlayout-1.1.0.aar (androidx.coordinatorlayout:coordinatorlayout:1.1.0) with ExtractAarTransform
Transforming coordinatorlayout-1.1.0.aar (androidx.coordinatorlayout:coordinatorlayout:1.1.0) with AarResourcesCompilerTransform
Transforming transition-1.5.0.aar (androidx.transition:transition:1.5.0) with JetifyTransform
Transforming transition-1.5.0.aar (androidx.transition:transition:1.5.0) with ExtractAarTransform
Transforming transition-1.5.0.aar (androidx.transition:transition:1.5.0) with AarResourcesCompilerTransform
Transforming dynamicanimation-1.0.0.aar (androidx.dynamicanimation:dynamicanimation:1.0.0) with JetifyTransform
Transforming dynamicanimation-1.0.0.aar (androidx.dynamicanimation:dynamicanimation:1.0.0) with ExtractAarTransform
Transforming dynamicanimation-1.0.0.aar (androidx.dynamicanimation:dynamicanimation:1.0.0) with AarResourcesCompilerTransform
Transforming vectordrawable-animated-1.1.0.aar (androidx.vectordrawable:vectordrawable-animated:1.1.0) with JetifyTransform
Transforming vectordrawable-animated-1.1.0.aar (androidx.vectordrawable:vectordrawable-animated:1.1.0) with ExtractAarTransform
Transforming vectordrawable-animated-1.1.0.aar (androidx.vectordrawable:vectordrawable-animated:1.1.0) with AarResourcesCompilerTransform
Transforming vectordrawable-1.1.0.aar (androidx.vectordrawable:vectordrawable:1.1.0) with JetifyTransform
Transforming vectordrawable-1.1.0.aar (androidx.vectordrawable:vectordrawable:1.1.0) with ExtractAarTransform
Transforming vectordrawable-1.1.0.aar (androidx.vectordrawable:vectordrawable:1.1.0) with AarResourcesCompilerTransform
Transforming vectordrawable-1.1.0.aar (androidx.vectordrawable:vectordrawable:1.1.0) with JetifyTransform
Transforming vectordrawable-1.1.0.aar (androidx.vectordrawable:vectordrawable:1.1.0) with ExtractAarTransform
Transforming vectordrawable-1.1.0.aar (androidx.vectordrawable:vectordrawable:1.1.0) with AarResourcesCompilerTransform
Transforming customview-poolingcontainer-1.0.0.aar (androidx.customview:customview-poolingcontainer:1.0.0) with JetifyTransform
Transforming customview-poolingcontainer-1.0.0.aar (androidx.customview:customview-poolingcontainer:1.0.0) with ExtractAarTransform
Transforming customview-poolingcontainer-1.0.0.aar (androidx.customview:customview-poolingcontainer:1.0.0) with AarResourcesCompilerTransform
Transforming savedstate-1.2.1.aar (androidx.savedstate:savedstate:1.2.1) with JetifyTransform
Transforming savedstate-1.2.1.aar (androidx.savedstate:savedstate:1.2.1) with ExtractAarTransform
Transforming savedstate-1.2.1.aar (androidx.savedstate:savedstate:1.2.1) with AarResourcesCompilerTransform
Transforming legacy-support-core-utils-1.0.0.aar (androidx.legacy:legacy-support-core-utils:1.0.0) with JetifyTransform
Transforming legacy-support-core-utils-1.0.0.aar (androidx.legacy:legacy-support-core-utils:1.0.0) with ExtractAarTransform
Transforming legacy-support-core-utils-1.0.0.aar (androidx.legacy:legacy-support-core-utils:1.0.0) with AarResourcesCompilerTransform
Transforming loader-1.0.0.aar (androidx.loader:loader:1.0.0) with JetifyTransform
Transforming loader-1.0.0.aar (androidx.loader:loader:1.0.0) with ExtractAarTransform
Transforming loader-1.0.0.aar (androidx.loader:loader:1.0.0) with AarResourcesCompilerTransform
Transforming loader-1.0.0.aar (androidx.loader:loader:1.0.0) with JetifyTransform
Transforming loader-1.0.0.aar (androidx.loader:loader:1.0.0) with ExtractAarTransform
Transforming loader-1.0.0.aar (androidx.loader:loader:1.0.0) with AarResourcesCompilerTransform
Transforming lifecycle-livedata-2.6.2.aar (androidx.lifecycle:lifecycle-livedata:2.6.2) with JetifyTransform
Transforming lifecycle-livedata-2.6.2.aar (androidx.lifecycle:lifecycle-livedata:2.6.2) with ExtractAarTransform
Transforming lifecycle-livedata-2.6.2.aar (androidx.lifecycle:lifecycle-livedata:2.6.2) with AarResourcesCompilerTransform
Transforming lifecycle-viewmodel-2.6.2.aar (androidx.lifecycle:lifecycle-viewmodel:2.6.2) with JetifyTransform
Transforming lifecycle-viewmodel-2.6.2.aar (androidx.lifecycle:lifecycle-viewmodel:2.6.2) with ExtractAarTransform
Transforming lifecycle-viewmodel-2.6.2.aar (androidx.lifecycle:lifecycle-viewmodel:2.6.2) with AarResourcesCompilerTransform
Transforming lifecycle-viewmodel-2.6.2.aar (androidx.lifecycle:lifecycle-viewmodel:2.6.2) with JetifyTransform
Transforming lifecycle-viewmodel-2.6.2.aar (androidx.lifecycle:lifecycle-viewmodel:2.6.2) with ExtractAarTransform
Transforming lifecycle-viewmodel-2.6.2.aar (androidx.lifecycle:lifecycle-viewmodel:2.6.2) with AarResourcesCompilerTransform
Transforming lifecycle-process-2.6.2.aar (androidx.lifecycle:lifecycle-process:2.6.2) with JetifyTransform
Transforming lifecycle-process-2.6.2.aar (androidx.lifecycle:lifecycle-process:2.6.2) with ExtractAarTransform
Transforming lifecycle-process-2.6.2.aar (androidx.lifecycle:lifecycle-process:2.6.2) with AarResourcesCompilerTransform
Transforming lifecycle-livedata-core-2.6.2.aar (androidx.lifecycle:lifecycle-livedata-core:2.6.2) with JetifyTransform
Transforming lifecycle-livedata-core-2.6.2.aar (androidx.lifecycle:lifecycle-livedata-core:2.6.2) with ExtractAarTransform
Transforming lifecycle-livedata-core-2.6.2.aar (androidx.lifecycle:lifecycle-livedata-core:2.6.2) with AarResourcesCompilerTransform
Transforming lifecycle-runtime-2.6.2.aar (androidx.lifecycle:lifecycle-runtime:2.6.2) with JetifyTransform
Transforming lifecycle-runtime-2.6.2.aar (androidx.lifecycle:lifecycle-runtime:2.6.2) with ExtractAarTransform
Transforming lifecycle-runtime-2.6.2.aar (androidx.lifecycle:lifecycle-runtime:2.6.2) with AarResourcesCompilerTransform
Transforming lifecycle-viewmodel-savedstate-2.6.2.aar (androidx.lifecycle:lifecycle-viewmodel-savedstate:2.6.2) with JetifyTransform
Transforming lifecycle-viewmodel-savedstate-2.6.2.aar (androidx.lifecycle:lifecycle-viewmodel-savedstate:2.6.2) with ExtractAarTransform
Transforming lifecycle-viewmodel-savedstate-2.6.2.aar (androidx.lifecycle:lifecycle-viewmodel-savedstate:2.6.2) with AarResourcesCompilerTransform
Transforming core-ktx-1.13.1.aar (androidx.core:core-ktx:1.13.1) with JetifyTransform
Transforming core-ktx-1.13.1.aar (androidx.core:core-ktx:1.13.1) with ExtractAarTransform
Transforming core-ktx-1.13.1.aar (androidx.core:core-ktx:1.13.1) with AarResourcesCompilerTransform
Transforming viewpager-1.0.0.aar (androidx.viewpager:viewpager:1.0.0) with JetifyTransform
Transforming viewpager-1.0.0.aar (androidx.viewpager:viewpager:1.0.0) with ExtractAarTransform
Transforming viewpager-1.0.0.aar (androidx.viewpager:viewpager:1.0.0) with AarResourcesCompilerTransform
Transforming customview-1.1.0.aar (androidx.customview:customview:1.1.0) with JetifyTransform
Transforming customview-1.1.0.aar (androidx.customview:customview:1.1.0) with ExtractAarTransform
Transforming customview-1.1.0.aar (androidx.customview:customview:1.1.0) with AarResourcesCompilerTransform
Transforming customview-1.1.0.aar (androidx.customview:customview:1.1.0) with JetifyTransform
Transforming customview-1.1.0.aar (androidx.customview:customview:1.1.0) with ExtractAarTransform
Transforming customview-1.1.0.aar (androidx.customview:customview:1.1.0) with AarResourcesCompilerTransform
Transforming customview-1.1.0.aar (androidx.customview:customview:1.1.0) with JetifyTransform
Transforming customview-1.1.0.aar (androidx.customview:customview:1.1.0) with ExtractAarTransform
Transforming customview-1.1.0.aar (androidx.customview:customview:1.1.0) with AarResourcesCompilerTransform
Transforming customview-1.1.0.aar (androidx.customview:customview:1.1.0) with JetifyTransform
Transforming customview-1.1.0.aar (androidx.customview:customview:1.1.0) with ExtractAarTransform
Transforming customview-1.1.0.aar (androidx.customview:customview:1.1.0) with AarResourcesCompilerTransform
Transforming core-1.13.1.aar (androidx.core:core:1.13.1) with JetifyTransform
Transforming core-1.13.1.aar (androidx.core:core:1.13.1) with ExtractAarTransform
Transforming core-1.13.1.aar (androidx.core:core:1.13.1) with AarResourcesCompilerTransform
Transforming core-1.13.1.aar (androidx.core:core:1.13.1) with JetifyTransform
Transforming core-1.13.1.aar (androidx.core:core:1.13.1) with ExtractAarTransform
Transforming core-1.13.1.aar (androidx.core:core:1.13.1) with AarResourcesCompilerTransform
Transforming core-1.13.1.aar (androidx.core:core:1.13.1) with JetifyTransform
Transforming core-1.13.1.aar (androidx.core:core:1.13.1) with ExtractAarTransform
Transforming core-1.13.1.aar (androidx.core:core:1.13.1) with AarResourcesCompilerTransform
Transforming core-1.13.1.aar (androidx.core:core:1.13.1) with JetifyTransform
Transforming core-1.13.1.aar (androidx.core:core:1.13.1) with ExtractAarTransform
Transforming core-1.13.1.aar (androidx.core:core:1.13.1) with AarResourcesCompilerTransform
Transforming core-1.13.1.aar (androidx.core:core:1.13.1) with JetifyTransform
Transforming core-1.13.1.aar (androidx.core:core:1.13.1) with ExtractAarTransform
Transforming core-1.13.1.aar (androidx.core:core:1.13.1) with AarResourcesCompilerTransform
Transforming core-1.13.1.aar (androidx.core:core:1.13.1) with JetifyTransform
Transforming core-1.13.1.aar (androidx.core:core:1.13.1) with ExtractAarTransform
Transforming core-1.13.1.aar (androidx.core:core:1.13.1) with AarResourcesCompilerTransform
Transforming core-1.13.1.aar (androidx.core:core:1.13.1) with JetifyTransform
Transforming core-1.13.1.aar (androidx.core:core:1.13.1) with ExtractAarTransform
Transforming core-1.13.1.aar (androidx.core:core:1.13.1) with AarResourcesCompilerTransform
Transforming core-1.13.1.aar (androidx.core:core:1.13.1) with JetifyTransform
Transforming core-1.13.1.aar (androidx.core:core:1.13.1) with ExtractAarTransform
Transforming core-1.13.1.aar (androidx.core:core:1.13.1) with AarResourcesCompilerTransform
Transforming core-1.13.1.aar (androidx.core:core:1.13.1) with JetifyTransform
Transforming core-1.13.1.aar (androidx.core:core:1.13.1) with ExtractAarTransform
Transforming core-1.13.1.aar (androidx.core:core:1.13.1) with AarResourcesCompilerTransform
Transforming cursoradapter-1.0.0.aar (androidx.cursoradapter:cursoradapter:1.0.0) with JetifyTransform
Transforming cursoradapter-1.0.0.aar (androidx.cursoradapter:cursoradapter:1.0.0) with ExtractAarTransform
Transforming cursoradapter-1.0.0.aar (androidx.cursoradapter:cursoradapter:1.0.0) with AarResourcesCompilerTransform
Transforming profileinstaller-1.3.1.aar (androidx.profileinstaller:profileinstaller:1.3.1) with JetifyTransform
Transforming profileinstaller-1.3.1.aar (androidx.profileinstaller:profileinstaller:1.3.1) with ExtractAarTransform
Transforming profileinstaller-1.3.1.aar (androidx.profileinstaller:profileinstaller:1.3.1) with AarResourcesCompilerTransform
Transforming interpolator-1.0.0.aar (androidx.interpolator:interpolator:1.0.0) with JetifyTransform
Transforming interpolator-1.0.0.aar (androidx.interpolator:interpolator:1.0.0) with ExtractAarTransform
Transforming interpolator-1.0.0.aar (androidx.interpolator:interpolator:1.0.0) with AarResourcesCompilerTransform
Transforming interpolator-1.0.0.aar (androidx.interpolator:interpolator:1.0.0) with JetifyTransform
Transforming interpolator-1.0.0.aar (androidx.interpolator:interpolator:1.0.0) with ExtractAarTransform
Transforming interpolator-1.0.0.aar (androidx.interpolator:interpolator:1.0.0) with AarResourcesCompilerTransform
Transforming versionedparcelable-1.1.1.aar (androidx.versionedparcelable:versionedparcelable:1.1.1) with JetifyTransform
Transforming versionedparcelable-1.1.1.aar (androidx.versionedparcelable:versionedparcelable:1.1.1) with ExtractAarTransform
Transforming versionedparcelable-1.1.1.aar (androidx.versionedparcelable:versionedparcelable:1.1.1) with AarResourcesCompilerTransform
Transforming startup-runtime-1.1.1.aar (androidx.startup:startup-runtime:1.1.1) with JetifyTransform
Transforming startup-runtime-1.1.1.aar (androidx.startup:startup-runtime:1.1.1) with ExtractAarTransform
Transforming startup-runtime-1.1.1.aar (androidx.startup:startup-runtime:1.1.1) with AarResourcesCompilerTransform
Transforming tracing-1.0.0.aar (androidx.tracing:tracing:1.0.0) with JetifyTransform
Transforming tracing-1.0.0.aar (androidx.tracing:tracing:1.0.0) with ExtractAarTransform
Transforming tracing-1.0.0.aar (androidx.tracing:tracing:1.0.0) with AarResourcesCompilerTransform
Transforming core-runtime-2.2.0.aar (androidx.arch.core:core-runtime:2.2.0) with JetifyTransform
Transforming core-runtime-2.2.0.aar (androidx.arch.core:core-runtime:2.2.0) with ExtractAarTransform
Transforming core-runtime-2.2.0.aar (androidx.arch.core:core-runtime:2.2.0) with AarResourcesCompilerTransform
Transforming documentfile-1.0.0.aar (androidx.documentfile:documentfile:1.0.0) with JetifyTransform
Transforming documentfile-1.0.0.aar (androidx.documentfile:documentfile:1.0.0) with ExtractAarTransform
Transforming documentfile-1.0.0.aar (androidx.documentfile:documentfile:1.0.0) with AarResourcesCompilerTransform
Transforming localbroadcastmanager-1.0.0.aar (androidx.localbroadcastmanager:localbroadcastmanager:1.0.0) with JetifyTransform
Transforming localbroadcastmanager-1.0.0.aar (androidx.localbroadcastmanager:localbroadcastmanager:1.0.0) with ExtractAarTransform
Transforming localbroadcastmanager-1.0.0.aar (androidx.localbroadcastmanager:localbroadcastmanager:1.0.0) with AarResourcesCompilerTransform
Transforming print-1.0.0.aar (androidx.print:print:1.0.0) with JetifyTransform
Transforming print-1.0.0.aar (androidx.print:print:1.0.0) with ExtractAarTransform
Transforming print-1.0.0.aar (androidx.print:print:1.0.0) with AarResourcesCompilerTransform
Transforming annotation-experimental-1.4.0.aar (androidx.annotation:annotation-experimental:1.4.0) with JetifyTransform
Transforming annotation-experimental-1.4.0.aar (androidx.annotation:annotation-experimental:1.4.0) with ExtractAarTransform
Transforming annotation-experimental-1.4.0.aar (androidx.annotation:annotation-experimental:1.4.0) with AarResourcesCompilerTransform
Caching disabled for AarResourcesCompilerTransform: /home/runner/.gradle/caches/transforms-3/2c9e1932f079309d8c980731046895b1/transformed/jetified-appcompat-resources-1.7.0 because:
  Build cache is disabled
Skipping AarResourcesCompilerTransform: /home/runner/.gradle/caches/transforms-3/2c9e1932f079309d8c980731046895b1/transformed/jetified-appcompat-resources-1.7.0 as it is up-to-date.
Caching disabled for AarResourcesCompilerTransform: /home/runner/.gradle/caches/transforms-3/4986230a3613e9c8878387b9e002f926/transformed/constraintlayout-2.1.4 because:
  Build cache is disabled
Skipping AarResourcesCompilerTransform: /home/runner/.gradle/caches/transforms-3/4986230a3613e9c8878387b9e002f926/transformed/constraintlayout-2.1.4 as it is up-to-date.
Caching disabled for AarResourcesCompilerTransform: /home/runner/.gradle/caches/transforms-3/74c0aa74c6cd0d99699e92401439d9bc/transformed/appcompat-1.7.0 because:
  Build cache is disabled
Skipping AarResourcesCompilerTransform: /home/runner/.gradle/caches/transforms-3/74c0aa74c6cd0d99699e92401439d9bc/transformed/appcompat-1.7.0 as it is up-to-date.
Caching disabled for AarResourcesCompilerTransform: /home/runner/.gradle/caches/transforms-3/713fa34b7934cd106f7af24b7c871473/transformed/jetified-viewpager2-1.1.0-beta02 because:
  Build cache is disabled
Skipping AarResourcesCompilerTransform: /home/runner/.gradle/caches/transforms-3/713fa34b7934cd106f7af24b7c871473/transformed/jetified-viewpager2-1.1.0-beta02 as it is up-to-date.
Caching disabled for AarResourcesCompilerTransform: /home/runner/.gradle/caches/transforms-3/4fe0dd632fb97ea5194ceec69f750c7c/transformed/recyclerview-1.3.2 because:
  Build cache is disabled
Skipping AarResourcesCompilerTransform: /home/runner/.gradle/caches/transforms-3/4fe0dd632fb97ea5194ceec69f750c7c/transformed/recyclerview-1.3.2 as it is up-to-date.
Caching disabled for AarResourcesCompilerTransform: /home/runner/.gradle/caches/transforms-3/3e57dcd8b556ed36db83311191f6b3fb/transformed/material-1.12.0 because:
  Build cache is disabled
Skipping AarResourcesCompilerTransform: /home/runner/.gradle/caches/transforms-3/3e57dcd8b556ed36db83311191f6b3fb/transformed/material-1.12.0 as it is up-to-date.
Caching disabled for AarResourcesCompilerTransform: /home/runner/.gradle/caches/transforms-3/82a5c5a65c7b536c87d9f811caae18d2/transformed/cardview-1.0.0 because:
  Build cache is disabled
Skipping AarResourcesCompilerTransform: /home/runner/.gradle/caches/transforms-3/82a5c5a65c7b536c87d9f811caae18d2/transformed/cardview-1.0.0 as it is up-to-date.
Caching disabled for AarResourcesCompilerTransform: /home/runner/.gradle/caches/transforms-3/1fd4c804b162fdb57cf438768b0cdaff/transformed/jetified-emoji2-views-helper-1.3.0 because:
  Build cache is disabled
Skipping AarResourcesCompilerTransform: /home/runner/.gradle/caches/transforms-3/1fd4c804b162fdb57cf438768b0cdaff/transformed/jetified-emoji2-views-helper-1.3.0 as it is up-to-date.
Caching disabled for AarResourcesCompilerTransform: /home/runner/.gradle/caches/transforms-3/1233487f8a8b2c105e4478097ec9c397/transformed/jetified-emoji2-1.3.0 because:
  Build cache is disabled
Skipping AarResourcesCompilerTransform: /home/runner/.gradle/caches/transforms-3/1233487f8a8b2c105e4478097ec9c397/transformed/jetified-emoji2-1.3.0 as it is up-to-date.
Caching disabled for AarResourcesCompilerTransform: /home/runner/.gradle/caches/transforms-3/44cca806ce7b0a80822ea1332ac9a47d/transformed/jetified-activity-1.8.0 because:
  Build cache is disabled
Skipping AarResourcesCompilerTransform: /home/runner/.gradle/caches/transforms-3/44cca806ce7b0a80822ea1332ac9a47d/transformed/jetified-activity-1.8.0 as it is up-to-date.
Caching disabled for AarResourcesCompilerTransform: /home/runner/.gradle/caches/transforms-3/4071c0e51b732894357072270238bfc4/transformed/fragment-1.5.4 because:
  Build cache is disabled
Skipping AarResourcesCompilerTransform: /home/runner/.gradle/caches/transforms-3/4071c0e51b732894357072270238bfc4/transformed/fragment-1.5.4 as it is up-to-date.
Caching disabled for AarResourcesCompilerTransform: /home/runner/.gradle/caches/transforms-3/ed3d2cbbd0b7adc69330f4f5d5203a98/transformed/drawerlayout-1.1.1 because:
  Build cache is disabled
Skipping AarResourcesCompilerTransform: /home/runner/.gradle/caches/transforms-3/ed3d2cbbd0b7adc69330f4f5d5203a98/transformed/drawerlayout-1.1.1 as it is up-to-date.
Caching disabled for AarResourcesCompilerTransform: /home/runner/.gradle/caches/transforms-3/c18aa4e6712d645d90f2edd74129037f/transformed/vectordrawable-animated-1.1.0 because:
  Build cache is disabled
Skipping AarResourcesCompilerTransform: /home/runner/.gradle/caches/transforms-3/c18aa4e6712d645d90f2edd74129037f/transformed/vectordrawable-animated-1.1.0 as it is up-to-date.
Caching disabled for AarResourcesCompilerTransform: /home/runner/.gradle/caches/transforms-3/4dd287c9e959375dcd5b85d1a2ea3286/transformed/coordinatorlayout-1.1.0 because:
  Build cache is disabled
Skipping AarResourcesCompilerTransform: /home/runner/.gradle/caches/transforms-3/4dd287c9e959375dcd5b85d1a2ea3286/transformed/coordinatorlayout-1.1.0 as it is up-to-date.
Caching disabled for AarResourcesCompilerTransform: /home/runner/.gradle/caches/transforms-3/1ecbce35e8912ca07f18fb6a2d44712b/transformed/dynamicanimation-1.0.0 because:
  Build cache is disabled
Skipping AarResourcesCompilerTransform: /home/runner/.gradle/caches/transforms-3/1ecbce35e8912ca07f18fb6a2d44712b/transformed/dynamicanimation-1.0.0 as it is up-to-date.
Caching disabled for AarResourcesCompilerTransform: /home/runner/.gradle/caches/transforms-3/702d14a0481cc6e84239a971f0bdc7de/transformed/vectordrawable-1.1.0 because:
  Build cache is disabled
Caching disabled for AarResourcesCompilerTransform: /home/runner/.gradle/caches/transforms-3/3d0855e7a81c50c07154eb213257a7d0/transformed/transition-1.5.0 because:
  Build cache is disabled
Skipping AarResourcesCompilerTransform: /home/runner/.gradle/caches/transforms-3/702d14a0481cc6e84239a971f0bdc7de/transformed/vectordrawable-1.1.0 as it is up-to-date.
Skipping AarResourcesCompilerTransform: /home/runner/.gradle/caches/transforms-3/3d0855e7a81c50c07154eb213257a7d0/transformed/transition-1.5.0 as it is up-to-date.
Caching disabled for AarResourcesCompilerTransform: /home/runner/.gradle/caches/transforms-3/f70414e7656dffaa563fcba9e5ff730b/transformed/jetified-customview-poolingcontainer-1.0.0 because:
  Build cache is disabled
Skipping AarResourcesCompilerTransform: /home/runner/.gradle/caches/transforms-3/f70414e7656dffaa563fcba9e5ff730b/transformed/jetified-customview-poolingcontainer-1.0.0 as it is up-to-date.
Caching disabled for AarResourcesCompilerTransform: /home/runner/.gradle/caches/transforms-3/5c1b5b9a526a64418a8284af4df1eb4c/transformed/legacy-support-core-utils-1.0.0 because:
  Build cache is disabled
Skipping AarResourcesCompilerTransform: /home/runner/.gradle/caches/transforms-3/5c1b5b9a526a64418a8284af4df1eb4c/transformed/legacy-support-core-utils-1.0.0 as it is up-to-date.
Caching disabled for AarResourcesCompilerTransform: /home/runner/.gradle/caches/transforms-3/8b48d9a1197a83570f6bb7952b8a480a/transformed/jetified-savedstate-1.2.1 because:
  Build cache is disabled
Caching disabled for AarResourcesCompilerTransform: /home/runner/.gradle/caches/transforms-3/6a9264e91d0ccd23be7ae30d89a364d7/transformed/loader-1.0.0 because:
  Build cache is disabled
Skipping AarResourcesCompilerTransform: /home/runner/.gradle/caches/transforms-3/8b48d9a1197a83570f6bb7952b8a480a/transformed/jetified-savedstate-1.2.1 as it is up-to-date.
Skipping AarResourcesCompilerTransform: /home/runner/.gradle/caches/transforms-3/6a9264e91d0ccd23be7ae30d89a364d7/transformed/loader-1.0.0 as it is up-to-date.
Caching disabled for AarResourcesCompilerTransform: /home/runner/.gradle/caches/transforms-3/624afa1baae8c07bfc048ad484610af6/transformed/lifecycle-livedata-2.6.2 because:
  Build cache is disabled
Skipping AarResourcesCompilerTransform: /home/runner/.gradle/caches/transforms-3/624afa1baae8c07bfc048ad484610af6/transformed/lifecycle-livedata-2.6.2 as it is up-to-date.
Caching disabled for AarResourcesCompilerTransform: /home/runner/.gradle/caches/transforms-3/a506b1e067453748ce849a5d1a931b4f/transformed/lifecycle-viewmodel-2.6.2 because:
  Build cache is disabled
Skipping AarResourcesCompilerTransform: /home/runner/.gradle/caches/transforms-3/a506b1e067453748ce849a5d1a931b4f/transformed/lifecycle-viewmodel-2.6.2 as it is up-to-date.
Caching disabled for AarResourcesCompilerTransform: /home/runner/.gradle/caches/transforms-3/ee63f22118ed27eb76e1f3c7f951274b/transformed/jetified-lifecycle-process-2.6.2 because:
  Build cache is disabled
Skipping AarResourcesCompilerTransform: /home/runner/.gradle/caches/transforms-3/ee63f22118ed27eb76e1f3c7f951274b/transformed/jetified-lifecycle-process-2.6.2 as it is up-to-date.
Caching disabled for AarResourcesCompilerTransform: /home/runner/.gradle/caches/transforms-3/a197f00907f8191fab772747b4069be9/transformed/lifecycle-livedata-core-2.6.2 because:
  Build cache is disabled
Skipping AarResourcesCompilerTransform: /home/runner/.gradle/caches/transforms-3/a197f00907f8191fab772747b4069be9/transformed/lifecycle-livedata-core-2.6.2 as it is up-to-date.
Caching disabled for AarResourcesCompilerTransform: /home/runner/.gradle/caches/transforms-3/b6a473a89888b3521ce2a8d540f5ca52/transformed/lifecycle-runtime-2.6.2 because:
  Build cache is disabled
Skipping AarResourcesCompilerTransform: /home/runner/.gradle/caches/transforms-3/b6a473a89888b3521ce2a8d540f5ca52/transformed/lifecycle-runtime-2.6.2 as it is up-to-date.
Caching disabled for AarResourcesCompilerTransform: /home/runner/.gradle/caches/transforms-3/971e8374cd892e93232b043b81dff083/transformed/jetified-lifecycle-viewmodel-savedstate-2.6.2 because:
  Build cache is disabled
Skipping AarResourcesCompilerTransform: /home/runner/.gradle/caches/transforms-3/971e8374cd892e93232b043b81dff083/transformed/jetified-lifecycle-viewmodel-savedstate-2.6.2 as it is up-to-date.
Caching disabled for AarResourcesCompilerTransform: /home/runner/.gradle/caches/transforms-3/762497eb291fa256c893d1902ec3b4ac/transformed/viewpager-1.0.0 because:
  Build cache is disabled
Skipping AarResourcesCompilerTransform: /home/runner/.gradle/caches/transforms-3/762497eb291fa256c893d1902ec3b4ac/transformed/viewpager-1.0.0 as it is up-to-date.
Caching disabled for AarResourcesCompilerTransform: /home/runner/.gradle/caches/transforms-3/6067425117552f8d4b6344907978c123/transformed/jetified-core-ktx-1.13.1 because:
  Build cache is disabled
Skipping AarResourcesCompilerTransform: /home/runner/.gradle/caches/transforms-3/6067425117552f8d4b6344907978c123/transformed/jetified-core-ktx-1.13.1 as it is up-to-date.
Caching disabled for AarResourcesCompilerTransform: /home/runner/.gradle/caches/transforms-3/459c47dff4ea0349f10e153b2dd57879/transformed/customview-1.1.0 because:
  Build cache is disabled
Skipping AarResourcesCompilerTransform: /home/runner/.gradle/caches/transforms-3/459c47dff4ea0349f10e153b2dd57879/transformed/customview-1.1.0 as it is up-to-date.
Caching disabled for AarResourcesCompilerTransform: /home/runner/.gradle/caches/transforms-3/11f0a53180ace0fffdd006f40bfc2008/transformed/core-1.13.1 because:
  Build cache is disabled
Skipping AarResourcesCompilerTransform: /home/runner/.gradle/caches/transforms-3/11f0a53180ace0fffdd006f40bfc2008/transformed/core-1.13.1 as it is up-to-date.
Caching disabled for AarResourcesCompilerTransform: /home/runner/.gradle/caches/transforms-3/f3b45a409efc9cd62f29ba84d5ea95cc/transformed/cursoradapter-1.0.0 because:
  Build cache is disabled
Skipping AarResourcesCompilerTransform: /home/runner/.gradle/caches/transforms-3/f3b45a409efc9cd62f29ba84d5ea95cc/transformed/cursoradapter-1.0.0 as it is up-to-date.
Caching disabled for AarResourcesCompilerTransform: /home/runner/.gradle/caches/transforms-3/6b9bb6a8c71662ca631e197a9e065197/transformed/interpolator-1.0.0 because:
  Build cache is disabled
Skipping AarResourcesCompilerTransform: /home/runner/.gradle/caches/transforms-3/6b9bb6a8c71662ca631e197a9e065197/transformed/interpolator-1.0.0 as it is up-to-date.
Caching disabled for AarResourcesCompilerTransform: /home/runner/.gradle/caches/transforms-3/dcac8580948742d9679b4cc476009a8c/transformed/jetified-profileinstaller-1.3.1 because:
  Build cache is disabled
Skipping AarResourcesCompilerTransform: /home/runner/.gradle/caches/transforms-3/dcac8580948742d9679b4cc476009a8c/transformed/jetified-profileinstaller-1.3.1 as it is up-to-date.
Caching disabled for AarResourcesCompilerTransform: /home/runner/.gradle/caches/transforms-3/0c857eaa378e1c798341155dbc28d9bd/transformed/versionedparcelable-1.1.1 because:
  Build cache is disabled
Skipping AarResourcesCompilerTransform: /home/runner/.gradle/caches/transforms-3/0c857eaa378e1c798341155dbc28d9bd/transformed/versionedparcelable-1.1.1 as it is up-to-date.
Caching disabled for AarResourcesCompilerTransform: /home/runner/.gradle/caches/transforms-3/ce160dbbfa3de34d01d231cdb832e663/transformed/jetified-tracing-1.0.0 because:
  Build cache is disabled
Skipping AarResourcesCompilerTransform: /home/runner/.gradle/caches/transforms-3/ce160dbbfa3de34d01d231cdb832e663/transformed/jetified-tracing-1.0.0 as it is up-to-date.
Caching disabled for AarResourcesCompilerTransform: /home/runner/.gradle/caches/transforms-3/00e51715982b78af096ea2b29d7737a5/transformed/core-runtime-2.2.0 because:
  Build cache is disabled
Skipping AarResourcesCompilerTransform: /home/runner/.gradle/caches/transforms-3/00e51715982b78af096ea2b29d7737a5/transformed/core-runtime-2.2.0 as it is up-to-date.
Caching disabled for AarResourcesCompilerTransform: /home/runner/.gradle/caches/transforms-3/929f9fa80841e5d7d97393a6896db7a1/transformed/jetified-startup-runtime-1.1.1 because:
  Build cache is disabled
Skipping AarResourcesCompilerTransform: /home/runner/.gradle/caches/transforms-3/929f9fa80841e5d7d97393a6896db7a1/transformed/jetified-startup-runtime-1.1.1 as it is up-to-date.
Caching disabled for AarResourcesCompilerTransform: /home/runner/.gradle/caches/transforms-3/f93fd9f7f264506b697bc40ed42a22df/transformed/documentfile-1.0.0 because:
  Build cache is disabled
Skipping AarResourcesCompilerTransform: /home/runner/.gradle/caches/transforms-3/f93fd9f7f264506b697bc40ed42a22df/transformed/documentfile-1.0.0 as it is up-to-date.
Caching disabled for AarResourcesCompilerTransform: /home/runner/.gradle/caches/transforms-3/74f1f93840a9c8a79ad563434633a795/transformed/localbroadcastmanager-1.0.0 because:
  Build cache is disabled
Skipping AarResourcesCompilerTransform: /home/runner/.gradle/caches/transforms-3/74f1f93840a9c8a79ad563434633a795/transformed/localbroadcastmanager-1.0.0 as it is up-to-date.
Caching disabled for AarResourcesCompilerTransform: /home/runner/.gradle/caches/transforms-3/de9d9b9757fdff3a4223c6aa6c8ab886/transformed/print-1.0.0 because:
  Build cache is disabled
Skipping AarResourcesCompilerTransform: /home/runner/.gradle/caches/transforms-3/de9d9b9757fdff3a4223c6aa6c8ab886/transformed/print-1.0.0 as it is up-to-date.
Caching disabled for AarResourcesCompilerTransform: /home/runner/.gradle/caches/transforms-3/040541bbba9c66137e3b065555d548f5/transformed/jetified-annotation-experimental-1.4.0 because:
  Build cache is disabled
Skipping AarResourcesCompilerTransform: /home/runner/.gradle/caches/transforms-3/040541bbba9c66137e3b065555d548f5/transformed/jetified-annotation-experimental-1.4.0 as it is up-to-date.
Caching disabled for task ':app:processDebugResources' because:
  Build cache is disabled
Task ':app:processDebugResources' is not up-to-date because:
  No history is available.
The input changes require a full rebuild for incremental task ':app:processDebugResources'.
Watching 180 directories to track changes
Watching 180 directories to track changes
Watching 180 directories to track changes
Watching 180 directories to track changes
Watching 179 directories to track changes
AAPT2 aapt2-8.2.2-10154469-linux Daemon #0: starting
Aapt output file /home/runner/work/vcg-lang/vcg-lang/editor/android/app/build/intermediates/processed_res/debug/out/resources-debug.ap_
Watching 185 directories to track changes
Watching 186 directories to track changes
Watching 187 directories to track changes
Watching 188 directories to track changes
Watching 189 directories to track changes
Resolve mutations for :app:compileDebugJavaWithJavac (Thread[Execution worker Thread 3,5,main]) started.
:app:compileDebugJavaWithJavac (Thread[Execution worker Thread 2,5,main]) started.

> Task :app:mergeDebugJavaResource
Watching 183 directories to track changes
Watching 183 directories to track changes
Transforming viewbinding-8.2.2.aar (androidx.databinding:viewbinding:8.2.2) with JetifyTransform
Transforming viewbinding-8.2.2.aar (androidx.databinding:viewbinding:8.2.2) with ExtractAarTransform
Transforming viewbinding-8.2.2.aar (androidx.databinding:viewbinding:8.2.2) with AarTransform
Transforming material-1.12.0.aar (com.google.android.material:material:1.12.0) with JetifyTransform
Transforming material-1.12.0.aar (com.google.android.material:material:1.12.0) with ExtractAarTransform
Transforming material-1.12.0.aar (com.google.android.material:material:1.12.0) with AarTransform
Transforming constraintlayout-2.1.4.aar (androidx.constraintlayout:constraintlayout:2.1.4) with JetifyTransform
Transforming constraintlayout-2.1.4.aar (androidx.constraintlayout:constraintlayout:2.1.4) with ExtractAarTransform
Transforming constraintlayout-2.1.4.aar (androidx.constraintlayout:constraintlayout:2.1.4) with AarTransform
Caching disabled for AarTransform: /home/runner/.gradle/caches/transforms-3/1879d540724927de8171de7ca34e5ef8/transformed/jetified-viewbinding-8.2.2 because:
  Build cache is disabled
Skipping AarTransform: /home/runner/.gradle/caches/transforms-3/1879d540724927de8171de7ca34e5ef8/transformed/jetified-viewbinding-8.2.2 as it is up-to-date.
Transforming appcompat-resources-1.7.0.aar (androidx.appcompat:appcompat-resources:1.7.0) with JetifyTransform
Transforming appcompat-resources-1.7.0.aar (androidx.appcompat:appcompat-resources:1.7.0) with ExtractAarTransform
Transforming appcompat-resources-1.7.0.aar (androidx.appcompat:appcompat-resources:1.7.0) with AarTransform
Transforming appcompat-1.7.0.aar (androidx.appcompat:appcompat:1.7.0) with JetifyTransform
Transforming appcompat-1.7.0.aar (androidx.appcompat:appcompat:1.7.0) with ExtractAarTransform
Transforming appcompat-1.7.0.aar (androidx.appcompat:appcompat:1.7.0) with AarTransform
Transforming viewpager2-1.1.0-beta02.aar (androidx.viewpager2:viewpager2:1.1.0-beta02) with JetifyTransform
Transforming viewpager2-1.1.0-beta02.aar (androidx.viewpager2:viewpager2:1.1.0-beta02) with ExtractAarTransform
Transforming viewpager2-1.1.0-beta02.aar (androidx.viewpager2:viewpager2:1.1.0-beta02) with AarTransform
Transforming recyclerview-1.3.2.aar (androidx.recyclerview:recyclerview:1.3.2) with JetifyTransform
Transforming recyclerview-1.3.2.aar (androidx.recyclerview:recyclerview:1.3.2) with ExtractAarTransform
Transforming recyclerview-1.3.2.aar (androidx.recyclerview:recyclerview:1.3.2) with AarTransform
Transforming cardview-1.0.0.aar (androidx.cardview:cardview:1.0.0) with JetifyTransform
Transforming cardview-1.0.0.aar (androidx.cardview:cardview:1.0.0) with ExtractAarTransform
Transforming cardview-1.0.0.aar (androidx.cardview:cardview:1.0.0) with AarTransform
Transforming emoji2-views-helper-1.3.0.aar (androidx.emoji2:emoji2-views-helper:1.3.0) with JetifyTransform
Transforming emoji2-views-helper-1.3.0.aar (androidx.emoji2:emoji2-views-helper:1.3.0) with ExtractAarTransform
Transforming emoji2-views-helper-1.3.0.aar (androidx.emoji2:emoji2-views-helper:1.3.0) with AarTransform
Transforming emoji2-1.3.0.aar (androidx.emoji2:emoji2:1.3.0) with JetifyTransform
Transforming emoji2-1.3.0.aar (androidx.emoji2:emoji2:1.3.0) with ExtractAarTransform
Transforming emoji2-1.3.0.aar (androidx.emoji2:emoji2:1.3.0) with AarTransform
Transforming fragment-1.5.4.aar (androidx.fragment:fragment:1.5.4) with JetifyTransform
Transforming fragment-1.5.4.aar (androidx.fragment:fragment:1.5.4) with ExtractAarTransform
Transforming fragment-1.5.4.aar (androidx.fragment:fragment:1.5.4) with AarTransform
Transforming activity-1.8.0.aar (androidx.activity:activity:1.8.0) with JetifyTransform
Transforming activity-1.8.0.aar (androidx.activity:activity:1.8.0) with ExtractAarTransform
Transforming activity-1.8.0.aar (androidx.activity:activity:1.8.0) with AarTransform
Transforming drawerlayout-1.1.1.aar (androidx.drawerlayout:drawerlayout:1.1.1) with JetifyTransform
Transforming drawerlayout-1.1.1.aar (androidx.drawerlayout:drawerlayout:1.1.1) with ExtractAarTransform
Transforming drawerlayout-1.1.1.aar (androidx.drawerlayout:drawerlayout:1.1.1) with AarTransform
Transforming coordinatorlayout-1.1.0.aar (androidx.coordinatorlayout:coordinatorlayout:1.1.0) with JetifyTransform
Transforming coordinatorlayout-1.1.0.aar (androidx.coordinatorlayout:coordinatorlayout:1.1.0) with ExtractAarTransform
Transforming coordinatorlayout-1.1.0.aar (androidx.coordinatorlayout:coordinatorlayout:1.1.0) with AarTransform
Transforming transition-1.5.0.aar (androidx.transition:transition:1.5.0) with JetifyTransform
Transforming transition-1.5.0.aar (androidx.transition:transition:1.5.0) with ExtractAarTransform
Transforming transition-1.5.0.aar (androidx.transition:transition:1.5.0) with AarTransform
Transforming dynamicanimation-1.0.0.aar (androidx.dynamicanimation:dynamicanimation:1.0.0) with JetifyTransform
Transforming dynamicanimation-1.0.0.aar (androidx.dynamicanimation:dynamicanimation:1.0.0) with ExtractAarTransform
Transforming dynamicanimation-1.0.0.aar (androidx.dynamicanimation:dynamicanimation:1.0.0) with AarTransform
Transforming vectordrawable-animated-1.1.0.aar (androidx.vectordrawable:vectordrawable-animated:1.1.0) with JetifyTransform
Transforming vectordrawable-animated-1.1.0.aar (androidx.vectordrawable:vectordrawable-animated:1.1.0) with ExtractAarTransform
Transforming vectordrawable-animated-1.1.0.aar (androidx.vectordrawable:vectordrawable-animated:1.1.0) with AarTransform
Transforming vectordrawable-1.1.0.aar (androidx.vectordrawable:vectordrawable:1.1.0) with JetifyTransform
Transforming vectordrawable-1.1.0.aar (androidx.vectordrawable:vectordrawable:1.1.0) with ExtractAarTransform
Transforming vectordrawable-1.1.0.aar (androidx.vectordrawable:vectordrawable:1.1.0) with AarTransform
Caching disabled for AarTransform: /home/runner/.gradle/caches/transforms-3/2c9e1932f079309d8c980731046895b1/transformed/jetified-appcompat-resources-1.7.0 because:
  Build cache is disabled
Transforming vectordrawable-1.1.0.aar (androidx.vectordrawable:vectordrawable:1.1.0) with JetifyTransform
Transforming vectordrawable-1.1.0.aar (androidx.vectordrawable:vectordrawable:1.1.0) with ExtractAarTransform
Skipping AarTransform: /home/runner/.gradle/caches/transforms-3/2c9e1932f079309d8c980731046895b1/transformed/jetified-appcompat-resources-1.7.0 as it is up-to-date.
Transforming vectordrawable-1.1.0.aar (androidx.vectordrawable:vectordrawable:1.1.0) with AarTransform
Transforming customview-poolingcontainer-1.0.0.aar (androidx.customview:customview-poolingcontainer:1.0.0) with JetifyTransform
Caching disabled for AarTransform: /home/runner/.gradle/caches/transforms-3/3e57dcd8b556ed36db83311191f6b3fb/transformed/material-1.12.0 because:
  Build cache is disabled
Skipping AarTransform: /home/runner/.gradle/caches/transforms-3/3e57dcd8b556ed36db83311191f6b3fb/transformed/material-1.12.0 as it is up-to-date.
Transforming customview-poolingcontainer-1.0.0.aar (androidx.customview:customview-poolingcontainer:1.0.0) with ExtractAarTransform
Transforming customview-poolingcontainer-1.0.0.aar (androidx.customview:customview-poolingcontainer:1.0.0) with AarTransform
Transforming savedstate-1.2.1.aar (androidx.savedstate:savedstate:1.2.1) with JetifyTransform
Transforming savedstate-1.2.1.aar (androidx.savedstate:savedstate:1.2.1) with ExtractAarTransform
Transforming savedstate-1.2.1.aar (androidx.savedstate:savedstate:1.2.1) with AarTransform
Transforming legacy-support-core-utils-1.0.0.aar (androidx.legacy:legacy-support-core-utils:1.0.0) with JetifyTransform
Transforming legacy-support-core-utils-1.0.0.aar (androidx.legacy:legacy-support-core-utils:1.0.0) with ExtractAarTransform
Transforming legacy-support-core-utils-1.0.0.aar (androidx.legacy:legacy-support-core-utils:1.0.0) with AarTransform
Transforming loader-1.0.0.aar (androidx.loader:loader:1.0.0) with JetifyTransform
Transforming loader-1.0.0.aar (androidx.loader:loader:1.0.0) with ExtractAarTransform
Transforming loader-1.0.0.aar (androidx.loader:loader:1.0.0) with AarTransform
Transforming loader-1.0.0.aar (androidx.loader:loader:1.0.0) with JetifyTransform
Transforming loader-1.0.0.aar (androidx.loader:loader:1.0.0) with ExtractAarTransform
Transforming loader-1.0.0.aar (androidx.loader:loader:1.0.0) with AarTransform
Transforming lifecycle-livedata-2.6.2.aar (androidx.lifecycle:lifecycle-livedata:2.6.2) with JetifyTransform
Transforming lifecycle-livedata-2.6.2.aar (androidx.lifecycle:lifecycle-livedata:2.6.2) with ExtractAarTransform
Transforming lifecycle-livedata-2.6.2.aar (androidx.lifecycle:lifecycle-livedata:2.6.2) with AarTransform
Transforming lifecycle-viewmodel-2.6.2.aar (androidx.lifecycle:lifecycle-viewmodel:2.6.2) with JetifyTransform
Transforming lifecycle-viewmodel-2.6.2.aar (androidx.lifecycle:lifecycle-viewmodel:2.6.2) with ExtractAarTransform
Transforming lifecycle-viewmodel-2.6.2.aar (androidx.lifecycle:lifecycle-viewmodel:2.6.2) with AarTransform
Transforming lifecycle-viewmodel-2.6.2.aar (androidx.lifecycle:lifecycle-viewmodel:2.6.2) with JetifyTransform
Transforming lifecycle-viewmodel-2.6.2.aar (androidx.lifecycle:lifecycle-viewmodel:2.6.2) with ExtractAarTransform
Transforming lifecycle-viewmodel-2.6.2.aar (androidx.lifecycle:lifecycle-viewmodel:2.6.2) with AarTransform
Transforming lifecycle-process-2.6.2.aar (androidx.lifecycle:lifecycle-process:2.6.2) with JetifyTransform
Transforming lifecycle-process-2.6.2.aar (androidx.lifecycle:lifecycle-process:2.6.2) with ExtractAarTransform
Transforming lifecycle-process-2.6.2.aar (androidx.lifecycle:lifecycle-process:2.6.2) with AarTransform
Transforming lifecycle-livedata-core-2.6.2.aar (androidx.lifecycle:lifecycle-livedata-core:2.6.2) with JetifyTransform
Transforming lifecycle-livedata-core-2.6.2.aar (androidx.lifecycle:lifecycle-livedata-core:2.6.2) with ExtractAarTransform
Transforming lifecycle-livedata-core-2.6.2.aar (androidx.lifecycle:lifecycle-livedata-core:2.6.2) with AarTransform
Caching disabled for AarTransform: /home/runner/.gradle/caches/transforms-3/713fa34b7934cd106f7af24b7c871473/transformed/jetified-viewpager2-1.1.0-beta02 because:
  Build cache is disabled
Caching disabled for AarTransform: /home/runner/.gradle/caches/transforms-3/74c0aa74c6cd0d99699e92401439d9bc/transformed/appcompat-1.7.0 because:
  Build cache is disabled
Skipping AarTransform: /home/runner/.gradle/caches/transforms-3/713fa34b7934cd106f7af24b7c871473/transformed/jetified-viewpager2-1.1.0-beta02 as it is up-to-date.
Skipping AarTransform: /home/runner/.gradle/caches/transforms-3/74c0aa74c6cd0d99699e92401439d9bc/transformed/appcompat-1.7.0 as it is up-to-date.
Caching disabled for AarTransform: /home/runner/.gradle/caches/transforms-3/4fe0dd632fb97ea5194ceec69f750c7c/transformed/recyclerview-1.3.2 because:
  Build cache is disabled
Skipping AarTransform: /home/runner/.gradle/caches/transforms-3/4fe0dd632fb97ea5194ceec69f750c7c/transformed/recyclerview-1.3.2 as it is up-to-date.
Caching disabled for AarTransform: /home/runner/.gradle/caches/transforms-3/82a5c5a65c7b536c87d9f811caae18d2/transformed/cardview-1.0.0 because:
  Build cache is disabled
Skipping AarTransform: /home/runner/.gradle/caches/transforms-3/82a5c5a65c7b536c87d9f811caae18d2/transformed/cardview-1.0.0 as it is up-to-date.
Caching disabled for AarTransform: /home/runner/.gradle/caches/transforms-3/1fd4c804b162fdb57cf438768b0cdaff/transformed/jetified-emoji2-views-helper-1.3.0 because:
  Build cache is disabled
Skipping AarTransform: /home/runner/.gradle/caches/transforms-3/1fd4c804b162fdb57cf438768b0cdaff/transformed/jetified-emoji2-views-helper-1.3.0 as it is up-to-date.
Caching disabled for AarTransform: /home/runner/.gradle/caches/transforms-3/1233487f8a8b2c105e4478097ec9c397/transformed/jetified-emoji2-1.3.0 because:
  Build cache is disabled
Skipping AarTransform: /home/runner/.gradle/caches/transforms-3/1233487f8a8b2c105e4478097ec9c397/transformed/jetified-emoji2-1.3.0 as it is up-to-date.
Transforming lifecycle-runtime-2.6.2.aar (androidx.lifecycle:lifecycle-runtime:2.6.2) with JetifyTransform
Transforming lifecycle-runtime-2.6.2.aar (androidx.lifecycle:lifecycle-runtime:2.6.2) with ExtractAarTransform
Transforming lifecycle-runtime-2.6.2.aar (androidx.lifecycle:lifecycle-runtime:2.6.2) with AarTransform
Transforming lifecycle-viewmodel-savedstate-2.6.2.aar (androidx.lifecycle:lifecycle-viewmodel-savedstate:2.6.2) with JetifyTransform
Transforming lifecycle-viewmodel-savedstate-2.6.2.aar (androidx.lifecycle:lifecycle-viewmodel-savedstate:2.6.2) with ExtractAarTransform
Transforming lifecycle-viewmodel-savedstate-2.6.2.aar (androidx.lifecycle:lifecycle-viewmodel-savedstate:2.6.2) with AarTransform
Transforming core-ktx-1.13.1.aar (androidx.core:core-ktx:1.13.1) with JetifyTransform
Transforming core-ktx-1.13.1.aar (androidx.core:core-ktx:1.13.1) with ExtractAarTransform
Transforming core-ktx-1.13.1.aar (androidx.core:core-ktx:1.13.1) with AarTransform
Transforming viewpager-1.0.0.aar (androidx.viewpager:viewpager:1.0.0) with JetifyTransform
Transforming viewpager-1.0.0.aar (androidx.viewpager:viewpager:1.0.0) with ExtractAarTransform
Transforming viewpager-1.0.0.aar (androidx.viewpager:viewpager:1.0.0) with AarTransform
Transforming customview-1.1.0.aar (androidx.customview:customview:1.1.0) with JetifyTransform
Transforming customview-1.1.0.aar (androidx.customview:customview:1.1.0) with ExtractAarTransform
Transforming customview-1.1.0.aar (androidx.customview:customview:1.1.0) with AarTransform
Transforming customview-1.1.0.aar (androidx.customview:customview:1.1.0) with JetifyTransform
Transforming customview-1.1.0.aar (androidx.customview:customview:1.1.0) with ExtractAarTransform
Transforming customview-1.1.0.aar (androidx.customview:customview:1.1.0) with AarTransform
Transforming customview-1.1.0.aar (androidx.customview:customview:1.1.0) with JetifyTransform
Transforming customview-1.1.0.aar (androidx.customview:customview:1.1.0) with ExtractAarTransform
Transforming customview-1.1.0.aar (androidx.customview:customview:1.1.0) with AarTransform
Transforming customview-1.1.0.aar (androidx.customview:customview:1.1.0) with JetifyTransform
Transforming customview-1.1.0.aar (androidx.customview:customview:1.1.0) with ExtractAarTransform
Transforming customview-1.1.0.aar (androidx.customview:customview:1.1.0) with AarTransform
Transforming core-1.13.1.aar (androidx.core:core:1.13.1) with JetifyTransform
Transforming core-1.13.1.aar (androidx.core:core:1.13.1) with ExtractAarTransform
Transforming core-1.13.1.aar (androidx.core:core:1.13.1) with AarTransform
Transforming core-1.13.1.aar (androidx.core:core:1.13.1) with JetifyTransform
Transforming core-1.13.1.aar (androidx.core:core:1.13.1) with ExtractAarTransform
Transforming core-1.13.1.aar (androidx.core:core:1.13.1) with AarTransform
Transforming core-1.13.1.aar (androidx.core:core:1.13.1) with JetifyTransform
Transforming core-1.13.1.aar (androidx.core:core:1.13.1) with ExtractAarTransform
Transforming core-1.13.1.aar (androidx.core:core:1.13.1) with AarTransform
Caching disabled for AarTransform: /home/runner/.gradle/caches/transforms-3/44cca806ce7b0a80822ea1332ac9a47d/transformed/jetified-activity-1.8.0 because:
  Build cache is disabled
Caching disabled for AarTransform: /home/runner/.gradle/caches/transforms-3/4071c0e51b732894357072270238bfc4/transformed/fragment-1.5.4 because:
  Build cache is disabled
Skipping AarTransform: /home/runner/.gradle/caches/transforms-3/44cca806ce7b0a80822ea1332ac9a47d/transformed/jetified-activity-1.8.0 as it is up-to-date.
Skipping AarTransform: /home/runner/.gradle/caches/transforms-3/4071c0e51b732894357072270238bfc4/transformed/fragment-1.5.4 as it is up-to-date.
Caching disabled for AarTransform: /home/runner/.gradle/caches/transforms-3/ed3d2cbbd0b7adc69330f4f5d5203a98/transformed/drawerlayout-1.1.1 because:
  Build cache is disabled
Skipping AarTransform: /home/runner/.gradle/caches/transforms-3/ed3d2cbbd0b7adc69330f4f5d5203a98/transformed/drawerlayout-1.1.1 as it is up-to-date.
Caching disabled for AarTransform: /home/runner/.gradle/caches/transforms-3/4dd287c9e959375dcd5b85d1a2ea3286/transformed/coordinatorlayout-1.1.0 because:
  Build cache is disabled
Skipping AarTransform: /home/runner/.gradle/caches/transforms-3/4dd287c9e959375dcd5b85d1a2ea3286/transformed/coordinatorlayout-1.1.0 as it is up-to-date.
Transforming core-1.13.1.aar (androidx.core:core:1.13.1) with JetifyTransform
Transforming core-1.13.1.aar (androidx.core:core:1.13.1) with ExtractAarTransform
Transforming core-1.13.1.aar (androidx.core:core:1.13.1) with AarTransform
Transforming core-1.13.1.aar (androidx.core:core:1.13.1) with JetifyTransform
Transforming core-1.13.1.aar (androidx.core:core:1.13.1) with ExtractAarTransform
Transforming core-1.13.1.aar (androidx.core:core:1.13.1) with AarTransform
Transforming core-1.13.1.aar (androidx.core:core:1.13.1) with JetifyTransform
Transforming core-1.13.1.aar (androidx.core:core:1.13.1) with ExtractAarTransform
Transforming core-1.13.1.aar (androidx.core:core:1.13.1) with AarTransform
Transforming core-1.13.1.aar (androidx.core:core:1.13.1) with JetifyTransform
Transforming core-1.13.1.aar (androidx.core:core:1.13.1) with ExtractAarTransform
Transforming core-1.13.1.aar (androidx.core:core:1.13.1) with AarTransform
Transforming core-1.13.1.aar (androidx.core:core:1.13.1) with JetifyTransform
Transforming core-1.13.1.aar (androidx.core:core:1.13.1) with ExtractAarTransform
Transforming core-1.13.1.aar (androidx.core:core:1.13.1) with AarTransform
Transforming core-1.13.1.aar (androidx.core:core:1.13.1) with JetifyTransform
Transforming core-1.13.1.aar (androidx.core:core:1.13.1) with ExtractAarTransform
Transforming core-1.13.1.aar (androidx.core:core:1.13.1) with AarTransform
Transforming cursoradapter-1.0.0.aar (androidx.cursoradapter:cursoradapter:1.0.0) with JetifyTransform
Transforming cursoradapter-1.0.0.aar (androidx.cursoradapter:cursoradapter:1.0.0) with ExtractAarTransform
Transforming cursoradapter-1.0.0.aar (androidx.cursoradapter:cursoradapter:1.0.0) with AarTransform
Transforming profileinstaller-1.3.1.aar (androidx.profileinstaller:profileinstaller:1.3.1) with JetifyTransform
Transforming profileinstaller-1.3.1.aar (androidx.profileinstaller:profileinstaller:1.3.1) with ExtractAarTransform
Transforming profileinstaller-1.3.1.aar (androidx.profileinstaller:profileinstaller:1.3.1) with AarTransform
Transforming interpolator-1.0.0.aar (androidx.interpolator:interpolator:1.0.0) with JetifyTransform
Transforming interpolator-1.0.0.aar (androidx.interpolator:interpolator:1.0.0) with ExtractAarTransform
Transforming interpolator-1.0.0.aar (androidx.interpolator:interpolator:1.0.0) with AarTransform
Transforming interpolator-1.0.0.aar (androidx.interpolator:interpolator:1.0.0) with JetifyTransform
Transforming interpolator-1.0.0.aar (androidx.interpolator:interpolator:1.0.0) with ExtractAarTransform
Transforming interpolator-1.0.0.aar (androidx.interpolator:interpolator:1.0.0) with AarTransform
Transforming versionedparcelable-1.1.1.aar (androidx.versionedparcelable:versionedparcelable:1.1.1) with JetifyTransform
Transforming versionedparcelable-1.1.1.aar (androidx.versionedparcelable:versionedparcelable:1.1.1) with ExtractAarTransform
Transforming versionedparcelable-1.1.1.aar (androidx.versionedparcelable:versionedparcelable:1.1.1) with AarTransform
Transforming startup-runtime-1.1.1.aar (androidx.startup:startup-runtime:1.1.1) with JetifyTransform
Transforming startup-runtime-1.1.1.aar (androidx.startup:startup-runtime:1.1.1) with ExtractAarTransform
Transforming startup-runtime-1.1.1.aar (androidx.startup:startup-runtime:1.1.1) with AarTransform
Transforming tracing-1.0.0.aar (androidx.tracing:tracing:1.0.0) with JetifyTransform
Transforming tracing-1.0.0.aar (androidx.tracing:tracing:1.0.0) with ExtractAarTransform
Transforming tracing-1.0.0.aar (androidx.tracing:tracing:1.0.0) with AarTransform
Transforming core-runtime-2.2.0.aar (androidx.arch.core:core-runtime:2.2.0) with JetifyTransform
Transforming core-runtime-2.2.0.aar (androidx.arch.core:core-runtime:2.2.0) with ExtractAarTransform
Transforming core-runtime-2.2.0.aar (androidx.arch.core:core-runtime:2.2.0) with AarTransform
Transforming documentfile-1.0.0.aar (androidx.documentfile:documentfile:1.0.0) with JetifyTransform
Transforming documentfile-1.0.0.aar (androidx.documentfile:documentfile:1.0.0) with ExtractAarTransform
Transforming documentfile-1.0.0.aar (androidx.documentfile:documentfile:1.0.0) with AarTransform
Transforming localbroadcastmanager-1.0.0.aar (androidx.localbroadcastmanager:localbroadcastmanager:1.0.0) with JetifyTransform
Transforming localbroadcastmanager-1.0.0.aar (androidx.localbroadcastmanager:localbroadcastmanager:1.0.0) with ExtractAarTransform
Transforming localbroadcastmanager-1.0.0.aar (androidx.localbroadcastmanager:localbroadcastmanager:1.0.0) with AarTransform
Caching disabled for AarTransform: /home/runner/.gradle/caches/transforms-3/3d0855e7a81c50c07154eb213257a7d0/transformed/transition-1.5.0 because:
  Build cache is disabled
Transforming print-1.0.0.aar (androidx.print:print:1.0.0) with JetifyTransform
Skipping AarTransform: /home/runner/.gradle/caches/transforms-3/3d0855e7a81c50c07154eb213257a7d0/transformed/transition-1.5.0 as it is up-to-date.
Transforming print-1.0.0.aar (androidx.print:print:1.0.0) with ExtractAarTransform
Transforming print-1.0.0.aar (androidx.print:print:1.0.0) with AarTransform
Transforming annotation-experimental-1.4.0.aar (androidx.annotation:annotation-experimental:1.4.0) with JetifyTransform
Transforming annotation-experimental-1.4.0.aar (androidx.annotation:annotation-experimental:1.4.0) with ExtractAarTransform
Transforming annotation-experimental-1.4.0.aar (androidx.annotation:annotation-experimental:1.4.0) with AarTransform
Transforming annotations-13.0.jar (org.jetbrains:annotations:13.0) with JetifyTransform
Caching disabled for AarTransform: /home/runner/.gradle/caches/transforms-3/1ecbce35e8912ca07f18fb6a2d44712b/transformed/dynamicanimation-1.0.0 because:
  Build cache is disabled
Skipping AarTransform: /home/runner/.gradle/caches/transforms-3/1ecbce35e8912ca07f18fb6a2d44712b/transformed/dynamicanimation-1.0.0 as it is up-to-date.
Caching disabled for AarTransform: /home/runner/.gradle/caches/transforms-3/c18aa4e6712d645d90f2edd74129037f/transformed/vectordrawable-animated-1.1.0 because:
  Build cache is disabled
Skipping AarTransform: /home/runner/.gradle/caches/transforms-3/c18aa4e6712d645d90f2edd74129037f/transformed/vectordrawable-animated-1.1.0 as it is up-to-date.
Caching disabled for AarTransform: /home/runner/.gradle/caches/transforms-3/702d14a0481cc6e84239a971f0bdc7de/transformed/vectordrawable-1.1.0 because:
  Build cache is disabled
Skipping AarTransform: /home/runner/.gradle/caches/transforms-3/702d14a0481cc6e84239a971f0bdc7de/transformed/vectordrawable-1.1.0 as it is up-to-date.
Caching disabled for AarTransform: /home/runner/.gradle/caches/transforms-3/f70414e7656dffaa563fcba9e5ff730b/transformed/jetified-customview-poolingcontainer-1.0.0 because:
  Build cache is disabled
Caching disabled for AarTransform: /home/runner/.gradle/caches/transforms-3/8b48d9a1197a83570f6bb7952b8a480a/transformed/jetified-savedstate-1.2.1 because:
  Build cache is disabled
Skipping AarTransform: /home/runner/.gradle/caches/transforms-3/f70414e7656dffaa563fcba9e5ff730b/transformed/jetified-customview-poolingcontainer-1.0.0 as it is up-to-date.
Skipping AarTransform: /home/runner/.gradle/caches/transforms-3/8b48d9a1197a83570f6bb7952b8a480a/transformed/jetified-savedstate-1.2.1 as it is up-to-date.
Caching disabled for AarTransform: /home/runner/.gradle/caches/transforms-3/5c1b5b9a526a64418a8284af4df1eb4c/transformed/legacy-support-core-utils-1.0.0 because:
  Build cache is disabled
Skipping AarTransform: /home/runner/.gradle/caches/transforms-3/5c1b5b9a526a64418a8284af4df1eb4c/transformed/legacy-support-core-utils-1.0.0 as it is up-to-date.
Caching disabled for AarTransform: /home/runner/.gradle/caches/transforms-3/6a9264e91d0ccd23be7ae30d89a364d7/transformed/loader-1.0.0 because:
  Build cache is disabled
Skipping AarTransform: /home/runner/.gradle/caches/transforms-3/6a9264e91d0ccd23be7ae30d89a364d7/transformed/loader-1.0.0 as it is up-to-date.
Caching disabled for AarTransform: /home/runner/.gradle/caches/transforms-3/624afa1baae8c07bfc048ad484610af6/transformed/lifecycle-livedata-2.6.2 because:
  Build cache is disabled
Skipping AarTransform: /home/runner/.gradle/caches/transforms-3/624afa1baae8c07bfc048ad484610af6/transformed/lifecycle-livedata-2.6.2 as it is up-to-date.
Caching disabled for AarTransform: /home/runner/.gradle/caches/transforms-3/ee63f22118ed27eb76e1f3c7f951274b/transformed/jetified-lifecycle-process-2.6.2 because:
  Build cache is disabled
Skipping AarTransform: /home/runner/.gradle/caches/transforms-3/ee63f22118ed27eb76e1f3c7f951274b/transformed/jetified-lifecycle-process-2.6.2 as it is up-to-date.
Caching disabled for AarTransform: /home/runner/.gradle/caches/transforms-3/a506b1e067453748ce849a5d1a931b4f/transformed/lifecycle-viewmodel-2.6.2 because:
  Build cache is disabled
Skipping AarTransform: /home/runner/.gradle/caches/transforms-3/a506b1e067453748ce849a5d1a931b4f/transformed/lifecycle-viewmodel-2.6.2 as it is up-to-date.
Caching disabled for AarTransform: /home/runner/.gradle/caches/transforms-3/a197f00907f8191fab772747b4069be9/transformed/lifecycle-livedata-core-2.6.2 because:
  Build cache is disabled
Skipping AarTransform: /home/runner/.gradle/caches/transforms-3/a197f00907f8191fab772747b4069be9/transformed/lifecycle-livedata-core-2.6.2 as it is up-to-date.
Caching disabled for AarTransform: /home/runner/.gradle/caches/transforms-3/971e8374cd892e93232b043b81dff083/transformed/jetified-lifecycle-viewmodel-savedstate-2.6.2 because:
  Build cache is disabled
Caching disabled for AarTransform: /home/runner/.gradle/caches/transforms-3/b6a473a89888b3521ce2a8d540f5ca52/transformed/lifecycle-runtime-2.6.2 because:
  Build cache is disabled
Skipping AarTransform: /home/runner/.gradle/caches/transforms-3/b6a473a89888b3521ce2a8d540f5ca52/transformed/lifecycle-runtime-2.6.2 as it is up-to-date.
Skipping AarTransform: /home/runner/.gradle/caches/transforms-3/971e8374cd892e93232b043b81dff083/transformed/jetified-lifecycle-viewmodel-savedstate-2.6.2 as it is up-to-date.
Caching disabled for AarTransform: /home/runner/.gradle/caches/transforms-3/6067425117552f8d4b6344907978c123/transformed/jetified-core-ktx-1.13.1 because:
  Build cache is disabled
Skipping AarTransform: /home/runner/.gradle/caches/transforms-3/6067425117552f8d4b6344907978c123/transformed/jetified-core-ktx-1.13.1 as it is up-to-date.
Caching disabled for AarTransform: /home/runner/.gradle/caches/transforms-3/762497eb291fa256c893d1902ec3b4ac/transformed/viewpager-1.0.0 because:
  Build cache is disabled
Skipping AarTransform: /home/runner/.gradle/caches/transforms-3/762497eb291fa256c893d1902ec3b4ac/transformed/viewpager-1.0.0 as it is up-to-date.
Caching disabled for AarTransform: /home/runner/.gradle/caches/transforms-3/459c47dff4ea0349f10e153b2dd57879/transformed/customview-1.1.0 because:
  Build cache is disabled
Skipping AarTransform: /home/runner/.gradle/caches/transforms-3/459c47dff4ea0349f10e153b2dd57879/transformed/customview-1.1.0 as it is up-to-date.
Caching disabled for AarTransform: /home/runner/.gradle/caches/transforms-3/11f0a53180ace0fffdd006f40bfc2008/transformed/core-1.13.1 because:
  Build cache is disabled
Skipping AarTransform: /home/runner/.gradle/caches/transforms-3/11f0a53180ace0fffdd006f40bfc2008/transformed/core-1.13.1 as it is up-to-date.
Caching disabled for AarTransform: /home/runner/.gradle/caches/transforms-3/f3b45a409efc9cd62f29ba84d5ea95cc/transformed/cursoradapter-1.0.0 because:
  Build cache is disabled
Skipping AarTransform: /home/runner/.gradle/caches/transforms-3/f3b45a409efc9cd62f29ba84d5ea95cc/transformed/cursoradapter-1.0.0 as it is up-to-date.
Caching disabled for AarTransform: /home/runner/.gradle/caches/transforms-3/dcac8580948742d9679b4cc476009a8c/transformed/jetified-profileinstaller-1.3.1 because:
  Build cache is disabled
Skipping AarTransform: /home/runner/.gradle/caches/transforms-3/dcac8580948742d9679b4cc476009a8c/transformed/jetified-profileinstaller-1.3.1 as it is up-to-date.
Caching disabled for AarTransform: /home/runner/.gradle/caches/transforms-3/6b9bb6a8c71662ca631e197a9e065197/transformed/interpolator-1.0.0 because:
  Build cache is disabled
Skipping AarTransform: /home/runner/.gradle/caches/transforms-3/6b9bb6a8c71662ca631e197a9e065197/transformed/interpolator-1.0.0 as it is up-to-date.
Caching disabled for AarTransform: /home/runner/.gradle/caches/transforms-3/0c857eaa378e1c798341155dbc28d9bd/transformed/versionedparcelable-1.1.1 because:
  Build cache is disabled
Skipping AarTransform: /home/runner/.gradle/caches/transforms-3/0c857eaa378e1c798341155dbc28d9bd/transformed/versionedparcelable-1.1.1 as it is up-to-date.
Downloading https://dl.google.com/dl/android/maven2/androidx/lifecycle/lifecycle-common/2.6.2/lifecycle-common-2.6.2.jar to /home/runner/.gradle/.tmp/gradle_download10725395775428594506bin
Downloading https://dl.google.com/dl/android/maven2/androidx/collection/collection/1.1.0/collection-1.1.0.jar to /home/runner/.gradle/.tmp/gradle_download1021946635353121484bin
Downloading https://dl.google.com/dl/android/maven2/androidx/resourceinspection/resourceinspection-annotation/1.0.1/resourceinspection-annotation-1.0.1.jar to /home/runner/.gradle/.tmp/gradle_download5190439858478775758bin
Transforming lifecycle-common-2.6.2.jar (androidx.lifecycle:lifecycle-common:2.6.2) with JetifyTransform
Transforming resourceinspection-annotation-1.0.1.jar (androidx.resourceinspection:resourceinspection-annotation:1.0.1) with JetifyTransform
Transforming collection-1.1.0.jar (androidx.collection:collection:1.1.0) with JetifyTransform
Caching disabled for JetifyTransform: /home/runner/.gradle/caches/modules-2/files-2.1/androidx.lifecycle/lifecycle-common/2.6.2/10f354fdb64868baecd67128560c5a0d6312c495/lifecycle-common-2.6.2.jar because:
  Build cache is disabled
Caching disabled for JetifyTransform: /home/runner/.gradle/caches/modules-2/files-2.1/androidx.collection/collection/1.1.0/1f27220b47669781457de0d600849a5de0e89909/collection-1.1.0.jar because:
  Build cache is disabled
Skipping JetifyTransform: /home/runner/.gradle/caches/modules-2/files-2.1/androidx.collection/collection/1.1.0/1f27220b47669781457de0d600849a5de0e89909/collection-1.1.0.jar as it is up-to-date.
Skipping JetifyTransform: /home/runner/.gradle/caches/modules-2/files-2.1/androidx.lifecycle/lifecycle-common/2.6.2/10f354fdb64868baecd67128560c5a0d6312c495/lifecycle-common-2.6.2.jar as it is up-to-date.
Transforming lifecycle-common-2.6.2.jar (androidx.lifecycle:lifecycle-common:2.6.2) with IdentityTransform
Caching disabled for JetifyTransform: /home/runner/.gradle/caches/modules-2/files-2.1/androidx.resourceinspection/resourceinspection-annotation/1.0.1/8c21f8ff5d96d5d52c948707f7e4d6ca6773feef/resourceinspection-annotation-1.0.1.jar because:
  Build cache is disabled
Skipping JetifyTransform: /home/runner/.gradle/caches/modules-2/files-2.1/androidx.resourceinspection/resourceinspection-annotation/1.0.1/8c21f8ff5d96d5d52c948707f7e4d6ca6773feef/resourceinspection-annotation-1.0.1.jar as it is up-to-date.
Transforming resourceinspection-annotation-1.0.1.jar (androidx.resourceinspection:resourceinspection-annotation:1.0.1) with IdentityTransform
Transforming collection-1.1.0.jar (androidx.collection:collection:1.1.0) with IdentityTransform
Caching disabled for IdentityTransform: /home/runner/.gradle/caches/modules-2/files-2.1/androidx.collection/collection/1.1.0/1f27220b47669781457de0d600849a5de0e89909/collection-1.1.0.jar because:
  Build cache is disabled
Skipping IdentityTransform: /home/runner/.gradle/caches/modules-2/files-2.1/androidx.collection/collection/1.1.0/1f27220b47669781457de0d600849a5de0e89909/collection-1.1.0.jar as it is up-to-date.
Caching disabled for IdentityTransform: /home/runner/.gradle/caches/transforms-3/89e2d340b7ee39894310d73cb9bf2396/transformed/jetified-resourceinspection-annotation-1.0.1.jar because:
  Build cache is disabled
Skipping IdentityTransform: /home/runner/.gradle/caches/transforms-3/89e2d340b7ee39894310d73cb9bf2396/transformed/jetified-resourceinspection-annotation-1.0.1.jar as it is up-to-date.
Caching disabled for IdentityTransform: /home/runner/.gradle/caches/modules-2/files-2.1/androidx.lifecycle/lifecycle-common/2.6.2/10f354fdb64868baecd67128560c5a0d6312c495/lifecycle-common-2.6.2.jar because:
  Build cache is disabled
Skipping IdentityTransform: /home/runner/.gradle/caches/modules-2/files-2.1/androidx.lifecycle/lifecycle-common/2.6.2/10f354fdb64868baecd67128560c5a0d6312c495/lifecycle-common-2.6.2.jar as it is up-to-date.
Caching disabled for AarTransform: /home/runner/.gradle/caches/transforms-3/929f9fa80841e5d7d97393a6896db7a1/transformed/jetified-startup-runtime-1.1.1 because:
  Build cache is disabled
Skipping AarTransform: /home/runner/.gradle/caches/transforms-3/929f9fa80841e5d7d97393a6896db7a1/transformed/jetified-startup-runtime-1.1.1 as it is up-to-date.
Caching disabled for AarTransform: /home/runner/.gradle/caches/transforms-3/ce160dbbfa3de34d01d231cdb832e663/transformed/jetified-tracing-1.0.0 because:
  Build cache is disabled
Skipping AarTransform: /home/runner/.gradle/caches/transforms-3/ce160dbbfa3de34d01d231cdb832e663/transformed/jetified-tracing-1.0.0 as it is up-to-date.
Caching disabled for AarTransform: /home/runner/.gradle/caches/transforms-3/00e51715982b78af096ea2b29d7737a5/transformed/core-runtime-2.2.0 because:
  Build cache is disabled
Skipping AarTransform: /home/runner/.gradle/caches/transforms-3/00e51715982b78af096ea2b29d7737a5/transformed/core-runtime-2.2.0 as it is up-to-date.
Caching disabled for AarTransform: /home/runner/.gradle/caches/transforms-3/f93fd9f7f264506b697bc40ed42a22df/transformed/documentfile-1.0.0 because:
  Build cache is disabled
Skipping AarTransform: /home/runner/.gradle/caches/transforms-3/f93fd9f7f264506b697bc40ed42a22df/transformed/documentfile-1.0.0 as it is up-to-date.
Caching disabled for AarTransform: /home/runner/.gradle/caches/transforms-3/74f1f93840a9c8a79ad563434633a795/transformed/localbroadcastmanager-1.0.0 because:
  Build cache is disabled
Skipping AarTransform: /home/runner/.gradle/caches/transforms-3/74f1f93840a9c8a79ad563434633a795/transformed/localbroadcastmanager-1.0.0 as it is up-to-date.
Caching disabled for AarTransform: /home/runner/.gradle/caches/transforms-3/de9d9b9757fdff3a4223c6aa6c8ab886/transformed/print-1.0.0 because:
  Build cache is disabled
Skipping AarTransform: /home/runner/.gradle/caches/transforms-3/de9d9b9757fdff3a4223c6aa6c8ab886/transformed/print-1.0.0 as it is up-to-date.
Caching disabled for AarTransform: /home/runner/.gradle/caches/transforms-3/040541bbba9c66137e3b065555d548f5/transformed/jetified-annotation-experimental-1.4.0 because:
  Build cache is disabled
Skipping AarTransform: /home/runner/.gradle/caches/transforms-3/040541bbba9c66137e3b065555d548f5/transformed/jetified-annotation-experimental-1.4.0 as it is up-to-date.
Downloading https://dl.google.com/dl/android/maven2/androidx/concurrent/concurrent-futures/1.1.0/concurrent-futures-1.1.0.jar to /home/runner/.gradle/.tmp/gradle_download839358061339622803bin
Transforming concurrent-futures-1.1.0.jar (androidx.concurrent:concurrent-futures:1.1.0) with JetifyTransform
Caching disabled for JetifyTransform: /home/runner/.gradle/caches/modules-2/files-2.1/androidx.concurrent/concurrent-futures/1.1.0/50b7fb98350d5f42a4e49704b03278542293ba48/concurrent-futures-1.1.0.jar because:
  Build cache is disabled
Skipping JetifyTransform: /home/runner/.gradle/caches/modules-2/files-2.1/androidx.concurrent/concurrent-futures/1.1.0/50b7fb98350d5f42a4e49704b03278542293ba48/concurrent-futures-1.1.0.jar as it is up-to-date.
Transforming concurrent-futures-1.1.0.jar (androidx.concurrent:concurrent-futures:1.1.0) with IdentityTransform
Caching disabled for IdentityTransform: /home/runner/.gradle/caches/transforms-3/06145b6468a5bd1d2c007cbc6d3469ad/transformed/jetified-concurrent-futures-1.1.0.jar because:
  Build cache is disabled
Skipping IdentityTransform: /home/runner/.gradle/caches/transforms-3/06145b6468a5bd1d2c007cbc6d3469ad/transformed/jetified-concurrent-futures-1.1.0.jar as it is up-to-date.
Downloading https://dl.google.com/dl/android/maven2/androidx/arch/core/core-common/2.2.0/core-common-2.2.0.jar to /home/runner/.gradle/.tmp/gradle_download15963799625460639598bin
Transforming core-common-2.2.0.jar (androidx.arch.core:core-common:2.2.0) with JetifyTransform
Caching disabled for JetifyTransform: /home/runner/.gradle/caches/modules-2/files-2.1/androidx.arch.core/core-common/2.2.0/5e1b8b81dfd5f52c56a8d53b18ca759c19a301f3/core-common-2.2.0.jar because:
  Build cache is disabled
Skipping JetifyTransform: /home/runner/.gradle/caches/modules-2/files-2.1/androidx.arch.core/core-common/2.2.0/5e1b8b81dfd5f52c56a8d53b18ca759c19a301f3/core-common-2.2.0.jar as it is up-to-date.
Transforming core-common-2.2.0.jar (androidx.arch.core:core-common:2.2.0) with IdentityTransform
Caching disabled for IdentityTransform: /home/runner/.gradle/caches/modules-2/files-2.1/androidx.arch.core/core-common/2.2.0/5e1b8b81dfd5f52c56a8d53b18ca759c19a301f3/core-common-2.2.0.jar because:
  Build cache is disabled
Skipping IdentityTransform: /home/runner/.gradle/caches/modules-2/files-2.1/androidx.arch.core/core-common/2.2.0/5e1b8b81dfd5f52c56a8d53b18ca759c19a301f3/core-common-2.2.0.jar as it is up-to-date.
Downloading https://repo.maven.apache.org/maven2/org/jetbrains/kotlinx/kotlinx-coroutines-core-jvm/1.6.4/kotlinx-coroutines-core-jvm-1.6.4.jar to /home/runner/.gradle/.tmp/gradle_download14708848860066793503bin
Downloading https://repo.maven.apache.org/maven2/org/jetbrains/kotlinx/kotlinx-coroutines-android/1.6.4/kotlinx-coroutines-android-1.6.4.jar to /home/runner/.gradle/.tmp/gradle_download7847552862885392848bin
Transforming kotlinx-coroutines-android-1.6.4.jar (org.jetbrains.kotlinx:kotlinx-coroutines-android:1.6.4) with JetifyTransform
Caching disabled for JetifyTransform: /home/runner/.gradle/caches/modules-2/files-2.1/org.jetbrains.kotlinx/kotlinx-coroutines-android/1.6.4/f955fc8b2ad196e2f4429598440e15f7492eeb2b/kotlinx-coroutines-android-1.6.4.jar because:
  Build cache is disabled
Skipping JetifyTransform: /home/runner/.gradle/caches/modules-2/files-2.1/org.jetbrains.kotlinx/kotlinx-coroutines-android/1.6.4/f955fc8b2ad196e2f4429598440e15f7492eeb2b/kotlinx-coroutines-android-1.6.4.jar as it is up-to-date.
Transforming kotlinx-coroutines-android-1.6.4.jar (org.jetbrains.kotlinx:kotlinx-coroutines-android:1.6.4) with IdentityTransform
Caching disabled for IdentityTransform: /home/runner/.gradle/caches/transforms-3/64aa93627f97ae6c06a96b5695dcc8ad/transformed/jetified-kotlinx-coroutines-android-1.6.4.jar because:
  Build cache is disabled
Skipping IdentityTransform: /home/runner/.gradle/caches/transforms-3/64aa93627f97ae6c06a96b5695dcc8ad/transformed/jetified-kotlinx-coroutines-android-1.6.4.jar as it is up-to-date.
Downloading https://dl.google.com/dl/android/maven2/androidx/annotation/annotation-jvm/1.6.0/annotation-jvm-1.6.0.jar to /home/runner/.gradle/.tmp/gradle_download2281760936290875914bin
Transforming annotation-jvm-1.6.0.jar (androidx.annotation:annotation-jvm:1.6.0) with JetifyTransform
Caching disabled for JetifyTransform: /home/runner/.gradle/caches/modules-2/files-2.1/androidx.annotation/annotation-jvm/1.6.0/a7257339a052df0f91433cf9651231bbb802b502/annotation-jvm-1.6.0.jar because:
  Build cache is disabled
Skipping JetifyTransform: /home/runner/.gradle/caches/modules-2/files-2.1/androidx.annotation/annotation-jvm/1.6.0/a7257339a052df0f91433cf9651231bbb802b502/annotation-jvm-1.6.0.jar as it is up-to-date.
Transforming annotation-jvm-1.6.0.jar (androidx.annotation:annotation-jvm:1.6.0) with IdentityTransform
Caching disabled for IdentityTransform: /home/runner/.gradle/caches/transforms-3/637acb59ff1b25cd8c0f935a5040f050/transformed/jetified-annotation-jvm-1.6.0.jar because:
  Build cache is disabled
Skipping IdentityTransform: /home/runner/.gradle/caches/transforms-3/637acb59ff1b25cd8c0f935a5040f050/transformed/jetified-annotation-jvm-1.6.0.jar as it is up-to-date.
Downloading https://repo.maven.apache.org/maven2/org/jetbrains/kotlin/kotlin-stdlib-jdk8/1.8.22/kotlin-stdlib-jdk8-1.8.22.jar to /home/runner/.gradle/.tmp/gradle_download11150770258073698505bin
Transforming kotlin-stdlib-jdk8-1.8.22.jar (org.jetbrains.kotlin:kotlin-stdlib-jdk8:1.8.22) with JetifyTransform
Caching disabled for JetifyTransform: /home/runner/.gradle/caches/modules-2/files-2.1/org.jetbrains.kotlin/kotlin-stdlib-jdk8/1.8.22/b25c86d47d6b962b9cf0f8c3f320c8a10eea3dd1/kotlin-stdlib-jdk8-1.8.22.jar because:
  Build cache is disabled
Skipping JetifyTransform: /home/runner/.gradle/caches/modules-2/files-2.1/org.jetbrains.kotlin/kotlin-stdlib-jdk8/1.8.22/b25c86d47d6b962b9cf0f8c3f320c8a10eea3dd1/kotlin-stdlib-jdk8-1.8.22.jar as it is up-to-date.
Transforming kotlin-stdlib-jdk8-1.8.22.jar (org.jetbrains.kotlin:kotlin-stdlib-jdk8:1.8.22) with IdentityTransform
Caching disabled for IdentityTransform: /home/runner/.gradle/caches/transforms-3/dad5bfa65de0be26294648cc54c3b73f/transformed/jetified-kotlin-stdlib-jdk8-1.8.22.jar because:
  Build cache is disabled
Skipping IdentityTransform: /home/runner/.gradle/caches/transforms-3/dad5bfa65de0be26294648cc54c3b73f/transformed/jetified-kotlin-stdlib-jdk8-1.8.22.jar as it is up-to-date.
Downloading https://repo.maven.apache.org/maven2/org/jetbrains/kotlin/kotlin-stdlib/1.8.22/kotlin-stdlib-1.8.22.jar to /home/runner/.gradle/.tmp/gradle_download8480135700333458395bin
Transforming kotlinx-coroutines-core-jvm-1.6.4.jar (org.jetbrains.kotlinx:kotlinx-coroutines-core-jvm:1.6.4) with JetifyTransform
Caching disabled for JetifyTransform: /home/runner/.gradle/caches/modules-2/files-2.1/org.jetbrains.kotlinx/kotlinx-coroutines-core-jvm/1.6.4/2c997cd1c0ef33f3e751d3831929aeff1390cb30/kotlinx-coroutines-core-jvm-1.6.4.jar because:
  Build cache is disabled
Skipping JetifyTransform: /home/runner/.gradle/caches/modules-2/files-2.1/org.jetbrains.kotlinx/kotlinx-coroutines-core-jvm/1.6.4/2c997cd1c0ef33f3e751d3831929aeff1390cb30/kotlinx-coroutines-core-jvm-1.6.4.jar as it is up-to-date.
Transforming kotlinx-coroutines-core-jvm-1.6.4.jar (org.jetbrains.kotlinx:kotlinx-coroutines-core-jvm:1.6.4) with IdentityTransform
Caching disabled for IdentityTransform: /home/runner/.gradle/caches/transforms-3/84e05d8371d4fdecd4b3c8984aba347a/transformed/jetified-kotlinx-coroutines-core-jvm-1.6.4.jar because:
  Build cache is disabled
Skipping IdentityTransform: /home/runner/.gradle/caches/transforms-3/84e05d8371d4fdecd4b3c8984aba347a/transformed/jetified-kotlinx-coroutines-core-jvm-1.6.4.jar as it is up-to-date.
Downloading https://repo.maven.apache.org/maven2/org/jetbrains/kotlin/kotlin-stdlib-jdk7/1.8.22/kotlin-stdlib-jdk7-1.8.22.jar to /home/runner/.gradle/.tmp/gradle_download6254165428992861126bin
Transforming kotlin-stdlib-jdk7-1.8.22.jar (org.jetbrains.kotlin:kotlin-stdlib-jdk7:1.8.22) with JetifyTransform
Caching disabled for JetifyTransform: /home/runner/.gradle/caches/modules-2/files-2.1/org.jetbrains.kotlin/kotlin-stdlib-jdk7/1.8.22/4dabb8248310d833bb6a8b516024a91fd3d275c/kotlin-stdlib-jdk7-1.8.22.jar because:
  Build cache is disabled
Skipping JetifyTransform: /home/runner/.gradle/caches/modules-2/files-2.1/org.jetbrains.kotlin/kotlin-stdlib-jdk7/1.8.22/4dabb8248310d833bb6a8b516024a91fd3d275c/kotlin-stdlib-jdk7-1.8.22.jar as it is up-to-date.
Transforming kotlin-stdlib-jdk7-1.8.22.jar (org.jetbrains.kotlin:kotlin-stdlib-jdk7:1.8.22) with IdentityTransform
Caching disabled for IdentityTransform: /home/runner/.gradle/caches/transforms-3/b1d23b3f8ceab2825bd8a252db3072cf/transformed/jetified-kotlin-stdlib-jdk7-1.8.22.jar because:
  Build cache is disabled
Skipping IdentityTransform: /home/runner/.gradle/caches/transforms-3/b1d23b3f8ceab2825bd8a252db3072cf/transformed/jetified-kotlin-stdlib-jdk7-1.8.22.jar as it is up-to-date.
Downloading https://repo.maven.apache.org/maven2/com/google/errorprone/error_prone_annotations/2.15.0/error_prone_annotations-2.15.0.jar to /home/runner/.gradle/.tmp/gradle_download10430438079862273059bin
Transforming error_prone_annotations-2.15.0.jar (com.google.errorprone:error_prone_annotations:2.15.0) with JetifyTransform
Caching disabled for JetifyTransform: /home/runner/.gradle/caches/modules-2/files-2.1/com.google.errorprone/error_prone_annotations/2.15.0/38c8485a652f808c8c149150da4e5c2b0bd17f9a/error_prone_annotations-2.15.0.jar because:
  Build cache is disabled
Skipping JetifyTransform: /home/runner/.gradle/caches/modules-2/files-2.1/com.google.errorprone/error_prone_annotations/2.15.0/38c8485a652f808c8c149150da4e5c2b0bd17f9a/error_prone_annotations-2.15.0.jar as it is up-to-date.
Transforming error_prone_annotations-2.15.0.jar (com.google.errorprone:error_prone_annotations:2.15.0) with IdentityTransform
Caching disabled for IdentityTransform: /home/runner/.gradle/caches/transforms-3/f6a39805e29ae55726da50db699c3b50/transformed/jetified-error_prone_annotations-2.15.0.jar because:
  Build cache is disabled
Skipping IdentityTransform: /home/runner/.gradle/caches/transforms-3/f6a39805e29ae55726da50db699c3b50/transformed/jetified-error_prone_annotations-2.15.0.jar as it is up-to-date.
Downloading https://repo.maven.apache.org/maven2/com/google/guava/listenablefuture/1.0/listenablefuture-1.0.jar to /home/runner/.gradle/.tmp/gradle_download6601629115464219629bin
Transforming listenablefuture-1.0.jar (com.google.guava:listenablefuture:1.0) with JetifyTransform
Caching disabled for JetifyTransform: /home/runner/.gradle/caches/modules-2/files-2.1/com.google.guava/listenablefuture/1.0/c949a840a6acbc5268d088e47b04177bf90b3cad/listenablefuture-1.0.jar because:
  Build cache is disabled
Skipping JetifyTransform: /home/runner/.gradle/caches/modules-2/files-2.1/com.google.guava/listenablefuture/1.0/c949a840a6acbc5268d088e47b04177bf90b3cad/listenablefuture-1.0.jar as it is up-to-date.
Transforming listenablefuture-1.0.jar (com.google.guava:listenablefuture:1.0) with IdentityTransform
Caching disabled for IdentityTransform: /home/runner/.gradle/caches/transforms-3/56e930df2fe98a9f2aa54661614ed886/transformed/jetified-listenablefuture-1.0.jar because:
  Build cache is disabled
Skipping IdentityTransform: /home/runner/.gradle/caches/transforms-3/56e930df2fe98a9f2aa54661614ed886/transformed/jetified-listenablefuture-1.0.jar as it is up-to-date.
Downloading https://dl.google.com/dl/android/maven2/androidx/constraintlayout/constraintlayout-core/1.0.4/constraintlayout-core-1.0.4.jar to /home/runner/.gradle/.tmp/gradle_download5585416866555915380bin
Transforming kotlin-stdlib-1.8.22.jar (org.jetbrains.kotlin:kotlin-stdlib:1.8.22) with JetifyTransform
Downloading https://repo.maven.apache.org/maven2/org/jetbrains/kotlin/kotlin-stdlib-common/1.8.22/kotlin-stdlib-common-1.8.22.jar to /home/runner/.gradle/.tmp/gradle_download11323549579581937344bin
Caching disabled for JetifyTransform: /home/runner/.gradle/caches/modules-2/files-2.1/org.jetbrains.kotlin/kotlin-stdlib/1.8.22/636bf8b320e7627482771bbac9ed7246773c02bd/kotlin-stdlib-1.8.22.jar because:
  Build cache is disabled
Skipping JetifyTransform: /home/runner/.gradle/caches/modules-2/files-2.1/org.jetbrains.kotlin/kotlin-stdlib/1.8.22/636bf8b320e7627482771bbac9ed7246773c02bd/kotlin-stdlib-1.8.22.jar as it is up-to-date.
Transforming kotlin-stdlib-1.8.22.jar (org.jetbrains.kotlin:kotlin-stdlib:1.8.22) with IdentityTransform
Caching disabled for IdentityTransform: /home/runner/.gradle/caches/transforms-3/158dfe33a64c97e3afaa53bb59960824/transformed/jetified-kotlin-stdlib-1.8.22.jar because:
  Build cache is disabled
Skipping IdentityTransform: /home/runner/.gradle/caches/transforms-3/158dfe33a64c97e3afaa53bb59960824/transformed/jetified-kotlin-stdlib-1.8.22.jar as it is up-to-date.
Caching disabled for JetifyTransform: /home/runner/.gradle/caches/modules-2/files-2.1/org.jetbrains/annotations/13.0/919f0dfe192fb4e063e7dacadee7f8bb9a2672a9/annotations-13.0.jar because:
  Build cache is disabled
Skipping JetifyTransform: /home/runner/.gradle/caches/modules-2/files-2.1/org.jetbrains/annotations/13.0/919f0dfe192fb4e063e7dacadee7f8bb9a2672a9/annotations-13.0.jar as it is up-to-date.
Transforming annotations-13.0.jar (org.jetbrains:annotations:13.0) with IdentityTransform
Transforming kotlin-stdlib-common-1.8.22.jar (org.jetbrains.kotlin:kotlin-stdlib-common:1.8.22) with JetifyTransform
Caching disabled for IdentityTransform: /home/runner/.gradle/caches/transforms-3/b988506c0f1843db23627364493b0104/transformed/jetified-annotations-13.0.jar because:
  Build cache is disabled
Skipping IdentityTransform: /home/runner/.gradle/caches/transforms-3/b988506c0f1843db23627364493b0104/transformed/jetified-annotations-13.0.jar as it is up-to-date.
Caching disabled for AarTransform: /home/runner/.gradle/caches/transforms-3/4986230a3613e9c8878387b9e002f926/transformed/constraintlayout-2.1.4 because:
  Build cache is disabled
Skipping AarTransform: /home/runner/.gradle/caches/transforms-3/4986230a3613e9c8878387b9e002f926/transformed/constraintlayout-2.1.4 as it is up-to-date.
Caching disabled for JetifyTransform: /home/runner/.gradle/caches/modules-2/files-2.1/org.jetbrains.kotlin/kotlin-stdlib-common/1.8.22/1a8e3601703ae14bb58757ea6b2d8e8e5935a586/kotlin-stdlib-common-1.8.22.jar because:
  Build cache is disabled
Skipping JetifyTransform: /home/runner/.gradle/caches/modules-2/files-2.1/org.jetbrains.kotlin/kotlin-stdlib-common/1.8.22/1a8e3601703ae14bb58757ea6b2d8e8e5935a586/kotlin-stdlib-common-1.8.22.jar as it is up-to-date.
Transforming kotlin-stdlib-common-1.8.22.jar (org.jetbrains.kotlin:kotlin-stdlib-common:1.8.22) with IdentityTransform
Caching disabled for IdentityTransform: /home/runner/.gradle/caches/transforms-3/8c9f0ac1b77146d7b7a1c11e19bcf7f3/transformed/jetified-kotlin-stdlib-common-1.8.22.jar because:
  Build cache is disabled
Skipping IdentityTransform: /home/runner/.gradle/caches/transforms-3/8c9f0ac1b77146d7b7a1c11e19bcf7f3/transformed/jetified-kotlin-stdlib-common-1.8.22.jar as it is up-to-date.
Transforming constraintlayout-core-1.0.4.jar (androidx.constraintlayout:constraintlayout-core:1.0.4) with JetifyTransform
Caching disabled for JetifyTransform: /home/runner/.gradle/caches/modules-2/files-2.1/androidx.constraintlayout/constraintlayout-core/1.0.4/29cdbe03ded6b0980f63fa5da2579a430e911c40/constraintlayout-core-1.0.4.jar because:
  Build cache is disabled
Skipping JetifyTransform: /home/runner/.gradle/caches/modules-2/files-2.1/androidx.constraintlayout/constraintlayout-core/1.0.4/29cdbe03ded6b0980f63fa5da2579a430e911c40/constraintlayout-core-1.0.4.jar as it is up-to-date.
Transforming constraintlayout-core-1.0.4.jar (androidx.constraintlayout:constraintlayout-core:1.0.4) with IdentityTransform
Caching disabled for IdentityTransform: /home/runner/.gradle/caches/transforms-3/0008678694b6b59136ba1da65646c474/transformed/jetified-constraintlayout-core-1.0.4.jar because:
  Build cache is disabled
Skipping IdentityTransform: /home/runner/.gradle/caches/transforms-3/0008678694b6b59136ba1da65646c474/transformed/jetified-constraintlayout-core-1.0.4.jar as it is up-to-date.
Watching 183 directories to track changes
Caching disabled for task ':app:mergeDebugJavaResource' because:
  Build cache is disabled
Task ':app:mergeDebugJavaResource' is not up-to-date because:
  No history is available.
The input changes require a full rebuild for incremental task ':app:mergeDebugJavaResource'.
Watching 182 directories to track changes
Watching 182 directories to track changes
Watching 197 directories to track changes
Watching 198 directories to track changes

> Task :app:mergeExtDexDebug
Watching 184 directories to track changes
Transforming viewbinding-8.2.2.aar (androidx.databinding:viewbinding:8.2.2) with JetifyTransform
Transforming viewbinding-8.2.2.aar (androidx.databinding:viewbinding:8.2.2) with AarToClassTransform
Transforming viewbinding-8.2.2.aar (androidx.databinding:viewbinding:8.2.2) with IdentityTransform
Transforming material-1.12.0.aar (com.google.android.material:material:1.12.0) with JetifyTransform
Transforming material-1.12.0.aar (com.google.android.material:material:1.12.0) with AarToClassTransform
Transforming material-1.12.0.aar (com.google.android.material:material:1.12.0) with IdentityTransform
Transforming constraintlayout-2.1.4.aar (androidx.constraintlayout:constraintlayout:2.1.4) with JetifyTransform
Transforming constraintlayout-2.1.4.aar (androidx.constraintlayout:constraintlayout:2.1.4) with AarToClassTransform
Transforming constraintlayout-2.1.4.aar (androidx.constraintlayout:constraintlayout:2.1.4) with IdentityTransform
Transforming appcompat-resources-1.7.0.aar (androidx.appcompat:appcompat-resources:1.7.0) with JetifyTransform
Transforming appcompat-resources-1.7.0.aar (androidx.appcompat:appcompat-resources:1.7.0) with AarToClassTransform
Transforming appcompat-resources-1.7.0.aar (androidx.appcompat:appcompat-resources:1.7.0) with IdentityTransform
Transforming appcompat-1.7.0.aar (androidx.appcompat:appcompat:1.7.0) with JetifyTransform
Transforming appcompat-1.7.0.aar (androidx.appcompat:appcompat:1.7.0) with AarToClassTransform
Transforming appcompat-1.7.0.aar (androidx.appcompat:appcompat:1.7.0) with IdentityTransform
Transforming viewpager2-1.1.0-beta02.aar (androidx.viewpager2:viewpager2:1.1.0-beta02) with JetifyTransform
Caching disabled for IdentityTransform: /home/runner/.gradle/caches/transforms-3/9845cfe96ef6f5233a2058561650e615/transformed/jetified-viewbinding-8.2.2-runtime.jar because:
  Build cache is disabled
Skipping IdentityTransform: /home/runner/.gradle/caches/transforms-3/9845cfe96ef6f5233a2058561650e615/transformed/jetified-viewbinding-8.2.2-runtime.jar as it is up-to-date.
Transforming viewbinding-8.2.2.aar (androidx.databinding:viewbinding:8.2.2) with DexingNoClasspathTransform
Caching disabled for DexingNoClasspathTransform: /home/runner/.gradle/caches/transforms-3/9845cfe96ef6f5233a2058561650e615/transformed/jetified-viewbinding-8.2.2-runtime.jar because:
  Build cache is disabled
Transforming viewpager2-1.1.0-beta02.aar (androidx.viewpager2:viewpager2:1.1.0-beta02) with AarToClassTransform
Transforming viewpager2-1.1.0-beta02.aar (androidx.viewpager2:viewpager2:1.1.0-beta02) with IdentityTransform
Transforming recyclerview-1.3.2.aar (androidx.recyclerview:recyclerview:1.3.2) with JetifyTransform
Transforming recyclerview-1.3.2.aar (androidx.recyclerview:recyclerview:1.3.2) with AarToClassTransform
Transforming recyclerview-1.3.2.aar (androidx.recyclerview:recyclerview:1.3.2) with IdentityTransform
Transforming cardview-1.0.0.aar (androidx.cardview:cardview:1.0.0) with JetifyTransform
Transforming cardview-1.0.0.aar (androidx.cardview:cardview:1.0.0) with AarToClassTransform
Transforming cardview-1.0.0.aar (androidx.cardview:cardview:1.0.0) with IdentityTransform
Transforming emoji2-views-helper-1.3.0.aar (androidx.emoji2:emoji2-views-helper:1.3.0) with JetifyTransform
Transforming emoji2-views-helper-1.3.0.aar (androidx.emoji2:emoji2-views-helper:1.3.0) with AarToClassTransform
Transforming emoji2-views-helper-1.3.0.aar (androidx.emoji2:emoji2-views-helper:1.3.0) with IdentityTransform
Transforming emoji2-1.3.0.aar (androidx.emoji2:emoji2:1.3.0) with JetifyTransform
Transforming emoji2-1.3.0.aar (androidx.emoji2:emoji2:1.3.0) with AarToClassTransform
Transforming emoji2-1.3.0.aar (androidx.emoji2:emoji2:1.3.0) with IdentityTransform
Transforming fragment-1.5.4.aar (androidx.fragment:fragment:1.5.4) with JetifyTransform
Transforming fragment-1.5.4.aar (androidx.fragment:fragment:1.5.4) with AarToClassTransform
Transforming fragment-1.5.4.aar (androidx.fragment:fragment:1.5.4) with IdentityTransform
Transforming activity-1.8.0.aar (androidx.activity:activity:1.8.0) with JetifyTransform
Transforming activity-1.8.0.aar (androidx.activity:activity:1.8.0) with AarToClassTransform
Transforming activity-1.8.0.aar (androidx.activity:activity:1.8.0) with IdentityTransform
Transforming drawerlayout-1.1.1.aar (androidx.drawerlayout:drawerlayout:1.1.1) with JetifyTransform
Transforming drawerlayout-1.1.1.aar (androidx.drawerlayout:drawerlayout:1.1.1) with AarToClassTransform
Transforming drawerlayout-1.1.1.aar (androidx.drawerlayout:drawerlayout:1.1.1) with IdentityTransform
Transforming coordinatorlayout-1.1.0.aar (androidx.coordinatorlayout:coordinatorlayout:1.1.0) with JetifyTransform
Transforming coordinatorlayout-1.1.0.aar (androidx.coordinatorlayout:coordinatorlayout:1.1.0) with AarToClassTransform
Transforming coordinatorlayout-1.1.0.aar (androidx.coordinatorlayout:coordinatorlayout:1.1.0) with IdentityTransform
Transforming transition-1.5.0.aar (androidx.transition:transition:1.5.0) with JetifyTransform
Transforming transition-1.5.0.aar (androidx.transition:transition:1.5.0) with AarToClassTransform
Transforming transition-1.5.0.aar (androidx.transition:transition:1.5.0) with IdentityTransform
Transforming dynamicanimation-1.0.0.aar (androidx.dynamicanimation:dynamicanimation:1.0.0) with JetifyTransform
Transforming dynamicanimation-1.0.0.aar (androidx.dynamicanimation:dynamicanimation:1.0.0) with AarToClassTransform
Transforming dynamicanimation-1.0.0.aar (androidx.dynamicanimation:dynamicanimation:1.0.0) with IdentityTransform
Transforming vectordrawable-animated-1.1.0.aar (androidx.vectordrawable:vectordrawable-animated:1.1.0) with JetifyTransform
Transforming vectordrawable-animated-1.1.0.aar (androidx.vectordrawable:vectordrawable-animated:1.1.0) with AarToClassTransform
Transforming vectordrawable-animated-1.1.0.aar (androidx.vectordrawable:vectordrawable-animated:1.1.0) with IdentityTransform
Transforming vectordrawable-1.1.0.aar (androidx.vectordrawable:vectordrawable:1.1.0) with JetifyTransform
Transforming vectordrawable-1.1.0.aar (androidx.vectordrawable:vectordrawable:1.1.0) with AarToClassTransform
Transforming vectordrawable-1.1.0.aar (androidx.vectordrawable:vectordrawable:1.1.0) with IdentityTransform
Transforming vectordrawable-1.1.0.aar (androidx.vectordrawable:vectordrawable:1.1.0) with JetifyTransform
Transforming vectordrawable-1.1.0.aar (androidx.vectordrawable:vectordrawable:1.1.0) with AarToClassTransform
Transforming vectordrawable-1.1.0.aar (androidx.vectordrawable:vectordrawable:1.1.0) with IdentityTransform
Transforming customview-poolingcontainer-1.0.0.aar (androidx.customview:customview-poolingcontainer:1.0.0) with JetifyTransform
Transforming customview-poolingcontainer-1.0.0.aar (androidx.customview:customview-poolingcontainer:1.0.0) with AarToClassTransform
Transforming customview-poolingcontainer-1.0.0.aar (androidx.customview:customview-poolingcontainer:1.0.0) with IdentityTransform
Transforming savedstate-1.2.1.aar (androidx.savedstate:savedstate:1.2.1) with JetifyTransform
Transforming savedstate-1.2.1.aar (androidx.savedstate:savedstate:1.2.1) with AarToClassTransform
Transforming savedstate-1.2.1.aar (androidx.savedstate:savedstate:1.2.1) with IdentityTransform
Transforming legacy-support-core-utils-1.0.0.aar (androidx.legacy:legacy-support-core-utils:1.0.0) with JetifyTransform
Transforming legacy-support-core-utils-1.0.0.aar (androidx.legacy:legacy-support-core-utils:1.0.0) with AarToClassTransform
Transforming legacy-support-core-utils-1.0.0.aar (androidx.legacy:legacy-support-core-utils:1.0.0) with IdentityTransform
Transforming loader-1.0.0.aar (androidx.loader:loader:1.0.0) with JetifyTransform
Transforming loader-1.0.0.aar (androidx.loader:loader:1.0.0) with AarToClassTransform
Transforming loader-1.0.0.aar (androidx.loader:loader:1.0.0) with IdentityTransform
Transforming loader-1.0.0.aar (androidx.loader:loader:1.0.0) with JetifyTransform
Transforming loader-1.0.0.aar (androidx.loader:loader:1.0.0) with AarToClassTransform
Transforming loader-1.0.0.aar (androidx.loader:loader:1.0.0) with IdentityTransform
Transforming lifecycle-livedata-2.6.2.aar (androidx.lifecycle:lifecycle-livedata:2.6.2) with JetifyTransform
Transforming lifecycle-livedata-2.6.2.aar (androidx.lifecycle:lifecycle-livedata:2.6.2) with AarToClassTransform
Transforming lifecycle-livedata-2.6.2.aar (androidx.lifecycle:lifecycle-livedata:2.6.2) with IdentityTransform
Transforming lifecycle-viewmodel-2.6.2.aar (androidx.lifecycle:lifecycle-viewmodel:2.6.2) with JetifyTransform
Transforming lifecycle-viewmodel-2.6.2.aar (androidx.lifecycle:lifecycle-viewmodel:2.6.2) with AarToClassTransform
Transforming lifecycle-viewmodel-2.6.2.aar (androidx.lifecycle:lifecycle-viewmodel:2.6.2) with IdentityTransform
Transforming lifecycle-viewmodel-2.6.2.aar (androidx.lifecycle:lifecycle-viewmodel:2.6.2) with JetifyTransform
Transforming lifecycle-viewmodel-2.6.2.aar (androidx.lifecycle:lifecycle-viewmodel:2.6.2) with AarToClassTransform
Transforming lifecycle-viewmodel-2.6.2.aar (androidx.lifecycle:lifecycle-viewmodel:2.6.2) with IdentityTransform
Transforming lifecycle-process-2.6.2.aar (androidx.lifecycle:lifecycle-process:2.6.2) with JetifyTransform
Transforming lifecycle-process-2.6.2.aar (androidx.lifecycle:lifecycle-process:2.6.2) with AarToClassTransform
Transforming lifecycle-process-2.6.2.aar (androidx.lifecycle:lifecycle-process:2.6.2) with IdentityTransform
Transforming lifecycle-livedata-core-2.6.2.aar (androidx.lifecycle:lifecycle-livedata-core:2.6.2) with JetifyTransform
Transforming lifecycle-livedata-core-2.6.2.aar (androidx.lifecycle:lifecycle-livedata-core:2.6.2) with AarToClassTransform
Transforming lifecycle-livedata-core-2.6.2.aar (androidx.lifecycle:lifecycle-livedata-core:2.6.2) with IdentityTransform
Transforming lifecycle-common-2.6.2.jar (androidx.lifecycle:lifecycle-common:2.6.2) with JetifyTransform
Transforming lifecycle-common-2.6.2.jar (androidx.lifecycle:lifecycle-common:2.6.2) with IdentityTransform
Transforming lifecycle-common-2.6.2.jar (androidx.lifecycle:lifecycle-common:2.6.2) with IdentityTransform
Transforming lifecycle-common-2.6.2.jar (androidx.lifecycle:lifecycle-common:2.6.2) with DexingNoClasspathTransform
Transforming lifecycle-runtime-2.6.2.aar (androidx.lifecycle:lifecycle-runtime:2.6.2) with JetifyTransform
Transforming lifecycle-runtime-2.6.2.aar (androidx.lifecycle:lifecycle-runtime:2.6.2) with AarToClassTransform
Transforming lifecycle-runtime-2.6.2.aar (androidx.lifecycle:lifecycle-runtime:2.6.2) with IdentityTransform
Transforming lifecycle-viewmodel-savedstate-2.6.2.aar (androidx.lifecycle:lifecycle-viewmodel-savedstate:2.6.2) with JetifyTransform
Transforming lifecycle-viewmodel-savedstate-2.6.2.aar (androidx.lifecycle:lifecycle-viewmodel-savedstate:2.6.2) with AarToClassTransform
Transforming lifecycle-viewmodel-savedstate-2.6.2.aar (androidx.lifecycle:lifecycle-viewmodel-savedstate:2.6.2) with IdentityTransform
Skipping DexingNoClasspathTransform: /home/runner/.gradle/caches/transforms-3/9845cfe96ef6f5233a2058561650e615/transformed/jetified-viewbinding-8.2.2-runtime.jar as it is up-to-date.
Caching disabled for IdentityTransform: /home/runner/.gradle/caches/transforms-3/0fe8072a47f33f100a94bd62ec57a5ec/transformed/jetified-appcompat-resources-1.7.0-runtime.jar because:
  Build cache is disabled
Skipping IdentityTransform: /home/runner/.gradle/caches/transforms-3/0fe8072a47f33f100a94bd62ec57a5ec/transformed/jetified-appcompat-resources-1.7.0-runtime.jar as it is up-to-date.
Transforming appcompat-resources-1.7.0.aar (androidx.appcompat:appcompat-resources:1.7.0) with DexingNoClasspathTransform
Transforming core-ktx-1.13.1.aar (androidx.core:core-ktx:1.13.1) with JetifyTransform
Transforming core-ktx-1.13.1.aar (androidx.core:core-ktx:1.13.1) with AarToClassTransform
Transforming core-ktx-1.13.1.aar (androidx.core:core-ktx:1.13.1) with IdentityTransform
Transforming viewpager-1.0.0.aar (androidx.viewpager:viewpager:1.0.0) with JetifyTransform
Transforming viewpager-1.0.0.aar (androidx.viewpager:viewpager:1.0.0) with AarToClassTransform
Transforming viewpager-1.0.0.aar (androidx.viewpager:viewpager:1.0.0) with IdentityTransform
Transforming customview-1.1.0.aar (androidx.customview:customview:1.1.0) with JetifyTransform
Transforming customview-1.1.0.aar (androidx.customview:customview:1.1.0) with AarToClassTransform
Transforming customview-1.1.0.aar (androidx.customview:customview:1.1.0) with IdentityTransform
Transforming customview-1.1.0.aar (androidx.customview:customview:1.1.0) with JetifyTransform
Transforming customview-1.1.0.aar (androidx.customview:customview:1.1.0) with AarToClassTransform
Transforming customview-1.1.0.aar (androidx.customview:customview:1.1.0) with IdentityTransform
Transforming customview-1.1.0.aar (androidx.customview:customview:1.1.0) with JetifyTransform
Transforming customview-1.1.0.aar (androidx.customview:customview:1.1.0) with AarToClassTransform
Transforming customview-1.1.0.aar (androidx.customview:customview:1.1.0) with IdentityTransform
Transforming customview-1.1.0.aar (androidx.customview:customview:1.1.0) with JetifyTransform
Transforming customview-1.1.0.aar (androidx.customview:customview:1.1.0) with AarToClassTransform
Transforming customview-1.1.0.aar (androidx.customview:customview:1.1.0) with IdentityTransform
Transforming core-1.13.1.aar (androidx.core:core:1.13.1) with JetifyTransform
Transforming core-1.13.1.aar (androidx.core:core:1.13.1) with AarToClassTransform
Transforming core-1.13.1.aar (androidx.core:core:1.13.1) with IdentityTransform
Transforming core-1.13.1.aar (androidx.core:core:1.13.1) with JetifyTransform
Transforming core-1.13.1.aar (androidx.core:core:1.13.1) with AarToClassTransform
Transforming core-1.13.1.aar (androidx.core:core:1.13.1) with IdentityTransform
Transforming core-1.13.1.aar (androidx.core:core:1.13.1) with JetifyTransform
Caching disabled for DexingNoClasspathTransform: /home/runner/.gradle/caches/transforms-3/0fe8072a47f33f100a94bd62ec57a5ec/transformed/jetified-appcompat-resources-1.7.0-runtime.jar because:
  Build cache is disabled
Transforming core-1.13.1.aar (androidx.core:core:1.13.1) with AarToClassTransform
Transforming core-1.13.1.aar (androidx.core:core:1.13.1) with IdentityTransform
Transforming core-1.13.1.aar (androidx.core:core:1.13.1) with JetifyTransform
Skipping DexingNoClasspathTransform: /home/runner/.gradle/caches/transforms-3/0fe8072a47f33f100a94bd62ec57a5ec/transformed/jetified-appcompat-resources-1.7.0-runtime.jar as it is up-to-date.
Transforming core-1.13.1.aar (androidx.core:core:1.13.1) with AarToClassTransform
Transforming core-1.13.1.aar (androidx.core:core:1.13.1) with IdentityTransform
Transforming core-1.13.1.aar (androidx.core:core:1.13.1) with JetifyTransform
Transforming core-1.13.1.aar (androidx.core:core:1.13.1) with AarToClassTransform
Transforming core-1.13.1.aar (androidx.core:core:1.13.1) with IdentityTransform
Transforming core-1.13.1.aar (androidx.core:core:1.13.1) with JetifyTransform
Transforming core-1.13.1.aar (androidx.core:core:1.13.1) with AarToClassTransform
Transforming core-1.13.1.aar (androidx.core:core:1.13.1) with IdentityTransform
Transforming core-1.13.1.aar (androidx.core:core:1.13.1) with JetifyTransform
Transforming core-1.13.1.aar (androidx.core:core:1.13.1) with AarToClassTransform
Transforming core-1.13.1.aar (androidx.core:core:1.13.1) with IdentityTransform
Transforming core-1.13.1.aar (androidx.core:core:1.13.1) with JetifyTransform
Transforming core-1.13.1.aar (androidx.core:core:1.13.1) with AarToClassTransform
Caching disabled for IdentityTransform: /home/runner/.gradle/caches/transforms-3/53c6f0faef645bc4178effac77baed00/transformed/appcompat-1.7.0-runtime.jar because:
  Build cache is disabled
Transforming core-1.13.1.aar (androidx.core:core:1.13.1) with IdentityTransform
Transforming core-1.13.1.aar (androidx.core:core:1.13.1) with JetifyTransform
Transforming core-1.13.1.aar (androidx.core:core:1.13.1) with AarToClassTransform
Transforming core-1.13.1.aar (androidx.core:core:1.13.1) with IdentityTransform
Transforming cursoradapter-1.0.0.aar (androidx.cursoradapter:cursoradapter:1.0.0) with JetifyTransform
Caching disabled for IdentityTransform: /home/runner/.gradle/caches/transforms-3/5dabd1d2f50ee5ea0fa50b111632007a/transformed/material-1.12.0-runtime.jar because:
  Build cache is disabled
Skipping IdentityTransform: /home/runner/.gradle/caches/transforms-3/5dabd1d2f50ee5ea0fa50b111632007a/transformed/material-1.12.0-runtime.jar as it is up-to-date.
Transforming material-1.12.0.aar (com.google.android.material:material:1.12.0) with DexingNoClasspathTransform
Transforming cursoradapter-1.0.0.aar (androidx.cursoradapter:cursoradapter:1.0.0) with AarToClassTransform
Transforming cursoradapter-1.0.0.aar (androidx.cursoradapter:cursoradapter:1.0.0) with IdentityTransform
Transforming profileinstaller-1.3.1.aar (androidx.profileinstaller:profileinstaller:1.3.1) with JetifyTransform
Caching disabled for DexingNoClasspathTransform: /home/runner/.gradle/caches/transforms-3/5dabd1d2f50ee5ea0fa50b111632007a/transformed/material-1.12.0-runtime.jar because:
  Build cache is disabled
Transforming profileinstaller-1.3.1.aar (androidx.profileinstaller:profileinstaller:1.3.1) with AarToClassTransform
Transforming profileinstaller-1.3.1.aar (androidx.profileinstaller:profileinstaller:1.3.1) with IdentityTransform
Transforming resourceinspection-annotation-1.0.1.jar (androidx.resourceinspection:resourceinspection-annotation:1.0.1) with JetifyTransform
Skipping DexingNoClasspathTransform: /home/runner/.gradle/caches/transforms-3/5dabd1d2f50ee5ea0fa50b111632007a/transformed/material-1.12.0-runtime.jar as it is up-to-date.
Transforming resourceinspection-annotation-1.0.1.jar (androidx.resourceinspection:resourceinspection-annotation:1.0.1) with IdentityTransform
Transforming resourceinspection-annotation-1.0.1.jar (androidx.resourceinspection:resourceinspection-annotation:1.0.1) with IdentityTransform
Transforming resourceinspection-annotation-1.0.1.jar (androidx.resourceinspection:resourceinspection-annotation:1.0.1) with DexingNoClasspathTransform
Transforming interpolator-1.0.0.aar (androidx.interpolator:interpolator:1.0.0) with JetifyTransform
Transforming interpolator-1.0.0.aar (androidx.interpolator:interpolator:1.0.0) with AarToClassTransform
Transforming interpolator-1.0.0.aar (androidx.interpolator:interpolator:1.0.0) with IdentityTransform
Transforming interpolator-1.0.0.aar (androidx.interpolator:interpolator:1.0.0) with JetifyTransform
Transforming interpolator-1.0.0.aar (androidx.interpolator:interpolator:1.0.0) with AarToClassTransform
Transforming interpolator-1.0.0.aar (androidx.interpolator:interpolator:1.0.0) with IdentityTransform
Transforming versionedparcelable-1.1.1.aar (androidx.versionedparcelable:versionedparcelable:1.1.1) with JetifyTransform
Transforming versionedparcelable-1.1.1.aar (androidx.versionedparcelable:versionedparcelable:1.1.1) with AarToClassTransform
Transforming versionedparcelable-1.1.1.aar (androidx.versionedparcelable:versionedparcelable:1.1.1) with IdentityTransform
Caching disabled for IdentityTransform: /home/runner/.gradle/caches/transforms-3/38c41766c458a9172d7efbc2962237df/transformed/jetified-viewpager2-1.1.0-beta02-runtime.jar because:
  Build cache is disabled
Skipping IdentityTransform: /home/runner/.gradle/caches/transforms-3/38c41766c458a9172d7efbc2962237df/transformed/jetified-viewpager2-1.1.0-beta02-runtime.jar as it is up-to-date.
Transforming viewpager2-1.1.0-beta02.aar (androidx.viewpager2:viewpager2:1.1.0-beta02) with DexingNoClasspathTransform
Caching disabled for DexingNoClasspathTransform: /home/runner/.gradle/caches/transforms-3/38c41766c458a9172d7efbc2962237df/transformed/jetified-viewpager2-1.1.0-beta02-runtime.jar because:
  Build cache is disabled
Transforming collection-1.1.0.jar (androidx.collection:collection:1.1.0) with JetifyTransform
Transforming collection-1.1.0.jar (androidx.collection:collection:1.1.0) with IdentityTransform
Transforming collection-1.1.0.jar (androidx.collection:collection:1.1.0) with IdentityTransform
Skipping IdentityTransform: /home/runner/.gradle/caches/transforms-3/53c6f0faef645bc4178effac77baed00/transformed/appcompat-1.7.0-runtime.jar as it is up-to-date.
Transforming appcompat-1.7.0.aar (androidx.appcompat:appcompat:1.7.0) with DexingNoClasspathTransform
Skipping DexingNoClasspathTransform: /home/runner/.gradle/caches/transforms-3/38c41766c458a9172d7efbc2962237df/transformed/jetified-viewpager2-1.1.0-beta02-runtime.jar as it is up-to-date.
Transforming collection-1.1.0.jar (androidx.collection:collection:1.1.0) with DexingNoClasspathTransform
Transforming concurrent-futures-1.1.0.jar (androidx.concurrent:concurrent-futures:1.1.0) with JetifyTransform
Transforming concurrent-futures-1.1.0.jar (androidx.concurrent:concurrent-futures:1.1.0) with IdentityTransform
Transforming concurrent-futures-1.1.0.jar (androidx.concurrent:concurrent-futures:1.1.0) with IdentityTransform
Transforming concurrent-futures-1.1.0.jar (androidx.concurrent:concurrent-futures:1.1.0) with DexingNoClasspathTransform
Transforming startup-runtime-1.1.1.aar (androidx.startup:startup-runtime:1.1.1) with JetifyTransform
Transforming startup-runtime-1.1.1.aar (androidx.startup:startup-runtime:1.1.1) with AarToClassTransform
Transforming startup-runtime-1.1.1.aar (androidx.startup:startup-runtime:1.1.1) with IdentityTransform
Transforming tracing-1.0.0.aar (androidx.tracing:tracing:1.0.0) with JetifyTransform
Transforming tracing-1.0.0.aar (androidx.tracing:tracing:1.0.0) with AarToClassTransform
Transforming tracing-1.0.0.aar (androidx.tracing:tracing:1.0.0) with IdentityTransform
Transforming core-runtime-2.2.0.aar (androidx.arch.core:core-runtime:2.2.0) with JetifyTransform
Transforming core-runtime-2.2.0.aar (androidx.arch.core:core-runtime:2.2.0) with AarToClassTransform
Caching disabled for DexingNoClasspathTransform: /home/runner/.gradle/caches/transforms-3/53c6f0faef645bc4178effac77baed00/transformed/appcompat-1.7.0-runtime.jar because:
  Build cache is disabled
Caching disabled for IdentityTransform: /home/runner/.gradle/caches/transforms-3/321a0da62cff32d63b393f87a32711e8/transformed/recyclerview-1.3.2-runtime.jar because:
  Build cache is disabled
Skipping IdentityTransform: /home/runner/.gradle/caches/transforms-3/321a0da62cff32d63b393f87a32711e8/transformed/recyclerview-1.3.2-runtime.jar as it is up-to-date.
Transforming recyclerview-1.3.2.aar (androidx.recyclerview:recyclerview:1.3.2) with DexingNoClasspathTransform
Skipping DexingNoClasspathTransform: /home/runner/.gradle/caches/transforms-3/53c6f0faef645bc4178effac77baed00/transformed/appcompat-1.7.0-runtime.jar as it is up-to-date.
Transforming core-runtime-2.2.0.aar (androidx.arch.core:core-runtime:2.2.0) with IdentityTransform
Transforming core-common-2.2.0.jar (androidx.arch.core:core-common:2.2.0) with JetifyTransform
Transforming core-common-2.2.0.jar (androidx.arch.core:core-common:2.2.0) with IdentityTransform
Transforming core-common-2.2.0.jar (androidx.arch.core:core-common:2.2.0) with IdentityTransform
Transforming core-common-2.2.0.jar (androidx.arch.core:core-common:2.2.0) with DexingNoClasspathTransform
Transforming documentfile-1.0.0.aar (androidx.documentfile:documentfile:1.0.0) with JetifyTransform
Transforming documentfile-1.0.0.aar (androidx.documentfile:documentfile:1.0.0) with AarToClassTransform
Transforming documentfile-1.0.0.aar (androidx.documentfile:documentfile:1.0.0) with IdentityTransform
Transforming localbroadcastmanager-1.0.0.aar (androidx.localbroadcastmanager:localbroadcastmanager:1.0.0) with JetifyTransform
Transforming localbroadcastmanager-1.0.0.aar (androidx.localbroadcastmanager:localbroadcastmanager:1.0.0) with AarToClassTransform
Transforming localbroadcastmanager-1.0.0.aar (androidx.localbroadcastmanager:localbroadcastmanager:1.0.0) with IdentityTransform
Transforming print-1.0.0.aar (androidx.print:print:1.0.0) with JetifyTransform
Transforming print-1.0.0.aar (androidx.print:print:1.0.0) with AarToClassTransform
Transforming print-1.0.0.aar (androidx.print:print:1.0.0) with IdentityTransform
Transforming annotation-experimental-1.4.0.aar (androidx.annotation:annotation-experimental:1.4.0) with JetifyTransform
Transforming annotation-experimental-1.4.0.aar (androidx.annotation:annotation-experimental:1.4.0) with AarToClassTransform
Transforming annotation-experimental-1.4.0.aar (androidx.annotation:annotation-experimental:1.4.0) with IdentityTransform
Transforming annotation-jvm-1.6.0.jar (androidx.annotation:annotation-jvm:1.6.0) with JetifyTransform
Transforming annotation-jvm-1.6.0.jar (androidx.annotation:annotation-jvm:1.6.0) with IdentityTransform
Transforming annotation-jvm-1.6.0.jar (androidx.annotation:annotation-jvm:1.6.0) with IdentityTransform
Transforming annotation-jvm-1.6.0.jar (androidx.annotation:annotation-jvm:1.6.0) with DexingNoClasspathTransform
Transforming kotlinx-coroutines-core-jvm-1.6.4.jar (org.jetbrains.kotlinx:kotlinx-coroutines-core-jvm:1.6.4) with JetifyTransform
Caching disabled for DexingNoClasspathTransform: /home/runner/.gradle/caches/transforms-3/321a0da62cff32d63b393f87a32711e8/transformed/recyclerview-1.3.2-runtime.jar because:
  Build cache is disabled
Transforming kotlinx-coroutines-core-jvm-1.6.4.jar (org.jetbrains.kotlinx:kotlinx-coroutines-core-jvm:1.6.4) with IdentityTransform
Transforming kotlinx-coroutines-core-jvm-1.6.4.jar (org.jetbrains.kotlinx:kotlinx-coroutines-core-jvm:1.6.4) with IdentityTransform
Transforming kotlinx-coroutines-core-jvm-1.6.4.jar (org.jetbrains.kotlinx:kotlinx-coroutines-core-jvm:1.6.4) with DexingNoClasspathTransform
Skipping DexingNoClasspathTransform: /home/runner/.gradle/caches/transforms-3/321a0da62cff32d63b393f87a32711e8/transformed/recyclerview-1.3.2-runtime.jar as it is up-to-date.
Caching disabled for IdentityTransform: /home/runner/.gradle/caches/transforms-3/22ec3d6a351d56092cb752647a9cc468/transformed/cardview-1.0.0-runtime.jar because:
  Build cache is disabled
Skipping IdentityTransform: /home/runner/.gradle/caches/transforms-3/22ec3d6a351d56092cb752647a9cc468/transformed/cardview-1.0.0-runtime.jar as it is up-to-date.
Transforming cardview-1.0.0.aar (androidx.cardview:cardview:1.0.0) with DexingNoClasspathTransform
Caching disabled for DexingNoClasspathTransform: /home/runner/.gradle/caches/transforms-3/22ec3d6a351d56092cb752647a9cc468/transformed/cardview-1.0.0-runtime.jar because:
  Build cache is disabled
Skipping DexingNoClasspathTransform: /home/runner/.gradle/caches/transforms-3/22ec3d6a351d56092cb752647a9cc468/transformed/cardview-1.0.0-runtime.jar as it is up-to-date.
Transforming kotlinx-coroutines-android-1.6.4.jar (org.jetbrains.kotlinx:kotlinx-coroutines-android:1.6.4) with JetifyTransform
Caching disabled for IdentityTransform: /home/runner/.gradle/caches/transforms-3/10a614b1779635dbb920680b855c57b6/transformed/jetified-emoji2-views-helper-1.3.0-runtime.jar because:
  Build cache is disabled
Transforming kotlinx-coroutines-android-1.6.4.jar (org.jetbrains.kotlinx:kotlinx-coroutines-android:1.6.4) with IdentityTransform
Skipping IdentityTransform: /home/runner/.gradle/caches/transforms-3/10a614b1779635dbb920680b855c57b6/transformed/jetified-emoji2-views-helper-1.3.0-runtime.jar as it is up-to-date.
Transforming kotlinx-coroutines-android-1.6.4.jar (org.jetbrains.kotlinx:kotlinx-coroutines-android:1.6.4) with IdentityTransform
Transforming kotlinx-coroutines-android-1.6.4.jar (org.jetbrains.kotlinx:kotlinx-coroutines-android:1.6.4) with DexingNoClasspathTransform
Transforming kotlin-stdlib-jdk8-1.8.22.jar (org.jetbrains.kotlin:kotlin-stdlib-jdk8:1.8.22) with JetifyTransform
Transforming emoji2-views-helper-1.3.0.aar (androidx.emoji2:emoji2-views-helper:1.3.0) with DexingNoClasspathTransform
Transforming kotlin-stdlib-jdk8-1.8.22.jar (org.jetbrains.kotlin:kotlin-stdlib-jdk8:1.8.22) with IdentityTransform
Transforming kotlin-stdlib-jdk8-1.8.22.jar (org.jetbrains.kotlin:kotlin-stdlib-jdk8:1.8.22) with IdentityTransform
Transforming kotlin-stdlib-jdk8-1.8.22.jar (org.jetbrains.kotlin:kotlin-stdlib-jdk8:1.8.22) with DexingNoClasspathTransform
Transforming kotlin-stdlib-jdk7-1.8.22.jar (org.jetbrains.kotlin:kotlin-stdlib-jdk7:1.8.22) with JetifyTransform
Transforming kotlin-stdlib-jdk7-1.8.22.jar (org.jetbrains.kotlin:kotlin-stdlib-jdk7:1.8.22) with IdentityTransform
Transforming kotlin-stdlib-jdk7-1.8.22.jar (org.jetbrains.kotlin:kotlin-stdlib-jdk7:1.8.22) with IdentityTransform
Transforming kotlin-stdlib-jdk7-1.8.22.jar (org.jetbrains.kotlin:kotlin-stdlib-jdk7:1.8.22) with DexingNoClasspathTransform
Transforming kotlin-stdlib-1.8.22.jar (org.jetbrains.kotlin:kotlin-stdlib:1.8.22) with JetifyTransform
Transforming kotlin-stdlib-1.8.22.jar (org.jetbrains.kotlin:kotlin-stdlib:1.8.22) with IdentityTransform
Transforming kotlin-stdlib-1.8.22.jar (org.jetbrains.kotlin:kotlin-stdlib:1.8.22) with IdentityTransform
Transforming kotlin-stdlib-1.8.22.jar (org.jetbrains.kotlin:kotlin-stdlib:1.8.22) with DexingNoClasspathTransform
Transforming error_prone_annotations-2.15.0.jar (com.google.errorprone:error_prone_annotations:2.15.0) with JetifyTransform
Transforming error_prone_annotations-2.15.0.jar (com.google.errorprone:error_prone_annotations:2.15.0) with IdentityTransform
Transforming error_prone_annotations-2.15.0.jar (com.google.errorprone:error_prone_annotations:2.15.0) with IdentityTransform
Transforming error_prone_annotations-2.15.0.jar (com.google.errorprone:error_prone_annotations:2.15.0) with DexingNoClasspathTransform
Transforming constraintlayout-core-1.0.4.jar (androidx.constraintlayout:constraintlayout-core:1.0.4) with JetifyTransform
Transforming constraintlayout-core-1.0.4.jar (androidx.constraintlayout:constraintlayout-core:1.0.4) with IdentityTransform
Transforming constraintlayout-core-1.0.4.jar (androidx.constraintlayout:constraintlayout-core:1.0.4) with IdentityTransform
Caching disabled for DexingNoClasspathTransform: /home/runner/.gradle/caches/transforms-3/10a614b1779635dbb920680b855c57b6/transformed/jetified-emoji2-views-helper-1.3.0-runtime.jar because:
  Build cache is disabled
Skipping DexingNoClasspathTransform: /home/runner/.gradle/caches/transforms-3/10a614b1779635dbb920680b855c57b6/transformed/jetified-emoji2-views-helper-1.3.0-runtime.jar as it is up-to-date.
Caching disabled for IdentityTransform: /home/runner/.gradle/caches/transforms-3/e3d35c5a2ef1bf1b40369693413a1957/transformed/jetified-emoji2-1.3.0-runtime.jar because:
  Build cache is disabled
Skipping IdentityTransform: /home/runner/.gradle/caches/transforms-3/e3d35c5a2ef1bf1b40369693413a1957/transformed/jetified-emoji2-1.3.0-runtime.jar as it is up-to-date.
Transforming emoji2-1.3.0.aar (androidx.emoji2:emoji2:1.3.0) with DexingNoClasspathTransform
Caching disabled for DexingNoClasspathTransform: /home/runner/.gradle/caches/transforms-3/e3d35c5a2ef1bf1b40369693413a1957/transformed/jetified-emoji2-1.3.0-runtime.jar because:
  Build cache is disabled
Skipping DexingNoClasspathTransform: /home/runner/.gradle/caches/transforms-3/e3d35c5a2ef1bf1b40369693413a1957/transformed/jetified-emoji2-1.3.0-runtime.jar as it is up-to-date.
Transforming constraintlayout-core-1.0.4.jar (androidx.constraintlayout:constraintlayout-core:1.0.4) with DexingNoClasspathTransform
Caching disabled for IdentityTransform: /home/runner/.gradle/caches/transforms-3/6a63627e9fa151fd55216c5d854bdbb2/transformed/fragment-1.5.4-runtime.jar because:
  Build cache is disabled
Transforming listenablefuture-1.0.jar (com.google.guava:listenablefuture:1.0) with JetifyTransform
Transforming listenablefuture-1.0.jar (com.google.guava:listenablefuture:1.0) with IdentityTransform
Transforming listenablefuture-1.0.jar (com.google.guava:listenablefuture:1.0) with IdentityTransform
Skipping IdentityTransform: /home/runner/.gradle/caches/transforms-3/6a63627e9fa151fd55216c5d854bdbb2/transformed/fragment-1.5.4-runtime.jar as it is up-to-date.
Transforming listenablefuture-1.0.jar (com.google.guava:listenablefuture:1.0) with DexingNoClasspathTransform
Transforming kotlin-stdlib-common-1.8.22.jar (org.jetbrains.kotlin:kotlin-stdlib-common:1.8.22) with JetifyTransform
Transforming fragment-1.5.4.aar (androidx.fragment:fragment:1.5.4) with DexingNoClasspathTransform
Transforming kotlin-stdlib-common-1.8.22.jar (org.jetbrains.kotlin:kotlin-stdlib-common:1.8.22) with IdentityTransform
Transforming kotlin-stdlib-common-1.8.22.jar (org.jetbrains.kotlin:kotlin-stdlib-common:1.8.22) with IdentityTransform
Transforming kotlin-stdlib-common-1.8.22.jar (org.jetbrains.kotlin:kotlin-stdlib-common:1.8.22) with DexingNoClasspathTransform
Transforming annotations-13.0.jar (org.jetbrains:annotations:13.0) with JetifyTransform
Transforming annotations-13.0.jar (org.jetbrains:annotations:13.0) with IdentityTransform
Transforming annotations-13.0.jar (org.jetbrains:annotations:13.0) with IdentityTransform
Transforming annotations-13.0.jar (org.jetbrains:annotations:13.0) with DexingNoClasspathTransform
Caching disabled for IdentityTransform: /home/runner/.gradle/caches/transforms-3/2f761d361e9e3fa4b56c03e9edb016b6/transformed/jetified-activity-1.8.0-runtime.jar because:
  Build cache is disabled
Skipping IdentityTransform: /home/runner/.gradle/caches/transforms-3/2f761d361e9e3fa4b56c03e9edb016b6/transformed/jetified-activity-1.8.0-runtime.jar as it is up-to-date.
Transforming activity-1.8.0.aar (androidx.activity:activity:1.8.0) with DexingNoClasspathTransform
Caching disabled for IdentityTransform: /home/runner/.gradle/caches/transforms-3/0df25082433aa8eba3c77378dab0dbf6/transformed/drawerlayout-1.1.1-runtime.jar because:
  Build cache is disabled
Skipping IdentityTransform: /home/runner/.gradle/caches/transforms-3/0df25082433aa8eba3c77378dab0dbf6/transformed/drawerlayout-1.1.1-runtime.jar as it is up-to-date.
Transforming drawerlayout-1.1.1.aar (androidx.drawerlayout:drawerlayout:1.1.1) with DexingNoClasspathTransform
Caching disabled for DexingNoClasspathTransform: /home/runner/.gradle/caches/transforms-3/6a63627e9fa151fd55216c5d854bdbb2/transformed/fragment-1.5.4-runtime.jar because:
  Build cache is disabled
Skipping DexingNoClasspathTransform: /home/runner/.gradle/caches/transforms-3/6a63627e9fa151fd55216c5d854bdbb2/transformed/fragment-1.5.4-runtime.jar as it is up-to-date.
Caching disabled for IdentityTransform: /home/runner/.gradle/caches/transforms-3/0ebd51b1e4f08871662f8da0349a3670/transformed/coordinatorlayout-1.1.0-runtime.jar because:
  Build cache is disabled
Skipping IdentityTransform: /home/runner/.gradle/caches/transforms-3/0ebd51b1e4f08871662f8da0349a3670/transformed/coordinatorlayout-1.1.0-runtime.jar as it is up-to-date.
Transforming coordinatorlayout-1.1.0.aar (androidx.coordinatorlayout:coordinatorlayout:1.1.0) with DexingNoClasspathTransform
Caching disabled for DexingNoClasspathTransform: /home/runner/.gradle/caches/transforms-3/2f761d361e9e3fa4b56c03e9edb016b6/transformed/jetified-activity-1.8.0-runtime.jar because:
  Build cache is disabled
Skipping DexingNoClasspathTransform: /home/runner/.gradle/caches/transforms-3/2f761d361e9e3fa4b56c03e9edb016b6/transformed/jetified-activity-1.8.0-runtime.jar as it is up-to-date.
Caching disabled for DexingNoClasspathTransform: /home/runner/.gradle/caches/transforms-3/0df25082433aa8eba3c77378dab0dbf6/transformed/drawerlayout-1.1.1-runtime.jar because:
  Build cache is disabled
Caching disabled for IdentityTransform: /home/runner/.gradle/caches/transforms-3/0e8d6918a7b3ab7a9503f8a6901e5032/transformed/transition-1.5.0-runtime.jar because:
  Build cache is disabled
Skipping IdentityTransform: /home/runner/.gradle/caches/transforms-3/0e8d6918a7b3ab7a9503f8a6901e5032/transformed/transition-1.5.0-runtime.jar as it is up-to-date.
Transforming transition-1.5.0.aar (androidx.transition:transition:1.5.0) with DexingNoClasspathTransform
Skipping DexingNoClasspathTransform: /home/runner/.gradle/caches/transforms-3/0df25082433aa8eba3c77378dab0dbf6/transformed/drawerlayout-1.1.1-runtime.jar as it is up-to-date.
Caching disabled for DexingNoClasspathTransform: /home/runner/.gradle/caches/transforms-3/0ebd51b1e4f08871662f8da0349a3670/transformed/coordinatorlayout-1.1.0-runtime.jar because:
  Build cache is disabled
Skipping DexingNoClasspathTransform: /home/runner/.gradle/caches/transforms-3/0ebd51b1e4f08871662f8da0349a3670/transformed/coordinatorlayout-1.1.0-runtime.jar as it is up-to-date.
Caching disabled for IdentityTransform: /home/runner/.gradle/caches/transforms-3/75b8f03ebe299ca26446a6887646d0ad/transformed/dynamicanimation-1.0.0-runtime.jar because:
  Build cache is disabled
Skipping IdentityTransform: /home/runner/.gradle/caches/transforms-3/75b8f03ebe299ca26446a6887646d0ad/transformed/dynamicanimation-1.0.0-runtime.jar as it is up-to-date.
Transforming dynamicanimation-1.0.0.aar (androidx.dynamicanimation:dynamicanimation:1.0.0) with DexingNoClasspathTransform
Caching disabled for DexingNoClasspathTransform: /home/runner/.gradle/caches/transforms-3/0e8d6918a7b3ab7a9503f8a6901e5032/transformed/transition-1.5.0-runtime.jar because:
  Build cache is disabled
Skipping DexingNoClasspathTransform: /home/runner/.gradle/caches/transforms-3/0e8d6918a7b3ab7a9503f8a6901e5032/transformed/transition-1.5.0-runtime.jar as it is up-to-date.
Caching disabled for DexingNoClasspathTransform: /home/runner/.gradle/caches/transforms-3/75b8f03ebe299ca26446a6887646d0ad/transformed/dynamicanimation-1.0.0-runtime.jar because:
  Build cache is disabled
Caching disabled for IdentityTransform: /home/runner/.gradle/caches/transforms-3/6de24600d222a6d5f8870f9fcae8ed3f/transformed/vectordrawable-animated-1.1.0-runtime.jar because:
  Build cache is disabled
Skipping IdentityTransform: /home/runner/.gradle/caches/transforms-3/6de24600d222a6d5f8870f9fcae8ed3f/transformed/vectordrawable-animated-1.1.0-runtime.jar as it is up-to-date.
Transforming vectordrawable-animated-1.1.0.aar (androidx.vectordrawable:vectordrawable-animated:1.1.0) with DexingNoClasspathTransform
Caching disabled for IdentityTransform: /home/runner/.gradle/caches/transforms-3/50ac27d996caf23dbe04fdaef9f10a59/transformed/vectordrawable-1.1.0-runtime.jar because:
  Build cache is disabled
Skipping IdentityTransform: /home/runner/.gradle/caches/transforms-3/50ac27d996caf23dbe04fdaef9f10a59/transformed/vectordrawable-1.1.0-runtime.jar as it is up-to-date.
Transforming vectordrawable-1.1.0.aar (androidx.vectordrawable:vectordrawable:1.1.0) with DexingNoClasspathTransform
Caching disabled for DexingNoClasspathTransform: /home/runner/.gradle/caches/transforms-3/6de24600d222a6d5f8870f9fcae8ed3f/transformed/vectordrawable-animated-1.1.0-runtime.jar because:
  Build cache is disabled
Skipping DexingNoClasspathTransform: /home/runner/.gradle/caches/transforms-3/6de24600d222a6d5f8870f9fcae8ed3f/transformed/vectordrawable-animated-1.1.0-runtime.jar as it is up-to-date.
Transforming vectordrawable-1.1.0.aar (androidx.vectordrawable:vectordrawable:1.1.0) with DexingNoClasspathTransform
Caching disabled for DexingNoClasspathTransform: /home/runner/.gradle/caches/transforms-3/50ac27d996caf23dbe04fdaef9f10a59/transformed/vectordrawable-1.1.0-runtime.jar because:
  Build cache is disabled
Skipping DexingNoClasspathTransform: /home/runner/.gradle/caches/transforms-3/50ac27d996caf23dbe04fdaef9f10a59/transformed/vectordrawable-1.1.0-runtime.jar as it is up-to-date.
Skipping DexingNoClasspathTransform: /home/runner/.gradle/caches/transforms-3/75b8f03ebe299ca26446a6887646d0ad/transformed/dynamicanimation-1.0.0-runtime.jar as it is up-to-date.
Caching disabled for IdentityTransform: /home/runner/.gradle/caches/transforms-3/192d2e91ea14c62e82eb75e661027f6c/transformed/jetified-customview-poolingcontainer-1.0.0-runtime.jar because:
  Build cache is disabled
Skipping IdentityTransform: /home/runner/.gradle/caches/transforms-3/192d2e91ea14c62e82eb75e661027f6c/transformed/jetified-customview-poolingcontainer-1.0.0-runtime.jar as it is up-to-date.
Transforming customview-poolingcontainer-1.0.0.aar (androidx.customview:customview-poolingcontainer:1.0.0) with DexingNoClasspathTransform
Caching disabled for IdentityTransform: /home/runner/.gradle/caches/transforms-3/d1cb9030c1157b105255746a0eba2ed4/transformed/jetified-savedstate-1.2.1-runtime.jar because:
  Build cache is disabled
Skipping IdentityTransform: /home/runner/.gradle/caches/transforms-3/d1cb9030c1157b105255746a0eba2ed4/transformed/jetified-savedstate-1.2.1-runtime.jar as it is up-to-date.
Transforming savedstate-1.2.1.aar (androidx.savedstate:savedstate:1.2.1) with DexingNoClasspathTransform
Caching disabled for IdentityTransform: /home/runner/.gradle/caches/transforms-3/d369aa802c67d39aeff37f9b2fc1d3a4/transformed/legacy-support-core-utils-1.0.0-runtime.jar because:
  Build cache is disabled
Skipping IdentityTransform: /home/runner/.gradle/caches/transforms-3/d369aa802c67d39aeff37f9b2fc1d3a4/transformed/legacy-support-core-utils-1.0.0-runtime.jar as it is up-to-date.
Transforming legacy-support-core-utils-1.0.0.aar (androidx.legacy:legacy-support-core-utils:1.0.0) with DexingNoClasspathTransform
Caching disabled for DexingNoClasspathTransform: /home/runner/.gradle/caches/transforms-3/192d2e91ea14c62e82eb75e661027f6c/transformed/jetified-customview-poolingcontainer-1.0.0-runtime.jar because:
  Build cache is disabled
Skipping DexingNoClasspathTransform: /home/runner/.gradle/caches/transforms-3/192d2e91ea14c62e82eb75e661027f6c/transformed/jetified-customview-poolingcontainer-1.0.0-runtime.jar as it is up-to-date.
Caching disabled for DexingNoClasspathTransform: /home/runner/.gradle/caches/transforms-3/d1cb9030c1157b105255746a0eba2ed4/transformed/jetified-savedstate-1.2.1-runtime.jar because:
  Build cache is disabled
Skipping DexingNoClasspathTransform: /home/runner/.gradle/caches/transforms-3/d1cb9030c1157b105255746a0eba2ed4/transformed/jetified-savedstate-1.2.1-runtime.jar as it is up-to-date.
Caching disabled for DexingNoClasspathTransform: /home/runner/.gradle/caches/transforms-3/d369aa802c67d39aeff37f9b2fc1d3a4/transformed/legacy-support-core-utils-1.0.0-runtime.jar because:
  Build cache is disabled
Caching disabled for IdentityTransform: /home/runner/.gradle/caches/transforms-3/d3846a222edfbbf0d6a0d73825280c9c/transformed/loader-1.0.0-runtime.jar because:
  Build cache is disabled
Skipping DexingNoClasspathTransform: /home/runner/.gradle/caches/transforms-3/d369aa802c67d39aeff37f9b2fc1d3a4/transformed/legacy-support-core-utils-1.0.0-runtime.jar as it is up-to-date.
Skipping IdentityTransform: /home/runner/.gradle/caches/transforms-3/d3846a222edfbbf0d6a0d73825280c9c/transformed/loader-1.0.0-runtime.jar as it is up-to-date.
Transforming loader-1.0.0.aar (androidx.loader:loader:1.0.0) with DexingNoClasspathTransform
Transforming loader-1.0.0.aar (androidx.loader:loader:1.0.0) with DexingNoClasspathTransform
Caching disabled for IdentityTransform: /home/runner/.gradle/caches/transforms-3/b657771ff127b89ffe1b81bb54b37e58/transformed/lifecycle-livedata-2.6.2-runtime.jar because:
  Build cache is disabled
Skipping IdentityTransform: /home/runner/.gradle/caches/transforms-3/b657771ff127b89ffe1b81bb54b37e58/transformed/lifecycle-livedata-2.6.2-runtime.jar as it is up-to-date.
Transforming lifecycle-livedata-2.6.2.aar (androidx.lifecycle:lifecycle-livedata:2.6.2) with DexingNoClasspathTransform
Caching disabled for DexingNoClasspathTransform: /home/runner/.gradle/caches/transforms-3/d3846a222edfbbf0d6a0d73825280c9c/transformed/loader-1.0.0-runtime.jar because:
  Build cache is disabled
Skipping DexingNoClasspathTransform: /home/runner/.gradle/caches/transforms-3/d3846a222edfbbf0d6a0d73825280c9c/transformed/loader-1.0.0-runtime.jar as it is up-to-date.
Caching disabled for IdentityTransform: /home/runner/.gradle/caches/transforms-3/3a3f8071d22205723b4fd611b0e4d304/transformed/lifecycle-viewmodel-2.6.2-runtime.jar because:
  Build cache is disabled
Skipping IdentityTransform: /home/runner/.gradle/caches/transforms-3/3a3f8071d22205723b4fd611b0e4d304/transformed/lifecycle-viewmodel-2.6.2-runtime.jar as it is up-to-date.
Transforming lifecycle-viewmodel-2.6.2.aar (androidx.lifecycle:lifecycle-viewmodel:2.6.2) with DexingNoClasspathTransform
Transforming lifecycle-viewmodel-2.6.2.aar (androidx.lifecycle:lifecycle-viewmodel:2.6.2) with DexingNoClasspathTransform
Caching disabled for DexingNoClasspathTransform: /home/runner/.gradle/caches/transforms-3/b657771ff127b89ffe1b81bb54b37e58/transformed/lifecycle-livedata-2.6.2-runtime.jar because:
  Build cache is disabled
Skipping DexingNoClasspathTransform: /home/runner/.gradle/caches/transforms-3/b657771ff127b89ffe1b81bb54b37e58/transformed/lifecycle-livedata-2.6.2-runtime.jar as it is up-to-date.
Caching disabled for DexingNoClasspathTransform: /home/runner/.gradle/caches/transforms-3/3a3f8071d22205723b4fd611b0e4d304/transformed/lifecycle-viewmodel-2.6.2-runtime.jar because:
  Build cache is disabled
Skipping DexingNoClasspathTransform: /home/runner/.gradle/caches/transforms-3/3a3f8071d22205723b4fd611b0e4d304/transformed/lifecycle-viewmodel-2.6.2-runtime.jar as it is up-to-date.
Caching disabled for IdentityTransform: /home/runner/.gradle/caches/transforms-3/e448a66109f5baa0182ca49c7f478fdb/transformed/jetified-lifecycle-process-2.6.2-runtime.jar because:
  Build cache is disabled
Skipping IdentityTransform: /home/runner/.gradle/caches/transforms-3/e448a66109f5baa0182ca49c7f478fdb/transformed/jetified-lifecycle-process-2.6.2-runtime.jar as it is up-to-date.
Transforming lifecycle-process-2.6.2.aar (androidx.lifecycle:lifecycle-process:2.6.2) with DexingNoClasspathTransform
Caching disabled for IdentityTransform: /home/runner/.gradle/caches/transforms-3/eb35e8baa4ec6f08c9545884edf1e08f/transformed/lifecycle-livedata-core-2.6.2-runtime.jar because:
  Build cache is disabled
Skipping IdentityTransform: /home/runner/.gradle/caches/transforms-3/eb35e8baa4ec6f08c9545884edf1e08f/transformed/lifecycle-livedata-core-2.6.2-runtime.jar as it is up-to-date.
Transforming lifecycle-livedata-core-2.6.2.aar (androidx.lifecycle:lifecycle-livedata-core:2.6.2) with DexingNoClasspathTransform
Caching disabled for DexingNoClasspathTransform: /home/runner/.gradle/caches/modules-2/files-2.1/androidx.lifecycle/lifecycle-common/2.6.2/10f354fdb64868baecd67128560c5a0d6312c495/lifecycle-common-2.6.2.jar because:
  Build cache is disabled
Skipping DexingNoClasspathTransform: /home/runner/.gradle/caches/modules-2/files-2.1/androidx.lifecycle/lifecycle-common/2.6.2/10f354fdb64868baecd67128560c5a0d6312c495/lifecycle-common-2.6.2.jar as it is up-to-date.
Caching disabled for IdentityTransform: /home/runner/.gradle/caches/transforms-3/b87b9a96bf9b63cb3d2b466c826eeab9/transformed/lifecycle-runtime-2.6.2-runtime.jar because:
  Build cache is disabled
Skipping IdentityTransform: /home/runner/.gradle/caches/transforms-3/b87b9a96bf9b63cb3d2b466c826eeab9/transformed/lifecycle-runtime-2.6.2-runtime.jar as it is up-to-date.
Transforming lifecycle-runtime-2.6.2.aar (androidx.lifecycle:lifecycle-runtime:2.6.2) with DexingNoClasspathTransform
Caching disabled for DexingNoClasspathTransform: /home/runner/.gradle/caches/transforms-3/e448a66109f5baa0182ca49c7f478fdb/transformed/jetified-lifecycle-process-2.6.2-runtime.jar because:
  Build cache is disabled
Skipping DexingNoClasspathTransform: /home/runner/.gradle/caches/transforms-3/e448a66109f5baa0182ca49c7f478fdb/transformed/jetified-lifecycle-process-2.6.2-runtime.jar as it is up-to-date.
Caching disabled for DexingNoClasspathTransform: /home/runner/.gradle/caches/transforms-3/eb35e8baa4ec6f08c9545884edf1e08f/transformed/lifecycle-livedata-core-2.6.2-runtime.jar because:
  Build cache is disabled
Skipping DexingNoClasspathTransform: /home/runner/.gradle/caches/transforms-3/eb35e8baa4ec6f08c9545884edf1e08f/transformed/lifecycle-livedata-core-2.6.2-runtime.jar as it is up-to-date.
Caching disabled for DexingNoClasspathTransform: /home/runner/.gradle/caches/transforms-3/b87b9a96bf9b63cb3d2b466c826eeab9/transformed/lifecycle-runtime-2.6.2-runtime.jar because:
  Build cache is disabled
Caching disabled for IdentityTransform: /home/runner/.gradle/caches/transforms-3/42b1e11e371da8ae081fad59af67b730/transformed/jetified-lifecycle-viewmodel-savedstate-2.6.2-runtime.jar because:
  Build cache is disabled
Skipping DexingNoClasspathTransform: /home/runner/.gradle/caches/transforms-3/b87b9a96bf9b63cb3d2b466c826eeab9/transformed/lifecycle-runtime-2.6.2-runtime.jar as it is up-to-date.
Skipping IdentityTransform: /home/runner/.gradle/caches/transforms-3/42b1e11e371da8ae081fad59af67b730/transformed/jetified-lifecycle-viewmodel-savedstate-2.6.2-runtime.jar as it is up-to-date.
Transforming lifecycle-viewmodel-savedstate-2.6.2.aar (androidx.lifecycle:lifecycle-viewmodel-savedstate:2.6.2) with DexingNoClasspathTransform
Caching disabled for IdentityTransform: /home/runner/.gradle/caches/transforms-3/fd8a181ac850d3f2c48ad0d0de0cc7ff/transformed/jetified-core-ktx-1.13.1-runtime.jar because:
  Build cache is disabled
Skipping IdentityTransform: /home/runner/.gradle/caches/transforms-3/fd8a181ac850d3f2c48ad0d0de0cc7ff/transformed/jetified-core-ktx-1.13.1-runtime.jar as it is up-to-date.
Transforming core-ktx-1.13.1.aar (androidx.core:core-ktx:1.13.1) with DexingNoClasspathTransform
Caching disabled for IdentityTransform: /home/runner/.gradle/caches/transforms-3/6276366b3b87e9b3e0bba5d937e24f31/transformed/viewpager-1.0.0-runtime.jar because:
  Build cache is disabled
Skipping IdentityTransform: /home/runner/.gradle/caches/transforms-3/6276366b3b87e9b3e0bba5d937e24f31/transformed/viewpager-1.0.0-runtime.jar as it is up-to-date.
Transforming viewpager-1.0.0.aar (androidx.viewpager:viewpager:1.0.0) with DexingNoClasspathTransform
Caching disabled for DexingNoClasspathTransform: /home/runner/.gradle/caches/transforms-3/42b1e11e371da8ae081fad59af67b730/transformed/jetified-lifecycle-viewmodel-savedstate-2.6.2-runtime.jar because:
  Build cache is disabled
Caching disabled for DexingNoClasspathTransform: /home/runner/.gradle/caches/transforms-3/fd8a181ac850d3f2c48ad0d0de0cc7ff/transformed/jetified-core-ktx-1.13.1-runtime.jar because:
  Build cache is disabled
Skipping DexingNoClasspathTransform: /home/runner/.gradle/caches/transforms-3/42b1e11e371da8ae081fad59af67b730/transformed/jetified-lifecycle-viewmodel-savedstate-2.6.2-runtime.jar as it is up-to-date.
Skipping DexingNoClasspathTransform: /home/runner/.gradle/caches/transforms-3/fd8a181ac850d3f2c48ad0d0de0cc7ff/transformed/jetified-core-ktx-1.13.1-runtime.jar as it is up-to-date.
Caching disabled for IdentityTransform: /home/runner/.gradle/caches/transforms-3/3953f7e627daeb4a0e80a061797a5d19/transformed/customview-1.1.0-runtime.jar because:
  Build cache is disabled
Skipping IdentityTransform: /home/runner/.gradle/caches/transforms-3/3953f7e627daeb4a0e80a061797a5d19/transformed/customview-1.1.0-runtime.jar as it is up-to-date.
Transforming customview-1.1.0.aar (androidx.customview:customview:1.1.0) with DexingNoClasspathTransform
Caching disabled for DexingNoClasspathTransform: /home/runner/.gradle/caches/transforms-3/6276366b3b87e9b3e0bba5d937e24f31/transformed/viewpager-1.0.0-runtime.jar because:
  Build cache is disabled
Skipping DexingNoClasspathTransform: /home/runner/.gradle/caches/transforms-3/6276366b3b87e9b3e0bba5d937e24f31/transformed/viewpager-1.0.0-runtime.jar as it is up-to-date.
Transforming customview-1.1.0.aar (androidx.customview:customview:1.1.0) with DexingNoClasspathTransform
Caching disabled for DexingNoClasspathTransform: /home/runner/.gradle/caches/transforms-3/3953f7e627daeb4a0e80a061797a5d19/transformed/customview-1.1.0-runtime.jar because:
  Build cache is disabled
Skipping DexingNoClasspathTransform: /home/runner/.gradle/caches/transforms-3/3953f7e627daeb4a0e80a061797a5d19/transformed/customview-1.1.0-runtime.jar as it is up-to-date.
Caching disabled for IdentityTransform: /home/runner/.gradle/caches/transforms-3/3037cd68b665e8105793683375bffae9/transformed/core-1.13.1-runtime.jar because:
  Build cache is disabled
Skipping IdentityTransform: /home/runner/.gradle/caches/transforms-3/3037cd68b665e8105793683375bffae9/transformed/core-1.13.1-runtime.jar as it is up-to-date.
Transforming core-1.13.1.aar (androidx.core:core:1.13.1) with DexingNoClasspathTransform
Transforming core-1.13.1.aar (androidx.core:core:1.13.1) with DexingNoClasspathTransform
Caching disabled for DexingNoClasspathTransform: /home/runner/.gradle/caches/transforms-3/3037cd68b665e8105793683375bffae9/transformed/core-1.13.1-runtime.jar because:
  Build cache is disabled
Skipping DexingNoClasspathTransform: /home/runner/.gradle/caches/transforms-3/3037cd68b665e8105793683375bffae9/transformed/core-1.13.1-runtime.jar as it is up-to-date.
Caching disabled for IdentityTransform: /home/runner/.gradle/caches/transforms-3/b264b76d2cee658eebec3181157ac26c/transformed/jetified-profileinstaller-1.3.1-runtime.jar because:
  Build cache is disabled
Skipping IdentityTransform: /home/runner/.gradle/caches/transforms-3/b264b76d2cee658eebec3181157ac26c/transformed/jetified-profileinstaller-1.3.1-runtime.jar as it is up-to-date.
Transforming profileinstaller-1.3.1.aar (androidx.profileinstaller:profileinstaller:1.3.1) with DexingNoClasspathTransform
Caching disabled for DexingNoClasspathTransform: /home/runner/.gradle/caches/transforms-3/89e2d340b7ee39894310d73cb9bf2396/transformed/jetified-resourceinspection-annotation-1.0.1.jar because:
  Build cache is disabled
Caching disabled for IdentityTransform: /home/runner/.gradle/caches/transforms-3/973884fe93e97c1cca44afb796361ba3/transformed/cursoradapter-1.0.0-runtime.jar because:
  Build cache is disabled
Skipping DexingNoClasspathTransform: /home/runner/.gradle/caches/transforms-3/89e2d340b7ee39894310d73cb9bf2396/transformed/jetified-resourceinspection-annotation-1.0.1.jar as it is up-to-date.
Skipping IdentityTransform: /home/runner/.gradle/caches/transforms-3/973884fe93e97c1cca44afb796361ba3/transformed/cursoradapter-1.0.0-runtime.jar as it is up-to-date.
Caching disabled for IdentityTransform: /home/runner/.gradle/caches/transforms-3/e9f1e2301bd93cc0f655e098f503866a/transformed/interpolator-1.0.0-runtime.jar because:
  Build cache is disabled
Skipping IdentityTransform: /home/runner/.gradle/caches/transforms-3/e9f1e2301bd93cc0f655e098f503866a/transformed/interpolator-1.0.0-runtime.jar as it is up-to-date.
Transforming interpolator-1.0.0.aar (androidx.interpolator:interpolator:1.0.0) with DexingNoClasspathTransform
Caching disabled for DexingNoClasspathTransform: /home/runner/.gradle/caches/transforms-3/e9f1e2301bd93cc0f655e098f503866a/transformed/interpolator-1.0.0-runtime.jar because:
  Build cache is disabled
Skipping DexingNoClasspathTransform: /home/runner/.gradle/caches/transforms-3/e9f1e2301bd93cc0f655e098f503866a/transformed/interpolator-1.0.0-runtime.jar as it is up-to-date.
Transforming interpolator-1.0.0.aar (androidx.interpolator:interpolator:1.0.0) with DexingNoClasspathTransform
Caching disabled for DexingNoClasspathTransform: /home/runner/.gradle/caches/transforms-3/b264b76d2cee658eebec3181157ac26c/transformed/jetified-profileinstaller-1.3.1-runtime.jar because:
  Build cache is disabled
Skipping DexingNoClasspathTransform: /home/runner/.gradle/caches/transforms-3/b264b76d2cee658eebec3181157ac26c/transformed/jetified-profileinstaller-1.3.1-runtime.jar as it is up-to-date.
Caching disabled for IdentityTransform: /home/runner/.gradle/caches/transforms-3/2c7ea9d6608dc3a670c8439407645cae/transformed/versionedparcelable-1.1.1-runtime.jar because:
  Build cache is disabled
Skipping IdentityTransform: /home/runner/.gradle/caches/transforms-3/2c7ea9d6608dc3a670c8439407645cae/transformed/versionedparcelable-1.1.1-runtime.jar as it is up-to-date.
Transforming versionedparcelable-1.1.1.aar (androidx.versionedparcelable:versionedparcelable:1.1.1) with DexingNoClasspathTransform
Caching disabled for DexingNoClasspathTransform: /home/runner/.gradle/caches/modules-2/files-2.1/androidx.collection/collection/1.1.0/1f27220b47669781457de0d600849a5de0e89909/collection-1.1.0.jar because:
  Build cache is disabled
Skipping DexingNoClasspathTransform: /home/runner/.gradle/caches/modules-2/files-2.1/androidx.collection/collection/1.1.0/1f27220b47669781457de0d600849a5de0e89909/collection-1.1.0.jar as it is up-to-date.
Caching disabled for DexingNoClasspathTransform: /home/runner/.gradle/caches/transforms-3/2c7ea9d6608dc3a670c8439407645cae/transformed/versionedparcelable-1.1.1-runtime.jar because:
  Build cache is disabled
Skipping DexingNoClasspathTransform: /home/runner/.gradle/caches/transforms-3/2c7ea9d6608dc3a670c8439407645cae/transformed/versionedparcelable-1.1.1-runtime.jar as it is up-to-date.
Transforming cursoradapter-1.0.0.aar (androidx.cursoradapter:cursoradapter:1.0.0) with DexingNoClasspathTransform
Caching disabled for IdentityTransform: /home/runner/.gradle/caches/transforms-3/4555c9a9df8b84b79e290d9ab978f5ab/transformed/jetified-startup-runtime-1.1.1-runtime.jar because:
  Build cache is disabled
Skipping IdentityTransform: /home/runner/.gradle/caches/transforms-3/4555c9a9df8b84b79e290d9ab978f5ab/transformed/jetified-startup-runtime-1.1.1-runtime.jar as it is up-to-date.
Transforming startup-runtime-1.1.1.aar (androidx.startup:startup-runtime:1.1.1) with DexingNoClasspathTransform
Caching disabled for DexingNoClasspathTransform: /home/runner/.gradle/caches/transforms-3/06145b6468a5bd1d2c007cbc6d3469ad/transformed/jetified-concurrent-futures-1.1.0.jar because:
  Build cache is disabled
Skipping DexingNoClasspathTransform: /home/runner/.gradle/caches/transforms-3/06145b6468a5bd1d2c007cbc6d3469ad/transformed/jetified-concurrent-futures-1.1.0.jar as it is up-to-date.
Caching disabled for DexingNoClasspathTransform: /home/runner/.gradle/caches/transforms-3/973884fe93e97c1cca44afb796361ba3/transformed/cursoradapter-1.0.0-runtime.jar because:
  Build cache is disabled
Skipping DexingNoClasspathTransform: /home/runner/.gradle/caches/transforms-3/973884fe93e97c1cca44afb796361ba3/transformed/cursoradapter-1.0.0-runtime.jar as it is up-to-date.
Caching disabled for DexingNoClasspathTransform: /home/runner/.gradle/caches/transforms-3/4555c9a9df8b84b79e290d9ab978f5ab/transformed/jetified-startup-runtime-1.1.1-runtime.jar because:
  Build cache is disabled
Skipping DexingNoClasspathTransform: /home/runner/.gradle/caches/transforms-3/4555c9a9df8b84b79e290d9ab978f5ab/transformed/jetified-startup-runtime-1.1.1-runtime.jar as it is up-to-date.
Caching disabled for IdentityTransform: /home/runner/.gradle/caches/transforms-3/c68f9ae0e9eb02974a38ad0163b0ac10/transformed/core-runtime-2.2.0-runtime.jar because:
  Build cache is disabled
Caching disabled for DexingNoClasspathTransform: /home/runner/.gradle/caches/modules-2/files-2.1/androidx.arch.core/core-common/2.2.0/5e1b8b81dfd5f52c56a8d53b18ca759c19a301f3/core-common-2.2.0.jar because:
  Build cache is disabled
Skipping IdentityTransform: /home/runner/.gradle/caches/transforms-3/c68f9ae0e9eb02974a38ad0163b0ac10/transformed/core-runtime-2.2.0-runtime.jar as it is up-to-date.
Skipping DexingNoClasspathTransform: /home/runner/.gradle/caches/modules-2/files-2.1/androidx.arch.core/core-common/2.2.0/5e1b8b81dfd5f52c56a8d53b18ca759c19a301f3/core-common-2.2.0.jar as it is up-to-date.
Caching disabled for IdentityTransform: /home/runner/.gradle/caches/transforms-3/a0462b0d75b29570d3d54dcd10f7200b/transformed/jetified-tracing-1.0.0-runtime.jar because:
  Build cache is disabled
Transforming core-runtime-2.2.0.aar (androidx.arch.core:core-runtime:2.2.0) with DexingNoClasspathTransform
Skipping IdentityTransform: /home/runner/.gradle/caches/transforms-3/a0462b0d75b29570d3d54dcd10f7200b/transformed/jetified-tracing-1.0.0-runtime.jar as it is up-to-date.
Transforming tracing-1.0.0.aar (androidx.tracing:tracing:1.0.0) with DexingNoClasspathTransform
Caching disabled for IdentityTransform: /home/runner/.gradle/caches/transforms-3/c7113a4634d37415c5c0e847516851c4/transformed/documentfile-1.0.0-runtime.jar because:
  Build cache is disabled
Skipping IdentityTransform: /home/runner/.gradle/caches/transforms-3/c7113a4634d37415c5c0e847516851c4/transformed/documentfile-1.0.0-runtime.jar as it is up-to-date.
Transforming documentfile-1.0.0.aar (androidx.documentfile:documentfile:1.0.0) with DexingNoClasspathTransform
Caching disabled for DexingNoClasspathTransform: /home/runner/.gradle/caches/transforms-3/a0462b0d75b29570d3d54dcd10f7200b/transformed/jetified-tracing-1.0.0-runtime.jar because:
  Build cache is disabled
Skipping DexingNoClasspathTransform: /home/runner/.gradle/caches/transforms-3/a0462b0d75b29570d3d54dcd10f7200b/transformed/jetified-tracing-1.0.0-runtime.jar as it is up-to-date.
Caching disabled for DexingNoClasspathTransform: /home/runner/.gradle/caches/transforms-3/c68f9ae0e9eb02974a38ad0163b0ac10/transformed/core-runtime-2.2.0-runtime.jar because:
  Build cache is disabled
Skipping DexingNoClasspathTransform: /home/runner/.gradle/caches/transforms-3/c68f9ae0e9eb02974a38ad0163b0ac10/transformed/core-runtime-2.2.0-runtime.jar as it is up-to-date.
Caching disabled for IdentityTransform: /home/runner/.gradle/caches/transforms-3/3bd00c8bf9b03966efd03e656859f4cc/transformed/localbroadcastmanager-1.0.0-runtime.jar because:
  Build cache is disabled
Skipping IdentityTransform: /home/runner/.gradle/caches/transforms-3/3bd00c8bf9b03966efd03e656859f4cc/transformed/localbroadcastmanager-1.0.0-runtime.jar as it is up-to-date.
Transforming localbroadcastmanager-1.0.0.aar (androidx.localbroadcastmanager:localbroadcastmanager:1.0.0) with DexingNoClasspathTransform
Caching disabled for DexingNoClasspathTransform: /home/runner/.gradle/caches/transforms-3/c7113a4634d37415c5c0e847516851c4/transformed/documentfile-1.0.0-runtime.jar because:
  Build cache is disabled
Skipping DexingNoClasspathTransform: /home/runner/.gradle/caches/transforms-3/c7113a4634d37415c5c0e847516851c4/transformed/documentfile-1.0.0-runtime.jar as it is up-to-date.
Caching disabled for IdentityTransform: /home/runner/.gradle/caches/transforms-3/4c55973d46eff54bec6f0237c84359e7/transformed/print-1.0.0-runtime.jar because:
  Build cache is disabled
Skipping IdentityTransform: /home/runner/.gradle/caches/transforms-3/4c55973d46eff54bec6f0237c84359e7/transformed/print-1.0.0-runtime.jar as it is up-to-date.
Transforming print-1.0.0.aar (androidx.print:print:1.0.0) with DexingNoClasspathTransform
Caching disabled for IdentityTransform: /home/runner/.gradle/caches/transforms-3/83fcf94f72ed649286d3f8d896029b64/transformed/jetified-annotation-experimental-1.4.0-runtime.jar because:
  Build cache is disabled
Skipping IdentityTransform: /home/runner/.gradle/caches/transforms-3/83fcf94f72ed649286d3f8d896029b64/transformed/jetified-annotation-experimental-1.4.0-runtime.jar as it is up-to-date.
Transforming annotation-experimental-1.4.0.aar (androidx.annotation:annotation-experimental:1.4.0) with DexingNoClasspathTransform
Caching disabled for DexingNoClasspathTransform: /home/runner/.gradle/caches/transforms-3/3bd00c8bf9b03966efd03e656859f4cc/transformed/localbroadcastmanager-1.0.0-runtime.jar because:
  Build cache is disabled
Skipping DexingNoClasspathTransform: /home/runner/.gradle/caches/transforms-3/3bd00c8bf9b03966efd03e656859f4cc/transformed/localbroadcastmanager-1.0.0-runtime.jar as it is up-to-date.
Caching disabled for DexingNoClasspathTransform: /home/runner/.gradle/caches/transforms-3/83fcf94f72ed649286d3f8d896029b64/transformed/jetified-annotation-experimental-1.4.0-runtime.jar because:
  Build cache is disabled
Skipping DexingNoClasspathTransform: /home/runner/.gradle/caches/transforms-3/83fcf94f72ed649286d3f8d896029b64/transformed/jetified-annotation-experimental-1.4.0-runtime.jar as it is up-to-date.
Caching disabled for DexingNoClasspathTransform: /home/runner/.gradle/caches/transforms-3/637acb59ff1b25cd8c0f935a5040f050/transformed/jetified-annotation-jvm-1.6.0.jar because:
  Build cache is disabled
Skipping DexingNoClasspathTransform: /home/runner/.gradle/caches/transforms-3/637acb59ff1b25cd8c0f935a5040f050/transformed/jetified-annotation-jvm-1.6.0.jar as it is up-to-date.
Caching disabled for DexingNoClasspathTransform: /home/runner/.gradle/caches/transforms-3/4c55973d46eff54bec6f0237c84359e7/transformed/print-1.0.0-runtime.jar because:
  Build cache is disabled
Skipping DexingNoClasspathTransform: /home/runner/.gradle/caches/transforms-3/4c55973d46eff54bec6f0237c84359e7/transformed/print-1.0.0-runtime.jar as it is up-to-date.
Caching disabled for DexingNoClasspathTransform: /home/runner/.gradle/caches/transforms-3/84e05d8371d4fdecd4b3c8984aba347a/transformed/jetified-kotlinx-coroutines-core-jvm-1.6.4.jar because:
  Build cache is disabled
Skipping DexingNoClasspathTransform: /home/runner/.gradle/caches/transforms-3/84e05d8371d4fdecd4b3c8984aba347a/transformed/jetified-kotlinx-coroutines-core-jvm-1.6.4.jar as it is up-to-date.
Caching disabled for DexingNoClasspathTransform: /home/runner/.gradle/caches/transforms-3/dad5bfa65de0be26294648cc54c3b73f/transformed/jetified-kotlin-stdlib-jdk8-1.8.22.jar because:
  Build cache is disabled
Caching disabled for DexingNoClasspathTransform: /home/runner/.gradle/caches/transforms-3/64aa93627f97ae6c06a96b5695dcc8ad/transformed/jetified-kotlinx-coroutines-android-1.6.4.jar because:
  Build cache is disabled
Skipping DexingNoClasspathTransform: /home/runner/.gradle/caches/transforms-3/dad5bfa65de0be26294648cc54c3b73f/transformed/jetified-kotlin-stdlib-jdk8-1.8.22.jar as it is up-to-date.
Skipping DexingNoClasspathTransform: /home/runner/.gradle/caches/transforms-3/64aa93627f97ae6c06a96b5695dcc8ad/transformed/jetified-kotlinx-coroutines-android-1.6.4.jar as it is up-to-date.
Caching disabled for DexingNoClasspathTransform: /home/runner/.gradle/caches/transforms-3/b1d23b3f8ceab2825bd8a252db3072cf/transformed/jetified-kotlin-stdlib-jdk7-1.8.22.jar because:
  Build cache is disabled
Skipping DexingNoClasspathTransform: /home/runner/.gradle/caches/transforms-3/b1d23b3f8ceab2825bd8a252db3072cf/transformed/jetified-kotlin-stdlib-jdk7-1.8.22.jar as it is up-to-date.
Caching disabled for DexingNoClasspathTransform: /home/runner/.gradle/caches/transforms-3/158dfe33a64c97e3afaa53bb59960824/transformed/jetified-kotlin-stdlib-1.8.22.jar because:
  Build cache is disabled
Skipping DexingNoClasspathTransform: /home/runner/.gradle/caches/transforms-3/158dfe33a64c97e3afaa53bb59960824/transformed/jetified-kotlin-stdlib-1.8.22.jar as it is up-to-date.
Caching disabled for DexingNoClasspathTransform: /home/runner/.gradle/caches/transforms-3/f6a39805e29ae55726da50db699c3b50/transformed/jetified-error_prone_annotations-2.15.0.jar because:
  Build cache is disabled
Skipping DexingNoClasspathTransform: /home/runner/.gradle/caches/transforms-3/f6a39805e29ae55726da50db699c3b50/transformed/jetified-error_prone_annotations-2.15.0.jar as it is up-to-date.
Caching disabled for DexingNoClasspathTransform: /home/runner/.gradle/caches/transforms-3/0008678694b6b59136ba1da65646c474/transformed/jetified-constraintlayout-core-1.0.4.jar because:
  Build cache is disabled
Caching disabled for DexingNoClasspathTransform: /home/runner/.gradle/caches/transforms-3/56e930df2fe98a9f2aa54661614ed886/transformed/jetified-listenablefuture-1.0.jar because:
  Build cache is disabled
Skipping DexingNoClasspathTransform: /home/runner/.gradle/caches/transforms-3/0008678694b6b59136ba1da65646c474/transformed/jetified-constraintlayout-core-1.0.4.jar as it is up-to-date.
Skipping DexingNoClasspathTransform: /home/runner/.gradle/caches/transforms-3/56e930df2fe98a9f2aa54661614ed886/transformed/jetified-listenablefuture-1.0.jar as it is up-to-date.
Caching disabled for DexingNoClasspathTransform: /home/runner/.gradle/caches/transforms-3/8c9f0ac1b77146d7b7a1c11e19bcf7f3/transformed/jetified-kotlin-stdlib-common-1.8.22.jar because:
  Build cache is disabled
Skipping DexingNoClasspathTransform: /home/runner/.gradle/caches/transforms-3/8c9f0ac1b77146d7b7a1c11e19bcf7f3/transformed/jetified-kotlin-stdlib-common-1.8.22.jar as it is up-to-date.
Caching disabled for IdentityTransform: /home/runner/.gradle/caches/transforms-3/7d1daba3bbd7d9259a46783e826b6856/transformed/constraintlayout-2.1.4-runtime.jar because:
  Build cache is disabled
Skipping IdentityTransform: /home/runner/.gradle/caches/transforms-3/7d1daba3bbd7d9259a46783e826b6856/transformed/constraintlayout-2.1.4-runtime.jar as it is up-to-date.
Caching disabled for DexingNoClasspathTransform: /home/runner/.gradle/caches/transforms-3/b988506c0f1843db23627364493b0104/transformed/jetified-annotations-13.0.jar because:
  Build cache is disabled
Transforming constraintlayout-2.1.4.aar (androidx.constraintlayout:constraintlayout:2.1.4) with DexingNoClasspathTransform
Skipping DexingNoClasspathTransform: /home/runner/.gradle/caches/transforms-3/b988506c0f1843db23627364493b0104/transformed/jetified-annotations-13.0.jar as it is up-to-date.
Caching disabled for DexingNoClasspathTransform: /home/runner/.gradle/caches/transforms-3/7d1daba3bbd7d9259a46783e826b6856/transformed/constraintlayout-2.1.4-runtime.jar because:
  Build cache is disabled
Skipping DexingNoClasspathTransform: /home/runner/.gradle/caches/transforms-3/7d1daba3bbd7d9259a46783e826b6856/transformed/constraintlayout-2.1.4-runtime.jar as it is up-to-date.
Watching 190 directories to track changes
Caching disabled for task ':app:mergeExtDexDebug' because:
  Build cache is disabled
Task ':app:mergeExtDexDebug' is not up-to-date because:
  No history is available.
The input changes require a full rebuild for incremental task ':app:mergeExtDexDebug'.
Watching 190 directories to track changes
Merging to '/home/runner/work/vcg-lang/vcg-lang/editor/android/app/build/intermediates/dex/debug/mergeExtDexDebug' with D8 from all or a subset of dex files in /home/runner/.gradle/caches/transforms-3/82963457fc759817baf6e9c1f188aa39/transformed/jetified-viewbinding-8.2.2-runtime, /home/runner/.gradle/caches/transforms-3/69dd000a80ff20da52ce5584fc470a5b/transformed/material-1.12.0-runtime, /home/runner/.gradle/caches/transforms-3/cd8da837a46dd61d5d91907d691a910f/transformed/constraintlayout-2.1.4-runtime, /home/runner/.gradle/caches/transforms-3/a2e4ccf21efb98057bb5e49c37400638/transformed/jetified-appcompat-resources-1.7.0-runtime, /home/runner/.gradle/caches/transforms-3/38246abfcd73ef434314ae538a2f41a4/transformed/appcompat-1.7.0-runtime, /home/runner/.gradle/caches/transforms-3/bddf5b0f762f914ac138ef9721c42da4/transformed/jetified-viewpager2-1.1.0-beta02-runtime, /home/runner/.gradle/caches/transforms-3/7515c556234984a795d457758e075bec/transformed/recyclerview-1.3.2-runtime, /home/runner/.gradle/caches/transforms-3/f1d4899ae4d3ccd86452b0b49e5dab84/transformed/cardview-1.0.0-runtime, /home/runner/.gradle/caches/transforms-3/57cf86c50e728386c5d149d1329c9e0c/transformed/jetified-emoji2-views-helper-1.3.0-runtime, /home/runner/.gradle/caches/transforms-3/79205359de85f0d01d1afeec6a327ac7/transformed/jetified-emoji2-1.3.0-runtime, /home/runner/.gradle/caches/transforms-3/8c6698bbdb21dc4ddbea2803d9d22129/transformed/fragment-1.5.4-runtime, /home/runner/.gradle/caches/transforms-3/dae534893614f55b020a8ead7b983e74/transformed/jetified-activity-1.8.0-runtime, /home/runner/.gradle/caches/transforms-3/d7c31c89499062535f7861a88e730b63/transformed/drawerlayout-1.1.1-runtime, /home/runner/.gradle/caches/transforms-3/b605135079dd29d32f95e53b3d3efdfb/transformed/coordinatorlayout-1.1.0-runtime, /home/runner/.gradle/caches/transforms-3/13ba172882ec541be6c3e381078dcbe6/transformed/transition-1.5.0-runtime, /home/runner/.gradle/caches/transforms-3/6a2b9ac30708f95968d768f1d6df6aa6/transformed/dynamicanimation-1.0.0-runtime, /home/runner/.gradle/caches/transforms-3/24eddc5e3d4bdc09e91ff6de83d930ae/transformed/vectordrawable-animated-1.1.0-runtime, /home/runner/.gradle/caches/transforms-3/bfe3fccdf211cbc76cfc472050d2898f/transformed/vectordrawable-1.1.0-runtime, /home/runner/.gradle/caches/transforms-3/69ec87b21d2fd28129ba6569e061fcdd/transformed/jetified-customview-poolingcontainer-1.0.0-runtime, /home/runner/.gradle/caches/transforms-3/7cfedcf0c427e2e66764a8838ec58a79/transformed/jetified-savedstate-1.2.1-runtime, /home/runner/.gradle/caches/transforms-3/85335ffa1d2f967add5751ee21c9eb7b/transformed/legacy-support-core-utils-1.0.0-runtime, /home/runner/.gradle/caches/transforms-3/f39e79eb7ae67e1f853df78021a40f90/transformed/loader-1.0.0-runtime, /home/runner/.gradle/caches/transforms-3/134f1e6c0cbf90974d37528d90975ef2/transformed/lifecycle-livedata-2.6.2-runtime, /home/runner/.gradle/caches/transforms-3/f1156fe8628ed5ccf1d6b62467487b67/transformed/lifecycle-viewmodel-2.6.2-runtime, /home/runner/.gradle/caches/transforms-3/e32e2a8584c1256ac69a62cdad0306d6/transformed/jetified-lifecycle-process-2.6.2-runtime, /home/runner/.gradle/caches/transforms-3/b5ac6147ca3416bc8819bf6f0cbebf35/transformed/lifecycle-livedata-core-2.6.2-runtime, /home/runner/.gradle/caches/transforms-3/b0b98aad99029b30d7554a883f3f7ca9/transformed/lifecycle-common-2.6.2, /home/runner/.gradle/caches/transforms-3/6f636f9b6268dcbcbcd99219465c0c1b/transformed/lifecycle-runtime-2.6.2-runtime, /home/runner/.gradle/caches/transforms-3/9956fa762816217c4722393170b377fe/transformed/jetified-lifecycle-viewmodel-savedstate-2.6.2-runtime, /home/runner/.gradle/caches/transforms-3/41a39f8e03fd54b6625a3493fc555ea0/transformed/jetified-core-ktx-1.13.1-runtime, /home/runner/.gradle/caches/transforms-3/266f02ccc20d955dc7f321ca63890a2e/transformed/viewpager-1.0.0-runtime, /home/runner/.gradle/caches/transforms-3/6f7ac61b91840bd46cdbf0de079ac326/transformed/customview-1.1.0-runtime, /home/runner/.gradle/caches/transforms-3/9903129f1af3a161931a14c67b2f33e5/transformed/core-1.13.1-runtime, /home/runner/.gradle/caches/transforms-3/97cd35efc4193a2528fa4c91814841a4/transformed/cursoradapter-1.0.0-runtime, /home/runner/.gradle/caches/transforms-3/31bc45c6c8fc0addd60521086af3e0d4/transformed/jetified-profileinstaller-1.3.1-runtime, /home/runner/.gradle/caches/transforms-3/f4839454f62fd213a29a40903a2839ec/transformed/jetified-resourceinspection-annotation-1.0.1, /home/runner/.gradle/caches/transforms-3/af7e58c7c00bd7376e782a74c9fa2c1b/transformed/interpolator-1.0.0-runtime, /home/runner/.gradle/caches/transforms-3/1965d7e4d895e9e43ddc9ebf59cd40e2/transformed/versionedparcelable-1.1.1-runtime, /home/runner/.gradle/caches/transforms-3/b73466251c757a2316d3b62f91b667ca/transformed/collection-1.1.0, /home/runner/.gradle/caches/transforms-3/67bd25cdb340ee84b340ab472773db21/transformed/jetified-concurrent-futures-1.1.0, /home/runner/.gradle/caches/transforms-3/dfc7daafecca97d24cc325c0a9c3dd82/transformed/jetified-startup-runtime-1.1.1-runtime, /home/runner/.gradle/caches/transforms-3/2bfbdceba1157a24ca413daf5865b1f7/transformed/jetified-tracing-1.0.0-runtime, /home/runner/.gradle/caches/transforms-3/c02cc6f92b6234e31a9372768d69b640/transformed/core-runtime-2.2.0-runtime, /home/runner/.gradle/caches/transforms-3/fb4930de19971f6aaae3b04df50759d6/transformed/core-common-2.2.0, /home/runner/.gradle/caches/transforms-3/5e64515526cc81214a441bf9175a28cb/transformed/documentfile-1.0.0-runtime, /home/runner/.gradle/caches/transforms-3/457be1fe5bd6e0ee3691d1fec4b55d97/transformed/localbroadcastmanager-1.0.0-runtime, /home/runner/.gradle/caches/transforms-3/ebc9fbca416a6fa2884b1fcb524e44ae/transformed/print-1.0.0-runtime, /home/runner/.gradle/caches/transforms-3/d4d171584ec64cc70d94049930ced33c/transformed/jetified-annotation-experimental-1.4.0-runtime, /home/runner/.gradle/caches/transforms-3/5b6075ac7de92110a66c566cd09023f8/transformed/jetified-annotation-jvm-1.6.0, /home/runner/.gradle/caches/transforms-3/4c448546baab353f8308d49cd4e3200e/transformed/jetified-kotlinx-coroutines-core-jvm-1.6.4, /home/runner/.gradle/caches/transforms-3/46e8dbfe4ef236bf706b075f6d93b395/transformed/jetified-kotlinx-coroutines-android-1.6.4, /home/runner/.gradle/caches/transforms-3/bcb5fb12955da2fe3dcf9bb4f8c4be0d/transformed/jetified-kotlin-stdlib-1.8.22, /home/runner/.gradle/caches/transforms-3/4f398f276884302df9c86a712059e800/transformed/jetified-error_prone_annotations-2.15.0, /home/runner/.gradle/caches/transforms-3/fa041b089ff6ebd8b5ae3747f2a6e204/transformed/jetified-constraintlayout-core-1.0.4, /home/runner/.gradle/caches/transforms-3/b3b498e4412750a24e22482fb2de133f/transformed/jetified-listenablefuture-1.0, /home/runner/.gradle/caches/transforms-3/2d3f24e1f299918cfa46d5ecd51f543e/transformed/jetified-annotations-13.0, and from all global synthetics files in 

> Task :app:compileDebugJavaWithJavac FAILED
Watching 194 directories to track changes
Watching 194 directories to track changes
Watching 194 directories to track changes
Watching 195 directories to track changes
Watching 196 directories to track changes
Transforming viewbinding-8.2.2.aar (androidx.databinding:viewbinding:8.2.2) with JetifyTransform
Transforming viewbinding-8.2.2.aar (androidx.databinding:viewbinding:8.2.2) with AarToClassTransform
Transforming material-1.12.0.aar (com.google.android.material:material:1.12.0) with JetifyTransform
Transforming material-1.12.0.aar (com.google.android.material:material:1.12.0) with AarToClassTransform
Transforming appcompat-resources-1.7.0.aar (androidx.appcompat:appcompat-resources:1.7.0) with JetifyTransform
Transforming appcompat-resources-1.7.0.aar (androidx.appcompat:appcompat-resources:1.7.0) with AarToClassTransform
Transforming appcompat-1.7.0.aar (androidx.appcompat:appcompat:1.7.0) with JetifyTransform
Transforming appcompat-1.7.0.aar (androidx.appcompat:appcompat:1.7.0) with AarToClassTransform
Transforming viewpager2-1.1.0-beta02.aar (androidx.viewpager2:viewpager2:1.1.0-beta02) with JetifyTransform
Transforming viewpager2-1.1.0-beta02.aar (androidx.viewpager2:viewpager2:1.1.0-beta02) with AarToClassTransform
Transforming recyclerview-1.3.2.aar (androidx.recyclerview:recyclerview:1.3.2) with JetifyTransform
Transforming recyclerview-1.3.2.aar (androidx.recyclerview:recyclerview:1.3.2) with AarToClassTransform
Transforming cardview-1.0.0.aar (androidx.cardview:cardview:1.0.0) with JetifyTransform
Transforming cardview-1.0.0.aar (androidx.cardview:cardview:1.0.0) with AarToClassTransform
Transforming fragment-1.5.4.aar (androidx.fragment:fragment:1.5.4) with JetifyTransform
Transforming fragment-1.5.4.aar (androidx.fragment:fragment:1.5.4) with AarToClassTransform
Transforming activity-1.8.0.aar (androidx.activity:activity:1.8.0) with JetifyTransform
Transforming activity-1.8.0.aar (androidx.activity:activity:1.8.0) with AarToClassTransform
Transforming drawerlayout-1.1.1.aar (androidx.drawerlayout:drawerlayout:1.1.1) with JetifyTransform
Transforming drawerlayout-1.1.1.aar (androidx.drawerlayout:drawerlayout:1.1.1) with AarToClassTransform
Transforming coordinatorlayout-1.1.0.aar (androidx.coordinatorlayout:coordinatorlayout:1.1.0) with JetifyTransform
Transforming coordinatorlayout-1.1.0.aar (androidx.coordinatorlayout:coordinatorlayout:1.1.0) with AarToClassTransform
Transforming dynamicanimation-1.0.0.aar (androidx.dynamicanimation:dynamicanimation:1.0.0) with JetifyTransform
Transforming dynamicanimation-1.0.0.aar (androidx.dynamicanimation:dynamicanimation:1.0.0) with AarToClassTransform
Transforming transition-1.5.0.aar (androidx.transition:transition:1.5.0) with JetifyTransform
Transforming transition-1.5.0.aar (androidx.transition:transition:1.5.0) with AarToClassTransform
Transforming vectordrawable-animated-1.1.0.aar (androidx.vectordrawable:vectordrawable-animated:1.1.0) with JetifyTransform
Transforming vectordrawable-animated-1.1.0.aar (androidx.vectordrawable:vectordrawable-animated:1.1.0) with AarToClassTransform
Transforming vectordrawable-1.1.0.aar (androidx.vectordrawable:vectordrawable:1.1.0) with JetifyTransform
Transforming vectordrawable-1.1.0.aar (androidx.vectordrawable:vectordrawable:1.1.0) with AarToClassTransform
Transforming vectordrawable-1.1.0.aar (androidx.vectordrawable:vectordrawable:1.1.0) with JetifyTransform
Transforming vectordrawable-1.1.0.aar (androidx.vectordrawable:vectordrawable:1.1.0) with AarToClassTransform
Transforming viewpager-1.0.0.aar (androidx.viewpager:viewpager:1.0.0) with JetifyTransform
Transforming viewpager-1.0.0.aar (androidx.viewpager:viewpager:1.0.0) with AarToClassTransform
Transforming customview-1.1.0.aar (androidx.customview:customview:1.1.0) with JetifyTransform
Transforming customview-1.1.0.aar (androidx.customview:customview:1.1.0) with AarToClassTransform
Transforming customview-1.1.0.aar (androidx.customview:customview:1.1.0) with JetifyTransform
Transforming customview-1.1.0.aar (androidx.customview:customview:1.1.0) with AarToClassTransform
Transforming customview-1.1.0.aar (androidx.customview:customview:1.1.0) with JetifyTransform
Transforming customview-1.1.0.aar (androidx.customview:customview:1.1.0) with AarToClassTransform
Transforming customview-1.1.0.aar (androidx.customview:customview:1.1.0) with JetifyTransform
Caching disabled for AarToClassTransform: /home/runner/.gradle/caches/transforms-3/198a88b6265664585a40cb5a8583b015/transformed/jetified-viewbinding-8.2.2.aar because:
  Build cache is disabled
Skipping AarToClassTransform: /home/runner/.gradle/caches/transforms-3/198a88b6265664585a40cb5a8583b015/transformed/jetified-viewbinding-8.2.2.aar as it is up-to-date.
Caching disabled for AarToClassTransform: /home/runner/.gradle/caches/modules-2/files-2.1/androidx.appcompat/appcompat/1.7.0/d44656e67ab2123393e5f3e957ecc3641a600c7b/appcompat-1.7.0.aar because:
  Build cache is disabled
Skipping AarToClassTransform: /home/runner/.gradle/caches/modules-2/files-2.1/androidx.appcompat/appcompat/1.7.0/d44656e67ab2123393e5f3e957ecc3641a600c7b/appcompat-1.7.0.aar as it is up-to-date.
Transforming customview-1.1.0.aar (androidx.customview:customview:1.1.0) with AarToClassTransform
Transforming legacy-support-core-utils-1.0.0.aar (androidx.legacy:legacy-support-core-utils:1.0.0) with JetifyTransform
Transforming legacy-support-core-utils-1.0.0.aar (androidx.legacy:legacy-support-core-utils:1.0.0) with AarToClassTransform
Transforming loader-1.0.0.aar (androidx.loader:loader:1.0.0) with JetifyTransform
Transforming loader-1.0.0.aar (androidx.loader:loader:1.0.0) with AarToClassTransform
Transforming loader-1.0.0.aar (androidx.loader:loader:1.0.0) with JetifyTransform
Transforming loader-1.0.0.aar (androidx.loader:loader:1.0.0) with AarToClassTransform
Transforming lifecycle-livedata-2.6.2.aar (androidx.lifecycle:lifecycle-livedata:2.6.2) with JetifyTransform
Transforming lifecycle-livedata-2.6.2.aar (androidx.lifecycle:lifecycle-livedata:2.6.2) with AarToClassTransform
Transforming lifecycle-common-2.6.2.jar (androidx.lifecycle:lifecycle-common:2.6.2) with JetifyTransform
Transforming lifecycle-common-2.6.2.jar (androidx.lifecycle:lifecycle-common:2.6.2) with IdentityTransform
Transforming lifecycle-livedata-core-2.6.2.aar (androidx.lifecycle:lifecycle-livedata-core:2.6.2) with JetifyTransform
Transforming lifecycle-livedata-core-2.6.2.aar (androidx.lifecycle:lifecycle-livedata-core:2.6.2) with AarToClassTransform
Transforming lifecycle-viewmodel-2.6.2.aar (androidx.lifecycle:lifecycle-viewmodel:2.6.2) with JetifyTransform
Transforming lifecycle-viewmodel-2.6.2.aar (androidx.lifecycle:lifecycle-viewmodel:2.6.2) with AarToClassTransform
Transforming lifecycle-viewmodel-2.6.2.aar (androidx.lifecycle:lifecycle-viewmodel:2.6.2) with JetifyTransform
Transforming lifecycle-viewmodel-2.6.2.aar (androidx.lifecycle:lifecycle-viewmodel:2.6.2) with AarToClassTransform
Transforming lifecycle-runtime-2.6.2.aar (androidx.lifecycle:lifecycle-runtime:2.6.2) with JetifyTransform
Transforming lifecycle-runtime-2.6.2.aar (androidx.lifecycle:lifecycle-runtime:2.6.2) with AarToClassTransform
Transforming lifecycle-viewmodel-savedstate-2.6.2.aar (androidx.lifecycle:lifecycle-viewmodel-savedstate:2.6.2) with JetifyTransform
Transforming lifecycle-viewmodel-savedstate-2.6.2.aar (androidx.lifecycle:lifecycle-viewmodel-savedstate:2.6.2) with AarToClassTransform
Transforming core-ktx-1.13.1.aar (androidx.core:core-ktx:1.13.1) with JetifyTransform
Transforming core-ktx-1.13.1.aar (androidx.core:core-ktx:1.13.1) with AarToClassTransform
Transforming core-1.13.1.aar (androidx.core:core:1.13.1) with JetifyTransform
Transforming core-1.13.1.aar (androidx.core:core:1.13.1) with AarToClassTransform
Transforming core-1.13.1.aar (androidx.core:core:1.13.1) with JetifyTransform
Caching disabled for AarToClassTransform: /home/runner/.gradle/caches/transforms-3/fb70b6352790f7e3b898619f7878bcf2/transformed/jetified-viewpager2-1.1.0-beta02.aar because:
  Build cache is disabled
Transforming core-1.13.1.aar (androidx.core:core:1.13.1) with AarToClassTransform
Transforming core-1.13.1.aar (androidx.core:core:1.13.1) with JetifyTransform
Skipping AarToClassTransform: /home/runner/.gradle/caches/transforms-3/fb70b6352790f7e3b898619f7878bcf2/transformed/jetified-viewpager2-1.1.0-beta02.aar as it is up-to-date.
Transforming core-1.13.1.aar (androidx.core:core:1.13.1) with AarToClassTransform
Transforming core-1.13.1.aar (androidx.core:core:1.13.1) with JetifyTransform
Transforming core-1.13.1.aar (androidx.core:core:1.13.1) with AarToClassTransform
Transforming core-1.13.1.aar (androidx.core:core:1.13.1) with JetifyTransform
Transforming core-1.13.1.aar (androidx.core:core:1.13.1) with AarToClassTransform
Transforming core-1.13.1.aar (androidx.core:core:1.13.1) with JetifyTransform
Transforming core-1.13.1.aar (androidx.core:core:1.13.1) with AarToClassTransform
Transforming core-1.13.1.aar (androidx.core:core:1.13.1) with JetifyTransform
Transforming core-1.13.1.aar (androidx.core:core:1.13.1) with AarToClassTransform
Transforming core-1.13.1.aar (androidx.core:core:1.13.1) with JetifyTransform
Transforming core-1.13.1.aar (androidx.core:core:1.13.1) with AarToClassTransform
Transforming core-1.13.1.aar (androidx.core:core:1.13.1) with JetifyTransform
Transforming core-1.13.1.aar (androidx.core:core:1.13.1) with AarToClassTransform
Transforming cursoradapter-1.0.0.aar (androidx.cursoradapter:cursoradapter:1.0.0) with JetifyTransform
Caching disabled for AarToClassTransform: /home/runner/.gradle/caches/modules-2/files-2.1/androidx.recyclerview/recyclerview/1.3.2/e1d76099dbbd88ee0ee7c39cfa96ed0ea01bc8ad/recyclerview-1.3.2.aar because:
  Build cache is disabled
Transforming cursoradapter-1.0.0.aar (androidx.cursoradapter:cursoradapter:1.0.0) with AarToClassTransform
Skipping AarToClassTransform: /home/runner/.gradle/caches/modules-2/files-2.1/androidx.recyclerview/recyclerview/1.3.2/e1d76099dbbd88ee0ee7c39cfa96ed0ea01bc8ad/recyclerview-1.3.2.aar as it is up-to-date.
Transforming savedstate-1.2.1.aar (androidx.savedstate:savedstate:1.2.1) with JetifyTransform
Transforming savedstate-1.2.1.aar (androidx.savedstate:savedstate:1.2.1) with AarToClassTransform
Transforming versionedparcelable-1.1.1.aar (androidx.versionedparcelable:versionedparcelable:1.1.1) with JetifyTransform
Transforming versionedparcelable-1.1.1.aar (androidx.versionedparcelable:versionedparcelable:1.1.1) with AarToClassTransform
Transforming collection-1.1.0.jar (androidx.collection:collection:1.1.0) with JetifyTransform
Transforming collection-1.1.0.jar (androidx.collection:collection:1.1.0) with IdentityTransform
Transforming core-runtime-2.2.0.aar (androidx.arch.core:core-runtime:2.2.0) with JetifyTransform
Transforming core-runtime-2.2.0.aar (androidx.arch.core:core-runtime:2.2.0) with AarToClassTransform
Transforming core-common-2.2.0.jar (androidx.arch.core:core-common:2.2.0) with JetifyTransform
Transforming core-common-2.2.0.jar (androidx.arch.core:core-common:2.2.0) with IdentityTransform
Transforming interpolator-1.0.0.aar (androidx.interpolator:interpolator:1.0.0) with JetifyTransform
Transforming interpolator-1.0.0.aar (androidx.interpolator:interpolator:1.0.0) with AarToClassTransform
Transforming documentfile-1.0.0.aar (androidx.documentfile:documentfile:1.0.0) with JetifyTransform
Caching disabled for AarToClassTransform: /home/runner/.gradle/caches/modules-2/files-2.1/androidx.cardview/cardview/1.0.0/158dbc2e2bc502815821191b04446b8f663c1874/cardview-1.0.0.aar because:
  Build cache is disabled
Skipping AarToClassTransform: /home/runner/.gradle/caches/modules-2/files-2.1/androidx.cardview/cardview/1.0.0/158dbc2e2bc502815821191b04446b8f663c1874/cardview-1.0.0.aar as it is up-to-date.
Transforming documentfile-1.0.0.aar (androidx.documentfile:documentfile:1.0.0) with AarToClassTransform
Transforming localbroadcastmanager-1.0.0.aar (androidx.localbroadcastmanager:localbroadcastmanager:1.0.0) with JetifyTransform
Transforming localbroadcastmanager-1.0.0.aar (androidx.localbroadcastmanager:localbroadcastmanager:1.0.0) with AarToClassTransform
Transforming print-1.0.0.aar (androidx.print:print:1.0.0) with JetifyTransform
Transforming print-1.0.0.aar (androidx.print:print:1.0.0) with AarToClassTransform
Transforming annotation-jvm-1.6.0.jar (androidx.annotation:annotation-jvm:1.6.0) with JetifyTransform
Transforming annotation-jvm-1.6.0.jar (androidx.annotation:annotation-jvm:1.6.0) with IdentityTransform
Transforming annotation-experimental-1.4.0.aar (androidx.annotation:annotation-experimental:1.4.0) with JetifyTransform
Transforming annotation-experimental-1.4.0.aar (androidx.annotation:annotation-experimental:1.4.0) with AarToClassTransform
Transforming kotlinx-coroutines-core-jvm-1.6.4.jar (org.jetbrains.kotlinx:kotlinx-coroutines-core-jvm:1.6.4) with JetifyTransform
Transforming kotlinx-coroutines-core-jvm-1.6.4.jar (org.jetbrains.kotlinx:kotlinx-coroutines-core-jvm:1.6.4) with IdentityTransform
Transforming kotlinx-coroutines-android-1.6.4.jar (org.jetbrains.kotlinx:kotlinx-coroutines-android:1.6.4) with JetifyTransform
Transforming kotlinx-coroutines-android-1.6.4.jar (org.jetbrains.kotlinx:kotlinx-coroutines-android:1.6.4) with IdentityTransform
Transforming kotlin-stdlib-jdk8-1.8.22.jar (org.jetbrains.kotlin:kotlin-stdlib-jdk8:1.8.22) with JetifyTransform
Caching disabled for AarToClassTransform: /home/runner/.gradle/caches/modules-2/files-2.1/androidx.fragment/fragment/1.5.4/de58ea6b5ffbf3ede9ba6919eb448e23353f1e19/fragment-1.5.4.aar because:
  Build cache is disabled
Transforming kotlin-stdlib-jdk8-1.8.22.jar (org.jetbrains.kotlin:kotlin-stdlib-jdk8:1.8.22) with IdentityTransform
Transforming kotlin-stdlib-jdk7-1.8.22.jar (org.jetbrains.kotlin:kotlin-stdlib-jdk7:1.8.22) with JetifyTransform
Skipping AarToClassTransform: /home/runner/.gradle/caches/modules-2/files-2.1/androidx.fragment/fragment/1.5.4/de58ea6b5ffbf3ede9ba6919eb448e23353f1e19/fragment-1.5.4.aar as it is up-to-date.
Transforming kotlin-stdlib-jdk7-1.8.22.jar (org.jetbrains.kotlin:kotlin-stdlib-jdk7:1.8.22) with IdentityTransform
Transforming kotlin-stdlib-1.8.22.jar (org.jetbrains.kotlin:kotlin-stdlib:1.8.22) with JetifyTransform
Transforming kotlin-stdlib-1.8.22.jar (org.jetbrains.kotlin:kotlin-stdlib:1.8.22) with IdentityTransform
Transforming kotlin-stdlib-common-1.8.22.jar (org.jetbrains.kotlin:kotlin-stdlib-common:1.8.22) with JetifyTransform
Transforming kotlin-stdlib-common-1.8.22.jar (org.jetbrains.kotlin:kotlin-stdlib-common:1.8.22) with IdentityTransform
Transforming annotations-13.0.jar (org.jetbrains:annotations:13.0) with JetifyTransform
Transforming annotations-13.0.jar (org.jetbrains:annotations:13.0) with IdentityTransform
Transforming resourceinspection-annotation-1.0.1.jar (androidx.resourceinspection:resourceinspection-annotation:1.0.1) with JetifyTransform
Transforming resourceinspection-annotation-1.0.1.jar (androidx.resourceinspection:resourceinspection-annotation:1.0.1) with IdentityTransform
Transforming constraintlayout-2.1.4.aar (androidx.constraintlayout:constraintlayout:2.1.4) with JetifyTransform
Transforming constraintlayout-2.1.4.aar (androidx.constraintlayout:constraintlayout:2.1.4) with AarToClassTransform
Caching disabled for AarToClassTransform: /home/runner/.gradle/caches/transforms-3/6fd033834110bb631f7b32d046f8ed6f/transformed/jetified-activity-1.8.0.aar because:
  Build cache is disabled
Skipping AarToClassTransform: /home/runner/.gradle/caches/transforms-3/6fd033834110bb631f7b32d046f8ed6f/transformed/jetified-activity-1.8.0.aar as it is up-to-date.
Caching disabled for AarToClassTransform: /home/runner/.gradle/caches/modules-2/files-2.1/androidx.coordinatorlayout/coordinatorlayout/1.1.0/8eeb7baf75b9595d017642a460df5af3bb9fa4e1/coordinatorlayout-1.1.0.aar because:
  Build cache is disabled
Skipping AarToClassTransform: /home/runner/.gradle/caches/modules-2/files-2.1/androidx.coordinatorlayout/coordinatorlayout/1.1.0/8eeb7baf75b9595d017642a460df5af3bb9fa4e1/coordinatorlayout-1.1.0.aar as it is up-to-date.
Caching disabled for AarToClassTransform: /home/runner/.gradle/caches/modules-2/files-2.1/androidx.drawerlayout/drawerlayout/1.1.1/1b2b049e1e88589510ddd4d93f2699b46ecd73dd/drawerlayout-1.1.1.aar because:
  Build cache is disabled
Skipping AarToClassTransform: /home/runner/.gradle/caches/modules-2/files-2.1/androidx.drawerlayout/drawerlayout/1.1.1/1b2b049e1e88589510ddd4d93f2699b46ecd73dd/drawerlayout-1.1.1.aar as it is up-to-date.
Caching disabled for AarToClassTransform: /home/runner/.gradle/caches/modules-2/files-2.1/androidx.dynamicanimation/dynamicanimation/1.0.0/e980497a58fb319d471f3bb78d066b926a08ba8e/dynamicanimation-1.0.0.aar because:
  Build cache is disabled
Skipping AarToClassTransform: /home/runner/.gradle/caches/modules-2/files-2.1/androidx.dynamicanimation/dynamicanimation/1.0.0/e980497a58fb319d471f3bb78d066b926a08ba8e/dynamicanimation-1.0.0.aar as it is up-to-date.
Caching disabled for AarToClassTransform: /home/runner/.gradle/caches/modules-2/files-2.1/androidx.transition/transition/1.5.0/747173f40c7d98cdb6890a25aa60edcbefeb9c95/transition-1.5.0.aar because:
  Build cache is disabled
Skipping AarToClassTransform: /home/runner/.gradle/caches/modules-2/files-2.1/androidx.transition/transition/1.5.0/747173f40c7d98cdb6890a25aa60edcbefeb9c95/transition-1.5.0.aar as it is up-to-date.
Caching disabled for AarToClassTransform: /home/runner/.gradle/caches/modules-2/files-2.1/androidx.vectordrawable/vectordrawable-animated/1.1.0/fcda1161354501471c30a4e077af6b5c4d4eddc6/vectordrawable-animated-1.1.0.aar because:
  Build cache is disabled
Skipping AarToClassTransform: /home/runner/.gradle/caches/modules-2/files-2.1/androidx.vectordrawable/vectordrawable-animated/1.1.0/fcda1161354501471c30a4e077af6b5c4d4eddc6/vectordrawable-animated-1.1.0.aar as it is up-to-date.
Caching disabled for AarToClassTransform: /home/runner/.gradle/caches/modules-2/files-2.1/androidx.vectordrawable/vectordrawable/1.1.0/eac7a364fff534035a2a6cb17770a1288315f69f/vectordrawable-1.1.0.aar because:
  Build cache is disabled
Skipping AarToClassTransform: /home/runner/.gradle/caches/modules-2/files-2.1/androidx.vectordrawable/vectordrawable/1.1.0/eac7a364fff534035a2a6cb17770a1288315f69f/vectordrawable-1.1.0.aar as it is up-to-date.
Caching disabled for AarToClassTransform: /home/runner/.gradle/caches/modules-2/files-2.1/androidx.customview/customview/1.1.0/a030aaf64c5419a89f7d91a33755c4629a43471/customview-1.1.0.aar because:
  Build cache is disabled
Skipping AarToClassTransform: /home/runner/.gradle/caches/modules-2/files-2.1/androidx.customview/customview/1.1.0/a030aaf64c5419a89f7d91a33755c4629a43471/customview-1.1.0.aar as it is up-to-date.
Caching disabled for AarToClassTransform: /home/runner/.gradle/caches/modules-2/files-2.1/androidx.viewpager/viewpager/1.0.0/1f90e13820f96c2fb868f9674079a551678d68b2/viewpager-1.0.0.aar because:
  Build cache is disabled
Skipping AarToClassTransform: /home/runner/.gradle/caches/modules-2/files-2.1/androidx.viewpager/viewpager/1.0.0/1f90e13820f96c2fb868f9674079a551678d68b2/viewpager-1.0.0.aar as it is up-to-date.
Caching disabled for AarToClassTransform: /home/runner/.gradle/caches/modules-2/files-2.1/androidx.loader/loader/1.0.0/8af8b6cec0da85c207d03e15840e0722cbc71e70/loader-1.0.0.aar because:
  Build cache is disabled
Skipping AarToClassTransform: /home/runner/.gradle/caches/modules-2/files-2.1/androidx.loader/loader/1.0.0/8af8b6cec0da85c207d03e15840e0722cbc71e70/loader-1.0.0.aar as it is up-to-date.
Caching disabled for AarToClassTransform: /home/runner/.gradle/caches/modules-2/files-2.1/androidx.legacy/legacy-support-core-utils/1.0.0/9b9570042115da8629519090dfeb71df75da59fc/legacy-support-core-utils-1.0.0.aar because:
  Build cache is disabled
Skipping AarToClassTransform: /home/runner/.gradle/caches/modules-2/files-2.1/androidx.legacy/legacy-support-core-utils/1.0.0/9b9570042115da8629519090dfeb71df75da59fc/legacy-support-core-utils-1.0.0.aar as it is up-to-date.
Caching disabled for AarToClassTransform: /home/runner/.gradle/caches/modules-2/files-2.1/androidx.lifecycle/lifecycle-livedata-core/2.6.2/23f66885a260f0a2cd6540927ea8795484afd2da/lifecycle-livedata-core-2.6.2.aar because:
  Build cache is disabled
Skipping AarToClassTransform: /home/runner/.gradle/caches/modules-2/files-2.1/androidx.lifecycle/lifecycle-livedata-core/2.6.2/23f66885a260f0a2cd6540927ea8795484afd2da/lifecycle-livedata-core-2.6.2.aar as it is up-to-date.
Caching disabled for AarToClassTransform: /home/runner/.gradle/caches/modules-2/files-2.1/androidx.lifecycle/lifecycle-livedata/2.6.2/e7f6d9e232bf035af69c030917c1ccda8e840b57/lifecycle-livedata-2.6.2.aar because:
  Build cache is disabled
Skipping AarToClassTransform: /home/runner/.gradle/caches/modules-2/files-2.1/androidx.lifecycle/lifecycle-livedata/2.6.2/e7f6d9e232bf035af69c030917c1ccda8e840b57/lifecycle-livedata-2.6.2.aar as it is up-to-date.
Caching disabled for AarToClassTransform: /home/runner/.gradle/caches/modules-2/files-2.1/androidx.lifecycle/lifecycle-viewmodel/2.6.2/fa35bfdbbe0e7df1573e377cbdd15de35176141d/lifecycle-viewmodel-2.6.2.aar because:
  Build cache is disabled
Skipping AarToClassTransform: /home/runner/.gradle/caches/modules-2/files-2.1/androidx.lifecycle/lifecycle-viewmodel/2.6.2/fa35bfdbbe0e7df1573e377cbdd15de35176141d/lifecycle-viewmodel-2.6.2.aar as it is up-to-date.
Caching disabled for AarToClassTransform: /home/runner/.gradle/caches/transforms-3/8a2218b8f256d0c7ace53ed16049bee0/transformed/jetified-lifecycle-viewmodel-savedstate-2.6.2.aar because:
  Build cache is disabled
Skipping AarToClassTransform: /home/runner/.gradle/caches/transforms-3/8a2218b8f256d0c7ace53ed16049bee0/transformed/jetified-lifecycle-viewmodel-savedstate-2.6.2.aar as it is up-to-date.
Caching disabled for AarToClassTransform: /home/runner/.gradle/caches/modules-2/files-2.1/androidx.lifecycle/lifecycle-runtime/2.6.2/f0ef27053faa89b3ec06c4f118cea0a15edde35b/lifecycle-runtime-2.6.2.aar because:
  Build cache is disabled
Skipping AarToClassTransform: /home/runner/.gradle/caches/modules-2/files-2.1/androidx.lifecycle/lifecycle-runtime/2.6.2/f0ef27053faa89b3ec06c4f118cea0a15edde35b/lifecycle-runtime-2.6.2.aar as it is up-to-date.
Caching disabled for AarToClassTransform: /home/runner/.gradle/caches/modules-2/files-2.1/androidx.core/core/1.13.1/4606d420282fe1e5c8d5c4e647ec188e1045b7be/core-1.13.1.aar because:
  Build cache is disabled
Skipping AarToClassTransform: /home/runner/.gradle/caches/modules-2/files-2.1/androidx.core/core/1.13.1/4606d420282fe1e5c8d5c4e647ec188e1045b7be/core-1.13.1.aar as it is up-to-date.
Caching disabled for AarToClassTransform: /home/runner/.gradle/caches/transforms-3/8b5c7db4b6f37381ff94649c6a70a87f/transformed/jetified-core-ktx-1.13.1.aar because:
  Build cache is disabled
Skipping AarToClassTransform: /home/runner/.gradle/caches/transforms-3/8b5c7db4b6f37381ff94649c6a70a87f/transformed/jetified-core-ktx-1.13.1.aar as it is up-to-date.
Caching disabled for AarToClassTransform: /home/runner/.gradle/caches/modules-2/files-2.1/androidx.cursoradapter/cursoradapter/1.0.0/74014983a86b83cbce534dec4e7aa9312f5f5d82/cursoradapter-1.0.0.aar because:
  Build cache is disabled
Skipping AarToClassTransform: /home/runner/.gradle/caches/modules-2/files-2.1/androidx.cursoradapter/cursoradapter/1.0.0/74014983a86b83cbce534dec4e7aa9312f5f5d82/cursoradapter-1.0.0.aar as it is up-to-date.
Caching disabled for AarToClassTransform: /home/runner/.gradle/caches/transforms-3/06882ff7d33453d3f89a91be1706e6a8/transformed/jetified-savedstate-1.2.1.aar because:
  Build cache is disabled
Skipping AarToClassTransform: /home/runner/.gradle/caches/transforms-3/06882ff7d33453d3f89a91be1706e6a8/transformed/jetified-savedstate-1.2.1.aar as it is up-to-date.
Caching disabled for AarToClassTransform: /home/runner/.gradle/caches/modules-2/files-2.1/androidx.versionedparcelable/versionedparcelable/1.1.1/18e18071e7715679e0593c570217edeb5ca48b9e/versionedparcelable-1.1.1.aar because:
  Build cache is disabled
Skipping AarToClassTransform: /home/runner/.gradle/caches/modules-2/files-2.1/androidx.versionedparcelable/versionedparcelable/1.1.1/18e18071e7715679e0593c570217edeb5ca48b9e/versionedparcelable-1.1.1.aar as it is up-to-date.
Caching disabled for AarToClassTransform: /home/runner/.gradle/caches/modules-2/files-2.1/androidx.arch.core/core-runtime/2.2.0/39705982680d78556b679ef9d5400d4f17509b0b/core-runtime-2.2.0.aar because:
  Build cache is disabled
Skipping AarToClassTransform: /home/runner/.gradle/caches/modules-2/files-2.1/androidx.arch.core/core-runtime/2.2.0/39705982680d78556b679ef9d5400d4f17509b0b/core-runtime-2.2.0.aar as it is up-to-date.
Caching disabled for AarToClassTransform: /home/runner/.gradle/caches/modules-2/files-2.1/androidx.interpolator/interpolator/1.0.0/8a01fa254a23b9388571eb6334b03707c7d122d7/interpolator-1.0.0.aar because:
  Build cache is disabled
Skipping AarToClassTransform: /home/runner/.gradle/caches/modules-2/files-2.1/androidx.interpolator/interpolator/1.0.0/8a01fa254a23b9388571eb6334b03707c7d122d7/interpolator-1.0.0.aar as it is up-to-date.
Caching disabled for AarToClassTransform: /home/runner/.gradle/caches/modules-2/files-2.1/androidx.documentfile/documentfile/1.0.0/66104345c90cd8c2fd5ad2d3aad692b280e10c32/documentfile-1.0.0.aar because:
  Build cache is disabled
Skipping AarToClassTransform: /home/runner/.gradle/caches/modules-2/files-2.1/androidx.documentfile/documentfile/1.0.0/66104345c90cd8c2fd5ad2d3aad692b280e10c32/documentfile-1.0.0.aar as it is up-to-date.
Caching disabled for AarToClassTransform: /home/runner/.gradle/caches/modules-2/files-2.1/androidx.localbroadcastmanager/localbroadcastmanager/1.0.0/2734f31c8321e83ce6b60570d14777fc33cc2ece/localbroadcastmanager-1.0.0.aar because:
  Build cache is disabled
Skipping AarToClassTransform: /home/runner/.gradle/caches/modules-2/files-2.1/androidx.localbroadcastmanager/localbroadcastmanager/1.0.0/2734f31c8321e83ce6b60570d14777fc33cc2ece/localbroadcastmanager-1.0.0.aar as it is up-to-date.
Caching disabled for AarToClassTransform: /home/runner/.gradle/caches/modules-2/files-2.1/androidx.print/print/1.0.0/7722094652c48ebe27acc94d74a55e759e4635ff/print-1.0.0.aar because:
  Build cache is disabled
Skipping AarToClassTransform: /home/runner/.gradle/caches/modules-2/files-2.1/androidx.print/print/1.0.0/7722094652c48ebe27acc94d74a55e759e4635ff/print-1.0.0.aar as it is up-to-date.
Caching disabled for AarToClassTransform: /home/runner/.gradle/caches/transforms-3/20f3991a8e1fcfbb5ccbe4a4e0ad9de0/transformed/jetified-annotation-experimental-1.4.0.aar because:
  Build cache is disabled
Skipping AarToClassTransform: /home/runner/.gradle/caches/transforms-3/20f3991a8e1fcfbb5ccbe4a4e0ad9de0/transformed/jetified-annotation-experimental-1.4.0.aar as it is up-to-date.
Caching disabled for AarToClassTransform: /home/runner/.gradle/caches/modules-2/files-2.1/androidx.constraintlayout/constraintlayout/2.1.4/b7ad5eca28aa9e7c4ea1a7e256c7ee4401a031f/constraintlayout-2.1.4.aar because:
  Build cache is disabled
Skipping AarToClassTransform: /home/runner/.gradle/caches/modules-2/files-2.1/androidx.constraintlayout/constraintlayout/2.1.4/b7ad5eca28aa9e7c4ea1a7e256c7ee4401a031f/constraintlayout-2.1.4.aar as it is up-to-date.
Caching disabled for AarToClassTransform: /home/runner/.gradle/caches/modules-2/files-2.1/com.google.android.material/material/1.12.0/e493b7ac7fc4b8ca48527e0199f9961652711ac3/material-1.12.0.aar because:
  Build cache is disabled
Skipping AarToClassTransform: /home/runner/.gradle/caches/modules-2/files-2.1/com.google.android.material/material/1.12.0/e493b7ac7fc4b8ca48527e0199f9961652711ac3/material-1.12.0.aar as it is up-to-date.
Caching disabled for AarToClassTransform: /home/runner/.gradle/caches/transforms-3/cf80ca892b307c78808b4c11ccfac93f/transformed/jetified-appcompat-resources-1.7.0.aar because:
  Build cache is disabled
Skipping AarToClassTransform: /home/runner/.gradle/caches/transforms-3/cf80ca892b307c78808b4c11ccfac93f/transformed/jetified-appcompat-resources-1.7.0.aar as it is up-to-date.
Transforming core-for-system-modules.jar with JdkImageTransform
Caching disabled for JdkImageTransform: /usr/local/lib/android/sdk/platforms/android-34/core-for-system-modules.jar because:
  Build cache is disabled
Skipping JdkImageTransform: /usr/local/lib/android/sdk/platforms/android-34/core-for-system-modules.jar as it is up-to-date.
Transforming core-for-system-modules.jar with JdkImageTransform
Transforming core-for-system-modules.jar with JdkImageTransform
Transforming core-for-system-modules.jar with JdkImageTransform
Transforming core-for-system-modules.jar with JdkImageTransform
Transforming core-for-system-modules.jar with JdkImageTransform
Caching disabled for task ':app:compileDebugJavaWithJavac' because:
  Build cache is disabled
Task ':app:compileDebugJavaWithJavac' is not up-to-date because:
  No history is available.
The input changes require a full rebuild for incremental task ':app:compileDebugJavaWithJavac'.
Watching 198 directories to track changes
Watching 197 directories to track changes
Watching 196 directories to track changes
Transforming core-for-system-modules.jar with JdkImageTransform
Full recompilation is required because no incremental change information is available. This is usually caused by clean builds or changing compiler arguments.
Compiling with toolchain '/usr/lib/jvm/temurin-17-jdk-amd64'.
file or directory '/home/runner/work/vcg-lang/vcg-lang/editor/android/app/src/debug/java', not found
Compiling with JDK Java compiler API.
/home/runner/work/vcg-lang/vcg-lang/editor/android/app/src/main/java/com/syrianvcg/editor/VcgInterpreter.java:42: error: ';' expected
            "    _out.innerHTML='<span class=\\"empty\\">No output</span>';\n" +
                                                ^
/home/runner/work/vcg-lang/vcg-lang/editor/android/app/src/main/java/com/syrianvcg/editor/VcgInterpreter.java:42: error: illegal character: '\'
            "    _out.innerHTML='<span class=\\"empty\\">No output</span>';\n" +
                                                     ^
/home/runner/work/vcg-lang/vcg-lang/editor/android/app/src/main/java/com/syrianvcg/editor/VcgInterpreter.java:42: error: illegal character: '\'
            "    _out.innerHTML='<span class=\\"empty\\">No output</span>';\n" +
                                                      ^
3 errors
Watching 197 directories to track changes
Watching 198 directories to track changes
Watching 199 directories to track changes

> Task :app:mergeExtDexDebug
Watching 200 directories to track changes
AAPT2 aapt2-8.2.2-10154469-linux Daemon #0: shutdown

FAILURE: Build failed with an exception.

* What went wrong:
Execution failed for task ':app:compileDebugJavaWithJavac'.
> Compilation failed; see the compiler error output for details.

* Try:
> Run with --scan to get full insights.

BUILD FAILED in 31s
24 actionable tasks: 24 executed
